0000000100000000
1110110000010000
0000000000000000
1110001100001000
0000000000101110
1110110000010000
0000000000000000
1111110111101000
1110110010100000
1110001100001000
0000000000000001
1111110000010000
0000000000000000
1111110111101000
1110110010100000
1110001100001000
0000000000000010
1111110000010000
0000000000000000
1111110111101000
1110110010100000
1110001100001000
0000000000000011
1111110000010000
0000000000000000
1111110111101000
1110110010100000
1110001100001000
0000000000000100
1111110000010000
0000000000000000
1111110111101000
1110110010100000
1110001100001000
0000000000000000
1111110000010000
0000000000000101
1110010011010000
0000000000000010
1110001100001000
0000000000000000
1111110000010000
0000000000000001
1110001100001000
0111010011000111
1110101010000111
0000000000000000
1111110000100000
1110101010001000
1110110111100000
1110110000010000
0000000000000000
1110001100001000
0000000000000010
1111110000100000
1111110000010000
0000000000000000
1111110111101000
1110110010100000
1110001100001000
0000000001100110
1110110000010000
0000000000000000
1111110111101000
1110110010100000
1110001100001000
0000000000000001
1111110000010000
0000000000000000
1111110111101000
1110110010100000
1110001100001000
0000000000000010
1111110000010000
0000000000000000
1111110111101000
1110110010100000
1110001100001000
0000000000000011
1111110000010000
0000000000000000
1111110111101000
1110110010100000
1110001100001000
0000000000000100
1111110000010000
0000000000000000
1111110111101000
1110110010100000
1110001100001000
0000000000000000
1111110000010000
0000000000000110
1110010011010000
0000000000000010
1110001100001000
0000000000000000
1111110000010000
0000000000000001
1110001100001000
0010010010100010
1110101010000111
0000000000000000
1111110010101000
1111110000010000
0000000000000001
1111110000100000
1110001100001000
0000000000000001
1111110000100000
1111110000010000
0000000000000000
1111110111101000
1110110010100000
1110001100001000
0000000000000001
1111110000010000
0000000000001101
1110001100001000
0000000000000101
1110010011100000
1111110000010000
0000000000001110
1110001100001000
0000000000000000
1111110010101000
1111110000010000
0000000000000010
1111110000100000
1110001100001000
0000000000000010
1111110111010000
0000000000000000
1110001100001000
0000000000001101
1111110000010000
0000000000000001
1110010011100000
1111110000010000
0000000000000100
1110001100001000
0000000000001101
1111110000010000
0000000000000010
1110010011100000
1111110000010000
0000000000000011
1110001100001000
0000000000001101
1111110000010000
0000000000000011
1110010011100000
1111110000010000
0000000000000010
1110001100001000
0000000000001101
1111110000010000
0000000000000100
1110010011100000
1111110000010000
0000000000000001
1110001100001000
0000000000001110
1111110000100000
1110101010000111
0000000000000010
1111110000100000
1111110000010000
0000000000000000
1111110111101000
1110110010100000
1110001100001000
0000000000000000
1111110010101000
1111110000010000
0000000000000011
1110001100001000
0000000000000011
1111110000010000
0000000000000000
1111110111101000
1110110010100000
1110001100001000
0000000011100001
1110110000010000
0000000000000000
1111110111101000
1110110010100000
1110001100001000
0000000000000001
1111110000010000
0000000000000000
1111110111101000
1110110010100000
1110001100001000
0000000000000010
1111110000010000
0000000000000000
1111110111101000
1110110010100000
1110001100001000
0000000000000011
1111110000010000
0000000000000000
1111110111101000
1110110010100000
1110001100001000
0000000000000100
1111110000010000
0000000000000000
1111110111101000
1110110010100000
1110001100001000
0000000000000000
1111110000010000
0000000000000110
1110010011010000
0000000000000010
1110001100001000
0000000000000000
1111110000010000
0000000000000001
1110001100001000
0010100001101110
1110101010000111
0000000000000000
1111110010101000
1111110000010000
0000000000000101
1110001100001000
0000000000000000
1110110000010000
0000000000000000
1111110111101000
1110110010100000
1110001100001000
0000000000000001
1111110000010000
0000000000001101
1110001100001000
0000000000000101
1110010011100000
1111110000010000
0000000000001110
1110001100001000
0000000000000000
1111110010101000
1111110000010000
0000000000000010
1111110000100000
1110001100001000
0000000000000010
1111110111010000
0000000000000000
1110001100001000
0000000000001101
1111110000010000
0000000000000001
1110010011100000
1111110000010000
0000000000000100
1110001100001000
0000000000001101
1111110000010000
0000000000000010
1110010011100000
1111110000010000
0000000000000011
1110001100001000
0000000000001101
1111110000010000
0000000000000011
1110010011100000
1111110000010000
0000000000000010
1110001100001000
0000000000001101
1111110000010000
0000000000000100
1110010011100000
1111110000010000
0000000000000001
1110001100001000
0000000000001110
1111110000100000
1110101010000111
0000000000000101
1110110000010000
0000000000000000
1111110111101000
1110110010100000
1110001100001000
0000000101001110
1110110000010000
0000000000000000
1111110111101000
1110110010100000
1110001100001000
0000000000000001
1111110000010000
0000000000000000
1111110111101000
1110110010100000
1110001100001000
0000000000000010
1111110000010000
0000000000000000
1111110111101000
1110110010100000
1110001100001000
0000000000000011
1111110000010000
0000000000000000
1111110111101000
1110110010100000
1110001100001000
0000000000000100
1111110000010000
0000000000000000
1111110111101000
1110110010100000
1110001100001000
0000000000000000
1111110000010000
0000000000000110
1110010011010000
0000000000000010
1110001100001000
0000000000000000
1111110000010000
0000000000000001
1110001100001000
0010010010100010
1110101010000111
0000000000000000
1111110010101000
1111110000010000
0000000000000011
1110001100001000
0000000000000010
1111110000100000
1111110000010000
0000000000000000
1111110111101000
1110110010100000
1110001100001000
0000000000000000
1111110010101000
1111110000010000
0000000000000011
1111110000100000
1110001100001000
0000000000000010
1111110111100000
1111110000010000
0000000000000000
1111110111101000
1110110010100000
1110001100001000
0000000000000000
1111110010101000
1111110000010000
0000000000000011
1111110111100000
1110001100001000
0000000000000010
1110110000010000
0000000000000000
1111110111101000
1110110010100000
1110001100001000
0000000000000100
1110110000010000
0000000000000011
1111000010010000
0000000000001101
1110001100001000
0000000000000000
1111110010101000
1111110000010000
0000000000001101
1111110000100000
1110001100001000
0000000000000010
1110110000010000
0000000000000000
1111110111101000
1110110010100000
1110001100001000
0000000000000010
1110110000010000
0000000000000011
1111000010010000
0000000000001101
1110001100001000
0000000000000000
1111110010101000
1111110000010000
0000000000001101
1111110000100000
1110001100001000
0000000000000010
1110110000010000
0000000000000000
1111110111101000
1110110010100000
1110001100001000
0000000000000000
1111110010100000
1111110011001000
0000000000000011
1110110000010000
0000000000000011
1111000010010000
0000000000001101
1110001100001000
0000000000000000
1111110010101000
1111110000010000
0000000000001101
1111110000100000
1110001100001000
0000000000000011
1111110000010000
0000000000000000
1111110111101000
1110110010100000
1110001100001000
0000000111010110
1110110000010000
0000000000000000
1111110111101000
1110110010100000
1110001100001000
0000000000000001
1111110000010000
0000000000000000
1111110111101000
1110110010100000
1110001100001000
0000000000000010
1111110000010000
0000000000000000
1111110111101000
1110110010100000
1110001100001000
0000000000000011
1111110000010000
0000000000000000
1111110111101000
1110110010100000
1110001100001000
0000000000000100
1111110000010000
0000000000000000
1111110111101000
1110110010100000
1110001100001000
0000000000000000
1111110000010000
0000000000000110
1110010011010000
0000000000000010
1110001100001000
0000000000000000
1111110000010000
0000000000000001
1110001100001000
0000001010011101
1110101010000111
0000000000000000
1111110010101000
1111110000010000
0000000000000101
1110001100001000
0000000000000011
1111110000010000
0000000000000000
1111110111101000
1110110010100000
1110001100001000
0000000000000001
1111110000010000
0000000000001101
1110001100001000
0000000000000101
1110010011100000
1111110000010000
0000000000001110
1110001100001000
0000000000000000
1111110010101000
1111110000010000
0000000000000010
1111110000100000
1110001100001000
0000000000000010
1111110111010000
0000000000000000
1110001100001000
0000000000001101
1111110000010000
0000000000000001
1110010011100000
1111110000010000
0000000000000100
1110001100001000
0000000000001101
1111110000010000
0000000000000010
1110010011100000
1111110000010000
0000000000000011
1110001100001000
0000000000001101
1111110000010000
0000000000000011
1110010011100000
1111110000010000
0000000000000010
1110001100001000
0000000000001101
1111110000010000
0000000000000100
1110010011100000
1111110000010000
0000000000000001
1110001100001000
0000000000001110
1111110000100000
1110101010000111
0000000000000010
1111110000100000
1111110000010000
0000000000000000
1111110111101000
1110110010100000
1110001100001000
0000000000000000
1111110010101000
1111110000010000
0000000000000011
1110001100001000
0000000000000011
1111110000100000
1111110000010000
0000000000000000
1111110111101000
1110110010100000
1110001100001000
0000000000000011
1111110111100000
1111110000010000
0000000000000000
1111110111101000
1110110010100000
1110001100001000
0000000000000100
1110110000010000
0000000000000011
1111000010100000
1111110000010000
0000000000000000
1111110111101000
1110110010100000
1110001100001000
0000001001100000
1110110000010000
0000000000000000
1111110111101000
1110110010100000
1110001100001000
0000000000000001
1111110000010000
0000000000000000
1111110111101000
1110110010100000
1110001100001000
0000000000000010
1111110000010000
0000000000000000
1111110111101000
1110110010100000
1110001100001000
0000000000000011
1111110000010000
0000000000000000
1111110111101000
1110110010100000
1110001100001000
0000000000000100
1111110000010000
0000000000000000
1111110111101000
1110110010100000
1110001100001000
0000000000000000
1111110000010000
0000000000001000
1110010011010000
0000000000000010
1110001100001000
0000000000000000
1111110000010000
0000000000000001
1110001100001000
0110100000100010
1110101010000111
0000000000000000
1111110010101000
1111110000010000
0000000000000101
1110001100001000
0000000000000000
1110110000010000
0000000000000000
1111110111101000
1110110010100000
1110001100001000
0000000000000001
1111110000010000
0000000000001101
1110001100001000
0000000000000101
1110010011100000
1111110000010000
0000000000001110
1110001100001000
0000000000000000
1111110010101000
1111110000010000
0000000000000010
1111110000100000
1110001100001000
0000000000000010
1111110111010000
0000000000000000
1110001100001000
0000000000001101
1111110000010000
0000000000000001
1110010011100000
1111110000010000
0000000000000100
1110001100001000
0000000000001101
1111110000010000
0000000000000010
1110010011100000
1111110000010000
0000000000000011
1110001100001000
0000000000001101
1111110000010000
0000000000000011
1110010011100000
1111110000010000
0000000000000010
1110001100001000
0000000000001101
1111110000010000
0000000000000100
1110010011100000
1111110000010000
0000000000000001
1110001100001000
0000000000001110
1111110000100000
1110101010000111
0000000000000010
1111110000100000
1111110000010000
0000000000000000
1111110111101000
1110110010100000
1110001100001000
0000000000000000
1111110010101000
1111110000010000
0000000000000011
1110001100001000
0000000000000000
1110110000010000
0000000000000000
1111110111101000
1110110010100000
1110001100001000
0000000000000000
1111110010100000
1111110001001000
0000001011011100
1110110000010000
0000000000000000
1111110111101000
1110110010100000
1110001100001000
0000000000000001
1111110000010000
0000000000000000
1111110111101000
1110110010100000
1110001100001000
0000000000000010
1111110000010000
0000000000000000
1111110111101000
1110110010100000
1110001100001000
0000000000000011
1111110000010000
0000000000000000
1111110111101000
1110110010100000
1110001100001000
0000000000000100
1111110000010000
0000000000000000
1111110111101000
1110110010100000
1110001100001000
0000000000000000
1111110000010000
0000000000000110
1110010011010000
0000000000000010
1110001100001000
0000000000000000
1111110000010000
0000000000000001
1110001100001000
0101010000110110
1110101010000111
0000000000000000
1111110010101000
1111110000010000
0000000000000101
1110001100001000
0000000000000011
1111110000010000
0000000000000000
1111110111101000
1110110010100000
1110001100001000
0000001100010001
1110110000010000
0000000000000000
1111110111101000
1110110010100000
1110001100001000
0000000000000001
1111110000010000
0000000000000000
1111110111101000
1110110010100000
1110001100001000
0000000000000010
1111110000010000
0000000000000000
1111110111101000
1110110010100000
1110001100001000
0000000000000011
1111110000010000
0000000000000000
1111110111101000
1110110010100000
1110001100001000
0000000000000100
1111110000010000
0000000000000000
1111110111101000
1110110010100000
1110001100001000
0000000000000000
1111110000010000
0000000000000110
1110010011010000
0000000000000010
1110001100001000
0000000000000000
1111110000010000
0000000000000001
1110001100001000
0000001000010011
1110101010000111
0000000000000000
1111110010101000
1111110000010000
0000000000000101
1110001100001000
0000000000000000
1110110000010000
0000000000000000
1111110111101000
1110110010100000
1110001100001000
0000000000000001
1111110000010000
0000000000001101
1110001100001000
0000000000000101
1110010011100000
1111110000010000
0000000000001110
1110001100001000
0000000000000000
1111110010101000
1111110000010000
0000000000000010
1111110000100000
1110001100001000
0000000000000010
1111110111010000
0000000000000000
1110001100001000
0000000000001101
1111110000010000
0000000000000001
1110010011100000
1111110000010000
0000000000000100
1110001100001000
0000000000001101
1111110000010000
0000000000000010
1110010011100000
1111110000010000
0000000000000011
1110001100001000
0000000000001101
1111110000010000
0000000000000011
1110010011100000
1111110000010000
0000000000000010
1110001100001000
0000000000001101
1111110000010000
0000000000000100
1110010011100000
1111110000010000
0000000000000001
1110001100001000
0000000000001110
1111110000100000
1110101010000111
0000000000000010
1111110000100000
1111110000010000
0000000000000000
1111110111101000
1110110010100000
1110001100001000
0000000000000000
1111110010101000
1111110000010000
0000000000000011
1110001100001000
0000000000000000
1110110000010000
0000000000000000
1111110111101000
1110110010100000
1110001100001000
0000001110001010
1110110000010000
0000000000000000
1111110111101000
1110110010100000
1110001100001000
0000000000000001
1111110000010000
0000000000000000
1111110111101000
1110110010100000
1110001100001000
0000000000000010
1111110000010000
0000000000000000
1111110111101000
1110110010100000
1110001100001000
0000000000000011
1111110000010000
0000000000000000
1111110111101000
1110110010100000
1110001100001000
0000000000000100
1111110000010000
0000000000000000
1111110111101000
1110110010100000
1110001100001000
0000000000000000
1111110000010000
0000000000000110
1110010011010000
0000000000000010
1110001100001000
0000000000000000
1111110000010000
0000000000000001
1110001100001000
0101010000110110
1110101010000111
0000000000000000
1111110010101000
1111110000010000
0000000000000101
1110001100001000
0000000000000011
1111110000010000
0000000000000000
1111110111101000
1110110010100000
1110001100001000
0000001110111111
1110110000010000
0000000000000000
1111110111101000
1110110010100000
1110001100001000
0000000000000001
1111110000010000
0000000000000000
1111110111101000
1110110010100000
1110001100001000
0000000000000010
1111110000010000
0000000000000000
1111110111101000
1110110010100000
1110001100001000
0000000000000011
1111110000010000
0000000000000000
1111110111101000
1110110010100000
1110001100001000
0000000000000100
1111110000010000
0000000000000000
1111110111101000
1110110010100000
1110001100001000
0000000000000000
1111110000010000
0000000000000110
1110010011010000
0000000000000010
1110001100001000
0000000000000000
1111110000010000
0000000000000001
1110001100001000
0000001000010011
1110101010000111
0000000000000000
1111110010101000
1111110000010000
0000000000000101
1110001100001000
0000000000000000
1110110000010000
0000000000000000
1111110111101000
1110110010100000
1110001100001000
0000000000000001
1111110000010000
0000000000001101
1110001100001000
0000000000000101
1110010011100000
1111110000010000
0000000000001110
1110001100001000
0000000000000000
1111110010101000
1111110000010000
0000000000000010
1111110000100000
1110001100001000
0000000000000010
1111110111010000
0000000000000000
1110001100001000
0000000000001101
1111110000010000
0000000000000001
1110010011100000
1111110000010000
0000000000000100
1110001100001000
0000000000001101
1111110000010000
0000000000000010
1110010011100000
1111110000010000
0000000000000011
1110001100001000
0000000000001101
1111110000010000
0000000000000011
1110010011100000
1111110000010000
0000000000000010
1110001100001000
0000000000001101
1111110000010000
0000000000000100
1110010011100000
1111110000010000
0000000000000001
1110001100001000
0000000000001110
1111110000100000
1110101010000111
0000000000000010
1111110000100000
1111110000010000
0000000000000000
1111110111101000
1110110010100000
1110001100001000
0000000000000000
1111110010101000
1111110000010000
0000000000000011
1110001100001000
0000000000000011
1111110000010000
0000000000000000
1111110111101000
1110110010100000
1110001100001000
0000010000111000
1110110000010000
0000000000000000
1111110111101000
1110110010100000
1110001100001000
0000000000000001
1111110000010000
0000000000000000
1111110111101000
1110110010100000
1110001100001000
0000000000000010
1111110000010000
0000000000000000
1111110111101000
1110110010100000
1110001100001000
0000000000000011
1111110000010000
0000000000000000
1111110111101000
1110110010100000
1110001100001000
0000000000000100
1111110000010000
0000000000000000
1111110111101000
1110110010100000
1110001100001000
0000000000000000
1111110000010000
0000000000000110
1110010011010000
0000000000000010
1110001100001000
0000000000000000
1111110000010000
0000000000000001
1110001100001000
0010100001101110
1110101010000111
0000000000000000
1111110010101000
1111110000010000
0000000000000101
1110001100001000
0000000000000000
1110110000010000
0000000000000000
1111110111101000
1110110010100000
1110001100001000
0000000000000001
1111110000010000
0000000000001101
1110001100001000
0000000000000101
1110010011100000
1111110000010000
0000000000001110
1110001100001000
0000000000000000
1111110010101000
1111110000010000
0000000000000010
1111110000100000
1110001100001000
0000000000000010
1111110111010000
0000000000000000
1110001100001000
0000000000001101
1111110000010000
0000000000000001
1110010011100000
1111110000010000
0000000000000100
1110001100001000
0000000000001101
1111110000010000
0000000000000010
1110010011100000
1111110000010000
0000000000000011
1110001100001000
0000000000001101
1111110000010000
0000000000000011
1110010011100000
1111110000010000
0000000000000010
1110001100001000
0000000000001101
1111110000010000
0000000000000100
1110010011100000
1111110000010000
0000000000000001
1110001100001000
0000000000001110
1111110000100000
1110101010000111
0000000000000010
1111110000100000
1111110000010000
0000000000000000
1111110111101000
1110110010100000
1110001100001000
0000000000000000
1111110010101000
1111110000010000
0000000000000011
1110001100001000
0000000000000011
1111110000100000
1111110000010000
0000000000000000
1111110111101000
1110110010100000
1110001100001000
0000000000000100
1110110000010000
0000000000000000
1111110111101000
1110110010100000
1110001100001000
0000000000000100
1110110000010000
0000000000000011
1111000010100000
1111110000010000
0000000000000000
1111110111101000
1110110010100000
1110001100001000
0000000000000000
1111110010101000
1111110000010000
1110110010100000
1111000010001000
0000000000000000
1111110010101000
1111110000010000
1110110010100000
1111000111010000
0000010010101000
1110001100000100
0000000000000000
1111110010100000
1110101010001000
0000010010101011
1110101010000111
0000000000000000
1111110010100000
1110111010001000
0000000000000000
1111110010100000
1111110001001000
0000000000000000
1111110010101000
1111110000010000
0000010011100111
1110001100000101
0000000000000010
1110110000010000
0000000000000011
1111000010100000
1111110000010000
0000000000000000
1111110111101000
1110110010100000
1110001100001000
0000000000000000
1111110010100000
1111110011001000
0000000000000010
1110110000010000
0000000000000011
1111000010010000
0000000000001101
1110001100001000
0000000000000000
1111110010101000
1111110000010000
0000000000001101
1111110000100000
1110001100001000
0000000000000100
1110110000010000
0000000000000011
1111000010100000
1111110000010000
0000000000000000
1111110111101000
1110110010100000
1110001100001000
0000000000000100
1110110000010000
0000000000000000
1111110111101000
1110110010100000
1110001100001000
0000000000000000
1111110010101000
1111110000010000
1110110010100000
1111000010001000
0000000000000000
1111110010101000
1111110000010000
0000000000000011
1111110000100000
1110001100001000
0000010011100111
1110101010000111
0000000000000011
1111110000100000
1111110000010000
0000000000000000
1111110111101000
1110110010100000
1110001100001000
0000000111111011
1110110000010000
0000000000000000
1111110111101000
1110110010100000
1110001100001000
0000000000000100
1110110000010000
0000000000000011
1111000010100000
1111110000010000
0000000000000000
1111110111101000
1110110010100000
1110001100001000
0000000000000000
1111110010101000
1111110000010000
1110110010100000
1111000111001000
0000000000000000
1111110010101000
1111110000010000
1110110010100000
1111000111010000
0000010100001110
1110001100000001
0000000000000000
1111110010100000
1110101010001000
0000010100010001
1110101010000111
0000000000000000
1111110010100000
1110111010001000
0000000000000000
1111110010100000
1111110001001000
0000000000000000
1111110010101000
1111110000010000
0000010101001101
1110001100000101
0000000000000010
1110110000010000
0000000000000011
1111000010100000
1111110000010000
0000000000000000
1111110111101000
1110110010100000
1110001100001000
0000000000000000
1111110010100000
1111110011001000
0000000000000010
1110110000010000
0000000000000011
1111000010010000
0000000000001101
1110001100001000
0000000000000000
1111110010101000
1111110000010000
0000000000001101
1111110000100000
1110001100001000
0000000111111011
1110110000010000
0000000000000000
1111110111101000
1110110010100000
1110001100001000
0000000000000100
1110110000010000
0000000000000011
1111000010100000
1111110000010000
0000000000000000
1111110111101000
1110110010100000
1110001100001000
0000000000000000
1111110010101000
1111110000010000
1110110010100000
1111000111001000
0000000000000000
1111110010101000
1111110000010000
0000000000000011
1111110000100000
1110001100001000
0000010101001101
1110101010000111
0000000000000011
1111110111100000
1111110000010000
0000000000000000
1111110111101000
1110110010100000
1110001100001000
0000000000000100
1110110000010000
0000000000000011
1111000010100000
1111110000010000
0000000000000000
1111110111101000
1110110010100000
1110001100001000
0000000000000000
1111110010101000
1111110000010000
1110110010100000
1111000111001000
0000000000000100
1110110000010000
0000000000000000
1111110111101000
1110110010100000
1110001100001000
0000000000000000
1111110010101000
1111110000010000
1110110010100000
1111000111010000
0000010101110100
1110001100000100
0000000000000000
1111110010100000
1110101010001000
0000010101110111
1110101010000111
0000000000000000
1111110010100000
1110111010001000
0000000000000000
1111110010100000
1111110001001000
0000000000000000
1111110010101000
1111110000010000
0000010110110011
1110001100000101
0000000000000011
1110110000010000
0000000000000011
1111000010100000
1111110000010000
0000000000000000
1111110111101000
1110110010100000
1110001100001000
0000000000000000
1111110010100000
1111110011001000
0000000000000011
1110110000010000
0000000000000011
1111000010010000
0000000000001101
1110001100001000
0000000000000000
1111110010101000
1111110000010000
0000000000001101
1111110000100000
1110001100001000
0000000000000100
1110110000010000
0000000000000011
1111000010100000
1111110000010000
0000000000000000
1111110111101000
1110110010100000
1110001100001000
0000000000000100
1110110000010000
0000000000000000
1111110111101000
1110110010100000
1110001100001000
0000000000000000
1111110010101000
1111110000010000
1110110010100000
1111000010001000
0000000000000000
1111110010101000
1111110000010000
0000000000000011
1111110111100000
1110001100001000
0000010110110011
1110101010000111
0000000000000011
1111110111100000
1111110000010000
0000000000000000
1111110111101000
1110110010100000
1110001100001000
0000000000000100
1110110000010000
0000000000000011
1111000010100000
1111110000010000
0000000000000000
1111110111101000
1110110010100000
1110001100001000
0000000000000000
1111110010101000
1111110000010000
1110110010100000
1111000010001000
0000000011111001
1110110000010000
0000000000000000
1111110111101000
1110110010100000
1110001100001000
0000000000000000
1111110010101000
1111110000010000
1110110010100000
1111000111010000
0000010111011010
1110001100000001
0000000000000000
1111110010100000
1110101010001000
0000010111011101
1110101010000111
0000000000000000
1111110010100000
1110111010001000
0000000000000000
1111110010100000
1111110001001000
0000000000000000
1111110010101000
1111110000010000
0000011000011001
1110001100000101
0000000000000011
1110110000010000
0000000000000011
1111000010100000
1111110000010000
0000000000000000
1111110111101000
1110110010100000
1110001100001000
0000000000000000
1111110010100000
1111110011001000
0000000000000011
1110110000010000
0000000000000011
1111000010010000
0000000000001101
1110001100001000
0000000000000000
1111110010101000
1111110000010000
0000000000001101
1111110000100000
1110001100001000
0000000011111001
1110110000010000
0000000000000000
1111110111101000
1110110010100000
1110001100001000
0000000000000100
1110110000010000
0000000000000011
1111000010100000
1111110000010000
0000000000000000
1111110111101000
1110110010100000
1110001100001000
0000000000000000
1111110010101000
1111110000010000
1110110010100000
1111000111001000
0000000000000000
1111110010101000
1111110000010000
0000000000000011
1111110111100000
1110001100001000
0000011000011001
1110101010000111
0000000000000000
1110110000010000
0000000000000000
1111110111101000
1110110010100000
1110001100001000
0000000000000001
1111110000010000
0000000000001101
1110001100001000
0000000000000101
1110010011100000
1111110000010000
0000000000001110
1110001100001000
0000000000000000
1111110010101000
1111110000010000
0000000000000010
1111110000100000
1110001100001000
0000000000000010
1111110111010000
0000000000000000
1110001100001000
0000000000001101
1111110000010000
0000000000000001
1110010011100000
1111110000010000
0000000000000100
1110001100001000
0000000000001101
1111110000010000
0000000000000010
1110010011100000
1111110000010000
0000000000000011
1110001100001000
0000000000001101
1111110000010000
0000000000000011
1110010011100000
1111110000010000
0000000000000010
1110001100001000
0000000000001101
1111110000010000
0000000000000100
1110010011100000
1111110000010000
0000000000000001
1110001100001000
0000000000001110
1111110000100000
1110101010000111
0000000000000010
1111110000100000
1111110000010000
0000000000000000
1111110111101000
1110110010100000
1110001100001000
0000000000000000
1111110010101000
1111110000010000
0000000000000011
1110001100001000
0000000000000011
1110110000010000
0000000000000011
1111000010100000
1111110000010000
0000000000000000
1111110111101000
1110110010100000
1110001100001000
0000000000000000
1111110010100000
1111110011001000
0000000000000011
1110110000010000
0000000000000011
1111000010010000
0000000000001101
1110001100001000
0000000000000000
1111110010101000
1111110000010000
0000000000001101
1111110000100000
1110001100001000
0000000000000000
1110110000010000
0000000000000000
1111110111101000
1110110010100000
1110001100001000
0000000000000001
1111110000010000
0000000000001101
1110001100001000
0000000000000101
1110010011100000
1111110000010000
0000000000001110
1110001100001000
0000000000000000
1111110010101000
1111110000010000
0000000000000010
1111110000100000
1110001100001000
0000000000000010
1111110111010000
0000000000000000
1110001100001000
0000000000001101
1111110000010000
0000000000000001
1110010011100000
1111110000010000
0000000000000100
1110001100001000
0000000000001101
1111110000010000
0000000000000010
1110010011100000
1111110000010000
0000000000000011
1110001100001000
0000000000001101
1111110000010000
0000000000000011
1110010011100000
1111110000010000
0000000000000010
1110001100001000
0000000000001101
1111110000010000
0000000000000100
1110010011100000
1111110000010000
0000000000000001
1110001100001000
0000000000001110
1111110000100000
1110101010000111
0000000000000010
1111110000100000
1111110000010000
0000000000000000
1111110111101000
1110110010100000
1110001100001000
0000000000000000
1111110010101000
1111110000010000
0000000000000011
1110001100001000
0000000000000011
1111110111100000
1111110000010000
0000000000000000
1111110111101000
1110110010100000
1110001100001000
0000000000000001
1111110000010000
0000000000001101
1110001100001000
0000000000000101
1110010011100000
1111110000010000
0000000000001110
1110001100001000
0000000000000000
1111110010101000
1111110000010000
0000000000000010
1111110000100000
1110001100001000
0000000000000010
1111110111010000
0000000000000000
1110001100001000
0000000000001101
1111110000010000
0000000000000001
1110010011100000
1111110000010000
0000000000000100
1110001100001000
0000000000001101
1111110000010000
0000000000000010
1110010011100000
1111110000010000
0000000000000011
1110001100001000
0000000000001101
1111110000010000
0000000000000011
1110010011100000
1111110000010000
0000000000000010
1110001100001000
0000000000001101
1111110000010000
0000000000000100
1110010011100000
1111110000010000
0000000000000001
1110001100001000
0000000000001110
1111110000100000
1110101010000111
0000000000000010
1111110000100000
1111110000010000
0000000000000000
1111110111101000
1110110010100000
1110001100001000
0000000000000000
1111110010101000
1111110000010000
0000000000000011
1110001100001000
0000000000000011
1111110000100000
1111110000010000
0000000000000000
1111110111101000
1110110010100000
1110001100001000
0000000000000001
1111110000010000
0000000000001101
1110001100001000
0000000000000101
1110010011100000
1111110000010000
0000000000001110
1110001100001000
0000000000000000
1111110010101000
1111110000010000
0000000000000010
1111110000100000
1110001100001000
0000000000000010
1111110111010000
0000000000000000
1110001100001000
0000000000001101
1111110000010000
0000000000000001
1110010011100000
1111110000010000
0000000000000100
1110001100001000
0000000000001101
1111110000010000
0000000000000010
1110010011100000
1111110000010000
0000000000000011
1110001100001000
0000000000001101
1111110000010000
0000000000000011
1110010011100000
1111110000010000
0000000000000010
1110001100001000
0000000000001101
1111110000010000
0000000000000100
1110010011100000
1111110000010000
0000000000000001
1110001100001000
0000000000001110
1111110000100000
1110101010000111
0000000000000010
1111110000100000
1111110000010000
0000000000000000
1111110111101000
1110110010100000
1110001100001000
0000000000000000
1111110010101000
1111110000010000
0000000000000011
1110001100001000
0000000000000100
1110110000010000
0000000000000011
1111000010100000
1111110000010000
0000000000000000
1111110111101000
1110110010100000
1110001100001000
0000000000000001
1111110000010000
0000000000001101
1110001100001000
0000000000000101
1110010011100000
1111110000010000
0000000000001110
1110001100001000
0000000000000000
1111110010101000
1111110000010000
0000000000000010
1111110000100000
1110001100001000
0000000000000010
1111110111010000
0000000000000000
1110001100001000
0000000000001101
1111110000010000
0000000000000001
1110010011100000
1111110000010000
0000000000000100
1110001100001000
0000000000001101
1111110000010000
0000000000000010
1110010011100000
1111110000010000
0000000000000011
1110001100001000
0000000000001101
1111110000010000
0000000000000011
1110010011100000
1111110000010000
0000000000000010
1110001100001000
0000000000001101
1111110000010000
0000000000000100
1110010011100000
1111110000010000
0000000000000001
1110001100001000
0000000000001110
1111110000100000
1110101010000111
0000000000000010
1111110000100000
1111110000010000
0000000000000000
1111110111101000
1110110010100000
1110001100001000
0000000000000000
1111110010101000
1111110000010000
0000000000000011
1110001100001000
0000000000000011
1111110000010000
0000000000000000
1111110111101000
1110110010100000
1110001100001000
0000011110111010
1110110000010000
0000000000000000
1111110111101000
1110110010100000
1110001100001000
0000000000000001
1111110000010000
0000000000000000
1111110111101000
1110110010100000
1110001100001000
0000000000000010
1111110000010000
0000000000000000
1111110111101000
1110110010100000
1110001100001000
0000000000000011
1111110000010000
0000000000000000
1111110111101000
1110110010100000
1110001100001000
0000000000000100
1111110000010000
0000000000000000
1111110111101000
1110110010100000
1110001100001000
0000000000000000
1111110000010000
0000000000000110
1110010011010000
0000000000000010
1110001100001000
0000000000000000
1111110000010000
0000000000000001
1110001100001000
0000001101001110
1110101010000111
0000000000000000
1111110010101000
1111110000010000
0000000000000101
1110001100001000
0000000000000011
1111110000100000
1111110000010000
0000000000000000
1111110111101000
1110110010100000
1110001100001000
0000000000000010
1110110000010000
0000000000000011
1111000010100000
1111110000010000
0000000000000000
1111110111101000
1110110010100000
1110001100001000
0000000000000000
1111110010101000
1111110000010000
1110110010100000
1111000010001000
0000000000000000
1111110010101000
1111110000010000
0000000000000011
1111110000100000
1110001100001000
0000000000000011
1111110111100000
1111110000010000
0000000000000000
1111110111101000
1110110010100000
1110001100001000
0000000000000011
1110110000010000
0000000000000011
1111000010100000
1111110000010000
0000000000000000
1111110111101000
1110110010100000
1110001100001000
0000000000000000
1111110010101000
1111110000010000
1110110010100000
1111000010001000
0000000000000000
1111110010101000
1111110000010000
0000000000000011
1111110111100000
1110001100001000
0000000000000011
1111110000010000
0000000000000000
1111110111101000
1110110010100000
1110001100001000
0000100000100101
1110110000010000
0000000000000000
1111110111101000
1110110010100000
1110001100001000
0000000000000001
1111110000010000
0000000000000000
1111110111101000
1110110010100000
1110001100001000
0000000000000010
1111110000010000
0000000000000000
1111110111101000
1110110010100000
1110001100001000
0000000000000011
1111110000010000
0000000000000000
1111110111101000
1110110010100000
1110001100001000
0000000000000100
1111110000010000
0000000000000000
1111110111101000
1110110010100000
1110001100001000
0000000000000000
1111110000010000
0000000000000110
1110010011010000
0000000000000010
1110001100001000
0000000000000000
1111110000010000
0000000000000001
1110001100001000
0000010001110101
1110101010000111
0000000000000000
1111110010101000
1111110000010000
0000000000000101
1110001100001000
0000000000000011
1111110000010000
0000000000000000
1111110111101000
1110110010100000
1110001100001000
0000100001011010
1110110000010000
0000000000000000
1111110111101000
1110110010100000
1110001100001000
0000000000000001
1111110000010000
0000000000000000
1111110111101000
1110110010100000
1110001100001000
0000000000000010
1111110000010000
0000000000000000
1111110111101000
1110110010100000
1110001100001000
0000000000000011
1111110000010000
0000000000000000
1111110111101000
1110110010100000
1110001100001000
0000000000000100
1111110000010000
0000000000000000
1111110111101000
1110110010100000
1110001100001000
0000000000000000
1111110000010000
0000000000000110
1110010011010000
0000000000000010
1110001100001000
0000000000000000
1111110000010000
0000000000000001
1110001100001000
0000001010011101
1110101010000111
0000000000000000
1111110010101000
1111110000010000
0000000000000101
1110001100001000
0000000000000000
1110110000010000
0000000000000000
1111110111101000
1110110010100000
1110001100001000
0000000000000001
1111110000010000
0000000000001101
1110001100001000
0000000000000101
1110010011100000
1111110000010000
0000000000001110
1110001100001000
0000000000000000
1111110010101000
1111110000010000
0000000000000010
1111110000100000
1110001100001000
0000000000000010
1111110111010000
0000000000000000
1110001100001000
0000000000001101
1111110000010000
0000000000000001
1110010011100000
1111110000010000
0000000000000100
1110001100001000
0000000000001101
1111110000010000
0000000000000010
1110010011100000
1111110000010000
0000000000000011
1110001100001000
0000000000001101
1111110000010000
0000000000000011
1110010011100000
1111110000010000
0000000000000010
1110001100001000
0000000000001101
1111110000010000
0000000000000100
1110010011100000
1111110000010000
0000000000000001
1110001100001000
0000000000001110
1111110000100000
1110101010000111
0000000000000000
1110110000010000
0000000000000000
1111110111101000
1110110010100000
1110001100001000
0000000000000001
1111110000010000
0000000000001101
1110001100001000
0000000000000101
1110010011100000
1111110000010000
0000000000001110
1110001100001000
0000000000000000
1111110010101000
1111110000010000
0000000000000010
1111110000100000
1110001100001000
0000000000000010
1111110111010000
0000000000000000
1110001100001000
0000000000001101
1111110000010000
0000000000000001
1110010011100000
1111110000010000
0000000000000100
1110001100001000
0000000000001101
1111110000010000
0000000000000010
1110010011100000
1111110000010000
0000000000000011
1110001100001000
0000000000001101
1111110000010000
0000000000000011
1110010011100000
1111110000010000
0000000000000010
1110001100001000
0000000000001101
1111110000010000
0000000000000100
1110010011100000
1111110000010000
0000000000000001
1110001100001000
0000000000001110
1111110000100000
1110101010000111
0110000000000000
1110110000010000
0000000000000000
1111110111101000
1110110010100000
1110001100001000
0000100011111111
1110110000010000
0000000000000000
1111110111101000
1110110010100000
1110001100001000
0000000000000001
1111110000010000
0000000000000000
1111110111101000
1110110010100000
1110001100001000
0000000000000010
1111110000010000
0000000000000000
1111110111101000
1110110010100000
1110001100001000
0000000000000011
1111110000010000
0000000000000000
1111110111101000
1110110010100000
1110001100001000
0000000000000100
1111110000010000
0000000000000000
1111110111101000
1110110010100000
1110001100001000
0000000000000000
1111110000010000
0000000000000110
1110010011010000
0000000000000010
1110001100001000
0000000000000000
1111110000010000
0000000000000001
1110001100001000
0010001111000011
1110101010000111
0000000000000001
1111110000010000
0000000000001101
1110001100001000
0000000000000101
1110010011100000
1111110000010000
0000000000001110
1110001100001000
0000000000000000
1111110010101000
1111110000010000
0000000000000010
1111110000100000
1110001100001000
0000000000000010
1111110111010000
0000000000000000
1110001100001000
0000000000001101
1111110000010000
0000000000000001
1110010011100000
1111110000010000
0000000000000100
1110001100001000
0000000000001101
1111110000010000
0000000000000010
1110010011100000
1111110000010000
0000000000000011
1110001100001000
0000000000001101
1111110000010000
0000000000000011
1110010011100000
1111110000010000
0000000000000010
1110001100001000
0000000000001101
1111110000010000
0000000000000100
1110010011100000
1111110000010000
0000000000000001
1110001100001000
0000000000001110
1111110000100000
1110101010000111
0000000000000000
1111110000100000
1110101010001000
1110110111100000
1110101010001000
1110110111100000
1110110000010000
0000000000000000
1110001100001000
0000000000000001
1111110111100000
1111110000010000
0000000000000000
1111110111101000
1110110010100000
1110001100001000
0000000000000000
1110110000010000
0000000000000000
1111110111101000
1110110010100000
1110001100001000
0000000000000000
1111110010101000
1111110000010000
1110110010100000
1111000111010000
0000100101010011
1110001100000010
0000000000000000
1111110010100000
1110101010001000
0000100101010110
1110101010000111
0000000000000000
1111110010100000
1110111010001000
0000000000000000
1111110010100000
1111110001001000
0000000000000000
1111110010101000
1111110000010000
0000100110010000
1110001100000101
0000100110001000
1110110000010000
0000000000000000
1111110111101000
1110110010100000
1110001100001000
0000000000000001
1111110000010000
0000000000000000
1111110111101000
1110110010100000
1110001100001000
0000000000000010
1111110000010000
0000000000000000
1111110111101000
1110110010100000
1110001100001000
0000000000000011
1111110000010000
0000000000000000
1111110111101000
1110110010100000
1110001100001000
0000000000000100
1111110000010000
0000000000000000
1111110111101000
1110110010100000
1110001100001000
0000000000000000
1111110000010000
0000000000000101
1110010011010000
0000000000000010
1110001100001000
0000000000000000
1111110000010000
0000000000000001
1110001100001000
0000100011001111
1110101010000111
0000000000000000
1111110010101000
1111110000010000
0000000000000001
1111110111100000
1110001100001000
0000100100111010
1110101010000111
0000000000000001
1111110111100000
1111110000010000
0000000000000000
1111110111101000
1110110010100000
1110001100001000
0000000000000000
1111110010101000
1111110000010000
0000000000000001
1111110000100000
1110001100001000
0000000000000001
1111110000100000
1111110000010000
0000000000000000
1111110111101000
1110110010100000
1110001100001000
0000000000000001
1111110111100000
1111110000010000
0000000000000000
1111110111101000
1110110010100000
1110001100001000
0000000000000000
1111110010101000
1111110000010000
1110110010100000
1111000111010000
0000100110110111
1110001100000010
0000000000000000
1111110010100000
1110101010001000
0000100110111010
1110101010000111
0000000000000000
1111110010100000
1110111010001000
0000000000000000
1111110010100000
1111110001001000
0000000000000000
1111110010101000
1111110000010000
0000100111110100
1110001100000101
0000100111101100
1110110000010000
0000000000000000
1111110111101000
1110110010100000
1110001100001000
0000000000000001
1111110000010000
0000000000000000
1111110111101000
1110110010100000
1110001100001000
0000000000000010
1111110000010000
0000000000000000
1111110111101000
1110110010100000
1110001100001000
0000000000000011
1111110000010000
0000000000000000
1111110111101000
1110110010100000
1110001100001000
0000000000000100
1111110000010000
0000000000000000
1111110111101000
1110110010100000
1110001100001000
0000000000000000
1111110000010000
0000000000000101
1110010011010000
0000000000000010
1110001100001000
0000000000000000
1111110000010000
0000000000000001
1110001100001000
0000100011001111
1110101010000111
0000000000000000
1111110010101000
1111110000010000
0000000000000001
1111110111100000
1110001100001000
0000100110011101
1110101010000111
0000000000000001
1111110000100000
1111110000010000
0000000000000000
1111110111101000
1110110010100000
1110001100001000
0000101000100101
1110110000010000
0000000000000000
1111110111101000
1110110010100000
1110001100001000
0000000000000001
1111110000010000
0000000000000000
1111110111101000
1110110010100000
1110001100001000
0000000000000010
1111110000010000
0000000000000000
1111110111101000
1110110010100000
1110001100001000
0000000000000011
1111110000010000
0000000000000000
1111110111101000
1110110010100000
1110001100001000
0000000000000100
1111110000010000
0000000000000000
1111110111101000
1110110010100000
1110001100001000
0000000000000000
1111110000010000
0000000000000101
1110010011010000
0000000000000010
1110001100001000
0000000000000000
1111110000010000
0000000000000001
1110001100001000
0111010010001111
1110101010000111
0000000000000000
1111110010101000
1111110000010000
1110110010100000
1111000111010000
0000101000110001
1110001100000100
0000000000000000
1111110010100000
1110101010001000
0000101000110100
1110101010000111
0000000000000000
1111110010100000
1110111010001000
0000000000000000
1111110010100000
1111110001001000
0000000000000000
1111110010101000
1111110000010000
0000101001110100
1110001100000101
0000000000000001
1111110000100000
1111110000010000
0000000000000000
1111110111101000
1110110010100000
1110001100001000
0000101001101101
1110110000010000
0000000000000000
1111110111101000
1110110010100000
1110001100001000
0000000000000001
1111110000010000
0000000000000000
1111110111101000
1110110010100000
1110001100001000
0000000000000010
1111110000010000
0000000000000000
1111110111101000
1110110010100000
1110001100001000
0000000000000011
1111110000010000
0000000000000000
1111110111101000
1110110010100000
1110001100001000
0000000000000100
1111110000010000
0000000000000000
1111110111101000
1110110010100000
1110001100001000
0000000000000000
1111110000010000
0000000000000110
1110010011010000
0000000000000010
1110001100001000
0000000000000000
1111110000010000
0000000000000001
1110001100001000
0100001010010010
1110101010000111
0000000000000000
1111110010101000
1111110000010000
0000000000000101
1110001100001000
0000101001110100
1110101010000111
0000000000000001
1111110000100000
1111110000010000
0000000000000000
1111110111101000
1110110010100000
1110001100001000
0000000000000001
1111110000010000
0000000000001101
1110001100001000
0000000000000101
1110010011100000
1111110000010000
0000000000001110
1110001100001000
0000000000000000
1111110010101000
1111110000010000
0000000000000010
1111110000100000
1110001100001000
0000000000000010
1111110111010000
0000000000000000
1110001100001000
0000000000001101
1111110000010000
0000000000000001
1110010011100000
1111110000010000
0000000000000100
1110001100001000
0000000000001101
1111110000010000
0000000000000010
1110010011100000
1111110000010000
0000000000000011
1110001100001000
0000000000001101
1111110000010000
0000000000000011
1110010011100000
1111110000010000
0000000000000010
1110001100001000
0000000000001101
1111110000010000
0000000000000100
1110010011100000
1111110000010000
0000000000000001
1110001100001000
0000000000001110
1111110000100000
1110101010000111
0000000000000000
1111110000100000
1110101010001000
1110110111100000
1110101010001000
1110110111100000
1110110000010000
0000000000000000
1110001100001000
0000000000000000
1110110000010000
0000000000000000
1111110111101000
1110110010100000
1110001100001000
0000000000000000
1111110010101000
1111110000010000
0000000000000001
1111110000100000
1110001100001000
0000000001010000
1110110000010000
0000000000000000
1111110111101000
1110110010100000
1110001100001000
0000101011110010
1110110000010000
0000000000000000
1111110111101000
1110110010100000
1110001100001000
0000000000000001
1111110000010000
0000000000000000
1111110111101000
1110110010100000
1110001100001000
0000000000000010
1111110000010000
0000000000000000
1111110111101000
1110110010100000
1110001100001000
0000000000000011
1111110000010000
0000000000000000
1111110111101000
1110110010100000
1110001100001000
0000000000000100
1111110000010000
0000000000000000
1111110111101000
1110110010100000
1110001100001000
0000000000000000
1111110000010000
0000000000000110
1110010011010000
0000000000000010
1110001100001000
0000000000000000
1111110000010000
0000000000000001
1110001100001000
0110101100000011
1110101010000111
0000000000000000
1111110010101000
1111110000010000
0000000000000001
1111110111100000
1110001100001000
0000000000000010
1111110000100000
1111110000010000
0000000000000000
1111110111101000
1110110010100000
1110001100001000
0000101100101001
1110110000010000
0000000000000000
1111110111101000
1110110010100000
1110001100001000
0000000000000001
1111110000010000
0000000000000000
1111110111101000
1110110010100000
1110001100001000
0000000000000010
1111110000010000
0000000000000000
1111110111101000
1110110010100000
1110001100001000
0000000000000011
1111110000010000
0000000000000000
1111110111101000
1110110010100000
1110001100001000
0000000000000100
1111110000010000
0000000000000000
1111110111101000
1110110010100000
1110001100001000
0000000000000000
1111110000010000
0000000000000110
1110010011010000
0000000000000010
1110001100001000
0000000000000000
1111110000010000
0000000000000001
1110001100001000
0100011111001111
1110101010000111
0000000000000000
1111110010101000
1111110000010000
0000000000000101
1110001100001000
0000000000000000
1110110000010000
0000000000000000
1111110111101000
1110110010100000
1110001100001000
0000000000000000
1111110010100000
1111110001001000
0000000000000000
1111110010100000
1111110001001000
0000000000000000
1111110010101000
1111110000010000
0000110101011111
1110001100000101
0000101101101001
1110110000010000
0000000000000000
1111110111101000
1110110010100000
1110001100001000
0000000000000001
1111110000010000
0000000000000000
1111110111101000
1110110010100000
1110001100001000
0000000000000010
1111110000010000
0000000000000000
1111110111101000
1110110010100000
1110001100001000
0000000000000011
1111110000010000
0000000000000000
1111110111101000
1110110010100000
1110001100001000
0000000000000100
1111110000010000
0000000000000000
1111110111101000
1110110010100000
1110001100001000
0000000000000000
1111110000010000
0000000000000101
1110010011010000
0000000000000010
1110001100001000
0000000000000000
1111110000010000
0000000000000001
1110001100001000
0000100100110001
1110101010000111
0000000000000000
1111110010101000
1111110000010000
0000000000000001
1111110000100000
1110001100001000
0000000000000001
1111110000100000
1111110000010000
0000000000000000
1111110111101000
1110110010100000
1110001100001000
0000101110100000
1110110000010000
0000000000000000
1111110111101000
1110110010100000
1110001100001000
0000000000000001
1111110000010000
0000000000000000
1111110111101000
1110110010100000
1110001100001000
0000000000000010
1111110000010000
0000000000000000
1111110111101000
1110110010100000
1110001100001000
0000000000000011
1111110000010000
0000000000000000
1111110111101000
1110110010100000
1110001100001000
0000000000000100
1111110000010000
0000000000000000
1111110111101000
1110110010100000
1110001100001000
0000000000000000
1111110000010000
0000000000000101
1110010011010000
0000000000000010
1110001100001000
0000000000000000
1111110000010000
0000000000000001
1110001100001000
0111010010001111
1110101010000111
0000000000000000
1111110010101000
1111110000010000
1110110010100000
1111000111010000
0000101110101100
1110001100000010
0000000000000000
1111110010100000
1110101010001000
0000101110101111
1110101010000111
0000000000000000
1111110010100000
1110111010001000
0000000000000000
1111110010100000
1111110001001000
0000000000000000
1111110010101000
1111110000010000
0000110000100001
1110001100000101
0000101111100001
1110110000010000
0000000000000000
1111110111101000
1110110010100000
1110001100001000
0000000000000001
1111110000010000
0000000000000000
1111110111101000
1110110010100000
1110001100001000
0000000000000010
1111110000010000
0000000000000000
1111110111101000
1110110010100000
1110001100001000
0000000000000011
1111110000010000
0000000000000000
1111110111101000
1110110010100000
1110001100001000
0000000000000100
1111110000010000
0000000000000000
1111110111101000
1110110010100000
1110001100001000
0000000000000000
1111110000010000
0000000000000101
1110010011010000
0000000000000010
1110001100001000
0000000000000000
1111110000010000
0000000000000001
1110001100001000
0000000000010000
1110101010000111
0000000000000000
1111110010101000
1111110000010000
0000000000000101
1110001100001000
0000000000000001
1111110111100000
1111110000010000
0000000000000000
1111110111101000
1110110010100000
1110001100001000
0000000000000001
1111110000010000
0000000000001101
1110001100001000
0000000000000101
1110010011100000
1111110000010000
0000000000001110
1110001100001000
0000000000000000
1111110010101000
1111110000010000
0000000000000010
1111110000100000
1110001100001000
0000000000000010
1111110111010000
0000000000000000
1110001100001000
0000000000001101
1111110000010000
0000000000000001
1110010011100000
1111110000010000
0000000000000100
1110001100001000
0000000000001101
1111110000010000
0000000000000010
1110010011100000
1111110000010000
0000000000000011
1110001100001000
0000000000001101
1111110000010000
0000000000000011
1110010011100000
1111110000010000
0000000000000010
1110001100001000
0000000000001101
1111110000010000
0000000000000100
1110010011100000
1111110000010000
0000000000000001
1110001100001000
0000000000001110
1111110000100000
1110101010000111
0000110101011101
1110101010000111
0000000000000001
1111110000100000
1111110000010000
0000000000000000
1111110111101000
1110110010100000
1110001100001000
0000110001010010
1110110000010000
0000000000000000
1111110111101000
1110110010100000
1110001100001000
0000000000000001
1111110000010000
0000000000000000
1111110111101000
1110110010100000
1110001100001000
0000000000000010
1111110000010000
0000000000000000
1111110111101000
1110110010100000
1110001100001000
0000000000000011
1111110000010000
0000000000000000
1111110111101000
1110110010100000
1110001100001000
0000000000000100
1111110000010000
0000000000000000
1111110111101000
1110110010100000
1110001100001000
0000000000000000
1111110000010000
0000000000000101
1110010011010000
0000000000000010
1110001100001000
0000000000000000
1111110000010000
0000000000000001
1110001100001000
0111010000011111
1110101010000111
0000000000000000
1111110010101000
1111110000010000
1110110010100000
1111000111010000
0000110001011110
1110001100000010
0000000000000000
1111110010100000
1110101010001000
0000110001100001
1110101010000111
0000000000000000
1111110010100000
1110111010001000
0000000000000000
1111110010100000
1111110001001000
0000000000000000
1111110010101000
1111110000010000
0000110100100000
1110001100000101
0000000000000001
1111110111100000
1111110000010000
0000000000000000
1111110111101000
1110110010100000
1110001100001000
0000110010011010
1110110000010000
0000000000000000
1111110111101000
1110110010100000
1110001100001000
0000000000000001
1111110000010000
0000000000000000
1111110111101000
1110110010100000
1110001100001000
0000000000000010
1111110000010000
0000000000000000
1111110111101000
1110110010100000
1110001100001000
0000000000000011
1111110000010000
0000000000000000
1111110111101000
1110110010100000
1110001100001000
0000000000000100
1111110000010000
0000000000000000
1111110111101000
1110110010100000
1110001100001000
0000000000000000
1111110000010000
0000000000000110
1110010011010000
0000000000000010
1110001100001000
0000000000000000
1111110000010000
0000000000000001
1110001100001000
0110110010100111
1110101010000111
0000000000000000
1110110000010000
0000000000000000
1111110111101000
1110110010100000
1110001100001000
0000000000000000
1111110010101000
1111110000010000
1110110010100000
1111000111010000
0000110010101100
1110001100000001
0000000000000000
1111110010100000
1110101010001000
0000110010101111
1110101010000111
0000000000000000
1111110010100000
1110111010001000
0000000000000000
1111110010100000
1111110001001000
0000000000000000
1111110010101000
1111110000010000
0000110100011110
1110001100000101
0000110011100001
1110110000010000
0000000000000000
1111110111101000
1110110010100000
1110001100001000
0000000000000001
1111110000010000
0000000000000000
1111110111101000
1110110010100000
1110001100001000
0000000000000010
1111110000010000
0000000000000000
1111110111101000
1110110010100000
1110001100001000
0000000000000011
1111110000010000
0000000000000000
1111110111101000
1110110010100000
1110001100001000
0000000000000100
1111110000010000
0000000000000000
1111110111101000
1110110010100000
1110001100001000
0000000000000000
1111110000010000
0000000000000101
1110010011010000
0000000000000010
1110001100001000
0000000000000000
1111110000010000
0000000000000001
1110001100001000
0100101010010001
1110101010000111
0000000000000000
1111110010101000
1111110000010000
0000000000000101
1110001100001000
0000000000000001
1111110111100000
1111110000010000
0000000000000000
1111110111101000
1110110010100000
1110001100001000
0000110100010111
1110110000010000
0000000000000000
1111110111101000
1110110010100000
1110001100001000
0000000000000001
1111110000010000
0000000000000000
1111110111101000
1110110010100000
1110001100001000
0000000000000010
1111110000010000
0000000000000000
1111110111101000
1110110010100000
1110001100001000
0000000000000011
1111110000010000
0000000000000000
1111110111101000
1110110010100000
1110001100001000
0000000000000100
1111110000010000
0000000000000000
1111110111101000
1110110010100000
1110001100001000
0000000000000000
1111110000010000
0000000000000110
1110010011010000
0000000000000010
1110001100001000
0000000000000000
1111110000010000
0000000000000001
1110001100001000
0110111001110100
1110101010000111
0000000000000000
1111110010101000
1111110000010000
0000000000000101
1110001100001000
0000110100011110
1110101010000111
0000110101011101
1110101010000111
0000000000000001
1111110111100000
1111110000010000
0000000000000000
1111110111101000
1110110010100000
1110001100001000
0000000000000001
1111110000100000
1111110000010000
0000000000000000
1111110111101000
1110110010100000
1110001100001000
0000110101011000
1110110000010000
0000000000000000
1111110111101000
1110110010100000
1110001100001000
0000000000000001
1111110000010000
0000000000000000
1111110111101000
1110110010100000
1110001100001000
0000000000000010
1111110000010000
0000000000000000
1111110111101000
1110110010100000
1110001100001000
0000000000000011
1111110000010000
0000000000000000
1111110111101000
1110110010100000
1110001100001000
0000000000000100
1111110000010000
0000000000000000
1111110111101000
1110110010100000
1110001100001000
0000000000000000
1111110000010000
0000000000000111
1110010011010000
0000000000000010
1110001100001000
0000000000000000
1111110000010000
0000000000000001
1110001100001000
0110110110111111
1110101010000111
0000000000000000
1111110010101000
1111110000010000
0000000000000101
1110001100001000
0000101100101110
1110101010000111
0000000000000001
1111110111100000
1111110000010000
0000000000000000
1111110111101000
1110110010100000
1110001100001000
0000000000000001
1111110000010000
0000000000001101
1110001100001000
0000000000000101
1110010011100000
1111110000010000
0000000000001110
1110001100001000
0000000000000000
1111110010101000
1111110000010000
0000000000000010
1111110000100000
1110001100001000
0000000000000010
1111110111010000
0000000000000000
1110001100001000
0000000000001101
1111110000010000
0000000000000001
1110010011100000
1111110000010000
0000000000000100
1110001100001000
0000000000001101
1111110000010000
0000000000000010
1110010011100000
1111110000010000
0000000000000011
1110001100001000
0000000000001101
1111110000010000
0000000000000011
1110010011100000
1111110000010000
0000000000000010
1110001100001000
0000000000001101
1111110000010000
0000000000000100
1110010011100000
1111110000010000
0000000000000001
1110001100001000
0000000000001110
1111110000100000
1110101010000111
0000000000000000
1111110000100000
1110101010001000
1110110111100000
1110110000010000
0000000000000000
1110001100001000
0000000000000010
1111110000100000
1111110000010000
0000000000000000
1111110111101000
1110110010100000
1110001100001000
0000110111010000
1110110000010000
0000000000000000
1111110111101000
1110110010100000
1110001100001000
0000000000000001
1111110000010000
0000000000000000
1111110111101000
1110110010100000
1110001100001000
0000000000000010
1111110000010000
0000000000000000
1111110111101000
1110110010100000
1110001100001000
0000000000000011
1111110000010000
0000000000000000
1111110111101000
1110110010100000
1110001100001000
0000000000000100
1111110000010000
0000000000000000
1111110111101000
1110110010100000
1110001100001000
0000000000000000
1111110000010000
0000000000000110
1110010011010000
0000000000000010
1110001100001000
0000000000000000
1111110000010000
0000000000000001
1110001100001000
0000101010101101
1110101010000111
0000000000000000
1111110010101000
1111110000010000
0000000000000001
1111110000100000
1110001100001000
0000000000000001
1111110000100000
1111110000010000
0000000000000000
1111110111101000
1110110010100000
1110001100001000
0000111000000111
1110110000010000
0000000000000000
1111110111101000
1110110010100000
1110001100001000
0000000000000001
1111110000010000
0000000000000000
1111110111101000
1110110010100000
1110001100001000
0000000000000010
1111110000010000
0000000000000000
1111110111101000
1110110010100000
1110001100001000
0000000000000011
1111110000010000
0000000000000000
1111110111101000
1110110010100000
1110001100001000
0000000000000100
1111110000010000
0000000000000000
1111110111101000
1110110010100000
1110001100001000
0000000000000000
1111110000010000
0000000000000110
1110010011010000
0000000000000010
1110001100001000
0000000000000000
1111110000010000
0000000000000001
1110001100001000
0110111100110000
1110101010000111
0000000000000001
1111110000010000
0000000000001101
1110001100001000
0000000000000101
1110010011100000
1111110000010000
0000000000001110
1110001100001000
0000000000000000
1111110010101000
1111110000010000
0000000000000010
1111110000100000
1110001100001000
0000000000000010
1111110111010000
0000000000000000
1110001100001000
0000000000001101
1111110000010000
0000000000000001
1110010011100000
1111110000010000
0000000000000100
1110001100001000
0000000000001101
1111110000010000
0000000000000010
1110010011100000
1111110000010000
0000000000000011
1110001100001000
0000000000001101
1111110000010000
0000000000000011
1110010011100000
1111110000010000
0000000000000010
1110001100001000
0000000000001101
1111110000010000
0000000000000100
1110010011100000
1111110000010000
0000000000000001
1110001100001000
0000000000001110
1111110000100000
1110101010000111
0000000000000000
1111110000100000
1110101010001000
1110110111100000
1110101010001000
1110110111100000
1110101010001000
1110110111100000
1110101010001000
1110110111100000
1110101010001000
1110110111100000
1110101010001000
1110110111100000
1110101010001000
1110110111100000
1110101010001000
1110110111100000
1110101010001000
1110110111100000
1110110000010000
0000000000000000
1110001100001000
0000000011100110
1110110000010000
0000000000000000
1111110111101000
1110110010100000
1110001100001000
0000000000000101
1110110000010000
0000000000000001
1111000010010000
0000000000001101
1110001100001000
0000000000000000
1111110010101000
1111110000010000
0000000000001101
1111110000100000
1110001100001000
0000000011100110
1110110000010000
0000000000000000
1111110111101000
1110110010100000
1110001100001000
0000000000000101
1110110000010000
0000000000000001
1111000010100000
1111110000010000
0000000000000000
1111110111101000
1110110010100000
1110001100001000
0000000000110010
1110110000010000
0000000000000000
1111110111101000
1110110010100000
1110001100001000
0000111010100001
1110110000010000
0000000000000000
1111110111101000
1110110010100000
1110001100001000
0000000000000001
1111110000010000
0000000000000000
1111110111101000
1110110010100000
1110001100001000
0000000000000010
1111110000010000
0000000000000000
1111110111101000
1110110010100000
1110001100001000
0000000000000011
1111110000010000
0000000000000000
1111110111101000
1110110010100000
1110001100001000
0000000000000100
1111110000010000
0000000000000000
1111110111101000
1110110010100000
1110001100001000
0000000000000000
1111110000010000
0000000000001000
1110010011010000
0000000000000010
1110001100001000
0000000000000000
1111110000010000
0000000000000001
1110001100001000
0100101110111010
1110101010000111
0000000000000000
1111110010101000
1111110000010000
0000000000000001
1111110000100000
1110001100001000
0000000100000000
1110110000010000
0000000000000000
1111110111101000
1110110010100000
1110001100001000
0000000010000000
1110110000010000
0000000000000000
1111110111101000
1110110010100000
1110001100001000
0000111011011101
1110110000010000
0000000000000000
1111110111101000
1110110010100000
1110001100001000
0000000000000001
1111110000010000
0000000000000000
1111110111101000
1110110010100000
1110001100001000
0000000000000010
1111110000010000
0000000000000000
1111110111101000
1110110010100000
1110001100001000
0000000000000011
1111110000010000
0000000000000000
1111110111101000
1110110010100000
1110001100001000
0000000000000100
1111110000010000
0000000000000000
1111110111101000
1110110010100000
1110001100001000
0000000000000000
1111110000010000
0000000000000111
1110010011010000
0000000000000010
1110001100001000
0000000000000000
1111110000010000
0000000000000001
1110001100001000
0000000100011110
1110101010000111
0000000000000000
1111110010101000
1111110000010000
0000000000000001
1111110111100000
1110001100001000
0000000000000000
1110110000010000
0000000000000000
1111110111101000
1110110010100000
1110001100001000
0000000000000000
1111110010100000
1111110001001000
0000000000000011
1110110000010000
0000000000000001
1111000010010000
0000000000001101
1110001100001000
0000000000000000
1111110010101000
1111110000010000
0000000000001101
1111110000100000
1110001100001000
0000000000000000
1110110000010000
0000000000000000
1111110111101000
1110110010100000
1110001100001000
0000000000000100
1110110000010000
0000000000000001
1111000010010000
0000000000001101
1110001100001000
0000000000000000
1111110010101000
1111110000010000
0000000000001101
1111110000100000
1110001100001000
0000000000000000
1110110000010000
0000000000000000
1111110111101000
1110110010100000
1110001100001000
0000000000000000
1110110000010000
0000000000000000
1111110111101000
1110110010100000
1110001100001000
0000001000000000
1110110000010000
0000000000000000
1111110111101000
1110110010100000
1110001100001000
0000000000000011
1110110000010000
0000000000000000
1111110111101000
1110110010100000
1110001100001000
0000111101001100
1110110000010000
0000000000000000
1111110111101000
1110110010100000
1110001100001000
0000000000000001
1111110000010000
0000000000000000
1111110111101000
1110110010100000
1110001100001000
0000000000000010
1111110000010000
0000000000000000
1111110111101000
1110110010100000
1110001100001000
0000000000000011
1111110000010000
0000000000000000
1111110111101000
1110110010100000
1110001100001000
0000000000000100
1111110000010000
0000000000000000
1111110111101000
1110110010100000
1110001100001000
0000000000000000
1111110000010000
0000000000001001
1110010011010000
0000000000000010
1110001100001000
0000000000000000
1111110000010000
0000000000000001
1110001100001000
0101110111100010
1110101010000111
0000000000000000
1111110010101000
1111110000010000
0000000000000101
1110001100001000
0000000111111101
1110110000010000
0000000000000000
1111110111101000
1110110010100000
1110001100001000
0000000000000000
1110110000010000
0000000000000000
1111110111101000
1110110010100000
1110001100001000
0000001000000000
1110110000010000
0000000000000000
1111110111101000
1110110010100000
1110001100001000
0000000011111111
1110110000010000
0000000000000000
1111110111101000
1110110010100000
1110001100001000
0000111110010011
1110110000010000
0000000000000000
1111110111101000
1110110010100000
1110001100001000
0000000000000001
1111110000010000
0000000000000000
1111110111101000
1110110010100000
1110001100001000
0000000000000010
1111110000010000
0000000000000000
1111110111101000
1110110010100000
1110001100001000
0000000000000011
1111110000010000
0000000000000000
1111110111101000
1110110010100000
1110001100001000
0000000000000100
1111110000010000
0000000000000000
1111110111101000
1110110010100000
1110001100001000
0000000000000000
1111110000010000
0000000000001001
1110010011010000
0000000000000010
1110001100001000
0000000000000000
1111110000010000
0000000000000001
1110001100001000
0101110111100010
1110101010000111
0000000000000000
1111110010101000
1111110000010000
0000000000000101
1110001100001000
0000000000000000
1110110000010000
0000000000000000
1111110111101000
1110110010100000
1110001100001000
0000000000000000
1110110000010000
0000000000000000
1111110111101000
1110110010100000
1110001100001000
0000000000000011
1110110000010000
0000000000000000
1111110111101000
1110110010100000
1110001100001000
0000000011111111
1110110000010000
0000000000000000
1111110111101000
1110110010100000
1110001100001000
0000111111011010
1110110000010000
0000000000000000
1111110111101000
1110110010100000
1110001100001000
0000000000000001
1111110000010000
0000000000000000
1111110111101000
1110110010100000
1110001100001000
0000000000000010
1111110000010000
0000000000000000
1111110111101000
1110110010100000
1110001100001000
0000000000000011
1111110000010000
0000000000000000
1111110111101000
1110110010100000
1110001100001000
0000000000000100
1111110000010000
0000000000000000
1111110111101000
1110110010100000
1110001100001000
0000000000000000
1111110000010000
0000000000001001
1110010011010000
0000000000000010
1110001100001000
0000000000000000
1111110000010000
0000000000000001
1110001100001000
0101110111100010
1110101010000111
0000000000000000
1111110010101000
1111110000010000
0000000000000101
1110001100001000
0000000000000011
1110110000010000
0000000000000001
1111000010100000
1111110000010000
0000000000000000
1111110111101000
1110110010100000
1110001100001000
0000000000000000
1111110010100000
1111110001001000
0000000000000000
1111110010101000
1111110000010000
0001011000101011
1110001100000101
0001000000011010
1110110000010000
0000000000000000
1111110111101000
1110110010100000
1110001100001000
0000000000000001
1111110000010000
0000000000000000
1111110111101000
1110110010100000
1110001100001000
0000000000000010
1111110000010000
0000000000000000
1111110111101000
1110110010100000
1110001100001000
0000000000000011
1111110000010000
0000000000000000
1111110111101000
1110110010100000
1110001100001000
0000000000000100
1111110000010000
0000000000000000
1111110111101000
1110110010100000
1110001100001000
0000000000000000
1111110000010000
0000000000000101
1110010011010000
0000000000000010
1110001100001000
0000000000000000
1111110000010000
0000000000000001
1110001100001000
0000100011001111
1110101010000111
0000000000000010
1110110000010000
0000000000000001
1111000010010000
0000000000001101
1110001100001000
0000000000000000
1111110010101000
1111110000010000
0000000000001101
1111110000100000
1110001100001000
0000000000000010
1110110000010000
0000000000000001
1111000010100000
1111110000010000
0000000000000000
1111110111101000
1110110010100000
1110001100001000
0000000010000010
1110110000010000
0000000000000000
1111110111101000
1110110010100000
1110001100001000
0000000000000000
1111110010101000
1111110000010000
1110110010100000
1111000111010000
0001000001000001
1110001100000010
0000000000000000
1111110010100000
1110101010001000
0001000001000100
1110101010000111
0000000000000000
1111110010100000
1110111010001000
0000000000000000
1111110010100000
1111110001001000
0000000000000000
1111110010101000
1111110000010000
0001000011000000
1110001100000101
0000000000000001
1111110000100000
1111110000010000
0000000000000000
1111110111101000
1110110010100000
1110001100001000
0000000000000001
1110110000010000
0000000000000000
1111110111101000
1110110010100000
1110001100001000
0001000010000011
1110110000010000
0000000000000000
1111110111101000
1110110010100000
1110001100001000
0000000000000001
1111110000010000
0000000000000000
1111110111101000
1110110010100000
1110001100001000
0000000000000010
1111110000010000
0000000000000000
1111110111101000
1110110010100000
1110001100001000
0000000000000011
1111110000010000
0000000000000000
1111110111101000
1110110010100000
1110001100001000
0000000000000100
1111110000010000
0000000000000000
1111110111101000
1110110010100000
1110001100001000
0000000000000000
1111110000010000
0000000000000111
1110010011010000
0000000000000010
1110001100001000
0000000000000000
1111110000010000
0000000000000001
1110001100001000
0100111100110010
1110101010000111
0000000000000000
1111110010101000
1111110000010000
0000000000000101
1110001100001000
0000000000000001
1111110000100000
1111110000010000
0000000000000000
1111110111101000
1110110010100000
1110001100001000
0001000010111001
1110110000010000
0000000000000000
1111110111101000
1110110010100000
1110001100001000
0000000000000001
1111110000010000
0000000000000000
1111110111101000
1110110010100000
1110001100001000
0000000000000010
1111110000010000
0000000000000000
1111110111101000
1110110010100000
1110001100001000
0000000000000011
1111110000010000
0000000000000000
1111110111101000
1110110010100000
1110001100001000
0000000000000100
1111110000010000
0000000000000000
1111110111101000
1110110010100000
1110001100001000
0000000000000000
1111110000010000
0000000000000110
1110010011010000
0000000000000010
1110001100001000
0000000000000000
1111110000010000
0000000000000001
1110001100001000
0101000000100001
1110101010000111
0000000000000000
1111110010101000
1111110000010000
0000000000000101
1110001100001000
0001000011000000
1110101010000111
0000000000000010
1110110000010000
0000000000000001
1111000010100000
1111110000010000
0000000000000000
1111110111101000
1110110010100000
1110001100001000
0000000010000100
1110110000010000
0000000000000000
1111110111101000
1110110010100000
1110001100001000
0000000000000000
1111110010101000
1111110000010000
1110110010100000
1111000111010000
0001000011011011
1110001100000010
0000000000000000
1111110010100000
1110101010001000
0001000011011110
1110101010000111
0000000000000000
1111110010100000
1110111010001000
0000000000000000
1111110010100000
1111110001001000
0000000000000000
1111110010101000
1111110000010000
0001000101011010
1110001100000101
0000000000000001
1111110000100000
1111110000010000
0000000000000000
1111110111101000
1110110010100000
1110001100001000
0000000000000010
1110110000010000
0000000000000000
1111110111101000
1110110010100000
1110001100001000
0001000100011101
1110110000010000
0000000000000000
1111110111101000
1110110010100000
1110001100001000
0000000000000001
1111110000010000
0000000000000000
1111110111101000
1110110010100000
1110001100001000
0000000000000010
1111110000010000
0000000000000000
1111110111101000
1110110010100000
1110001100001000
0000000000000011
1111110000010000
0000000000000000
1111110111101000
1110110010100000
1110001100001000
0000000000000100
1111110000010000
0000000000000000
1111110111101000
1110110010100000
1110001100001000
0000000000000000
1111110000010000
0000000000000111
1110010011010000
0000000000000010
1110001100001000
0000000000000000
1111110000010000
0000000000000001
1110001100001000
0100111100110010
1110101010000111
0000000000000000
1111110010101000
1111110000010000
0000000000000101
1110001100001000
0000000000000001
1111110000100000
1111110000010000
0000000000000000
1111110111101000
1110110010100000
1110001100001000
0001000101010011
1110110000010000
0000000000000000
1111110111101000
1110110010100000
1110001100001000
0000000000000001
1111110000010000
0000000000000000
1111110111101000
1110110010100000
1110001100001000
0000000000000010
1111110000010000
0000000000000000
1111110111101000
1110110010100000
1110001100001000
0000000000000011
1111110000010000
0000000000000000
1111110111101000
1110110010100000
1110001100001000
0000000000000100
1111110000010000
0000000000000000
1111110111101000
1110110010100000
1110001100001000
0000000000000000
1111110000010000
0000000000000110
1110010011010000
0000000000000010
1110001100001000
0000000000000000
1111110000010000
0000000000000001
1110001100001000
0101000000100001
1110101010000111
0000000000000000
1111110010101000
1111110000010000
0000000000000101
1110001100001000
0001000101011010
1110101010000111
0000000000000010
1110110000010000
0000000000000001
1111000010100000
1111110000010000
0000000000000000
1111110111101000
1110110010100000
1110001100001000
0000000010001100
1110110000010000
0000000000000000
1111110111101000
1110110010100000
1110001100001000
0000000000000000
1111110010101000
1111110000010000
1110110010100000
1111000111010000
0001000101110101
1110001100000010
0000000000000000
1111110010100000
1110101010001000
0001000101111000
1110101010000111
0000000000000000
1111110010100000
1110111010001000
0000000000000000
1111110010100000
1111110001001000
0000000000000000
1111110010101000
1111110000010000
0001000110010100
1110001100000101
0000000000000000
1110110000010000
0000000000000000
1111110111101000
1110110010100000
1110001100001000
0000000000000011
1110110000010000
0000000000000001
1111000010010000
0000000000001101
1110001100001000
0000000000000000
1111110010101000
1111110000010000
0000000000001101
1111110000100000
1110001100001000
0001000110010100
1110101010000111
0000000000000001
1111110111100000
1111110000010000
0000000000000000
1111110111101000
1110110010100000
1110001100001000
0001000111000101
1110110000010000
0000000000000000
1111110111101000
1110110010100000
1110001100001000
0000000000000001
1111110000010000
0000000000000000
1111110111101000
1110110010100000
1110001100001000
0000000000000010
1111110000010000
0000000000000000
1111110111101000
1110110010100000
1110001100001000
0000000000000011
1111110000010000
0000000000000000
1111110111101000
1110110010100000
1110001100001000
0000000000000100
1111110000010000
0000000000000000
1111110111101000
1110110010100000
1110001100001000
0000000000000000
1111110000010000
0000000000000110
1110010011010000
0000000000000010
1110001100001000
0000000000000000
1111110000010000
0000000000000001
1110001100001000
0000011101111110
1110101010000111
0000000000000000
1111110010101000
1111110000010000
0000000000000101
1110001100001000
0000000000000001
1111110111100000
1111110000010000
0000000000000000
1111110111101000
1110110010100000
1110001100001000
0001000111111011
1110110000010000
0000000000000000
1111110111101000
1110110010100000
1110001100001000
0000000000000001
1111110000010000
0000000000000000
1111110111101000
1110110010100000
1110001100001000
0000000000000010
1111110000010000
0000000000000000
1111110111101000
1110110010100000
1110001100001000
0000000000000011
1111110000010000
0000000000000000
1111110111101000
1110110010100000
1110001100001000
0000000000000100
1111110000010000
0000000000000000
1111110111101000
1110110010100000
1110001100001000
0000000000000000
1111110000010000
0000000000000110
1110010011010000
0000000000000010
1110001100001000
0000000000000000
1111110000010000
0000000000000001
1110001100001000
0000011010101101
1110101010000111
0000000000000110
1110110000010000
0000000000000001
1111000010010000
0000000000001101
1110001100001000
0000000000000000
1111110010101000
1111110000010000
0000000000001101
1111110000100000
1110001100001000
0000000000000001
1111110111100000
1111110000010000
0000000000000000
1111110111101000
1110110010100000
1110001100001000
0001001000111000
1110110000010000
0000000000000000
1111110111101000
1110110010100000
1110001100001000
0000000000000001
1111110000010000
0000000000000000
1111110111101000
1110110010100000
1110001100001000
0000000000000010
1111110000010000
0000000000000000
1111110111101000
1110110010100000
1110001100001000
0000000000000011
1111110000010000
0000000000000000
1111110111101000
1110110010100000
1110001100001000
0000000000000100
1111110000010000
0000000000000000
1111110111101000
1110110010100000
1110001100001000
0000000000000000
1111110000010000
0000000000000110
1110010011010000
0000000000000010
1110001100001000
0000000000000000
1111110000010000
0000000000000001
1110001100001000
0000011011110010
1110101010000111
0000000000000111
1110110000010000
0000000000000001
1111000010010000
0000000000001101
1110001100001000
0000000000000000
1111110010101000
1111110000010000
0000000000001101
1111110000100000
1110001100001000
0000000000000001
1111110111100000
1111110000010000
0000000000000000
1111110111101000
1110110010100000
1110001100001000
0001001001110101
1110110000010000
0000000000000000
1111110111101000
1110110010100000
1110001100001000
0000000000000001
1111110000010000
0000000000000000
1111110111101000
1110110010100000
1110001100001000
0000000000000010
1111110000010000
0000000000000000
1111110111101000
1110110010100000
1110001100001000
0000000000000011
1111110000010000
0000000000000000
1111110111101000
1110110010100000
1110001100001000
0000000000000100
1111110000010000
0000000000000000
1111110111101000
1110110010100000
1110001100001000
0000000000000000
1111110000010000
0000000000000110
1110010011010000
0000000000000010
1110001100001000
0000000000000000
1111110000010000
0000000000000001
1110001100001000
0000011100110111
1110101010000111
0000000000001000
1110110000010000
0000000000000001
1111000010010000
0000000000001101
1110001100001000
0000000000000000
1111110010101000
1111110000010000
0000000000001101
1111110000100000
1110001100001000
0000000000000110
1110110000010000
0000000000000001
1111000010100000
1111110000010000
0000000000000000
1111110111101000
1110110010100000
1110001100001000
0000000000001000
1110110000010000
0000000000000001
1111000010100000
1111110000010000
0000000000000000
1111110111101000
1110110010100000
1110001100001000
0000000000000000
1111110010101000
1111110000010000
1110110010100000
1111000010001000
0000000000000101
1110110000010000
0000000000000001
1111000010100000
1111110000010000
0000000000000000
1111110111101000
1110110010100000
1110001100001000
0000000000000000
1111110010101000
1111110000010000
1110110010100000
1111000111010000
0001001010101101
1110001100000001
0000000000000000
1111110010100000
1110101010001000
0001001010110000
1110101010000111
0000000000000000
1111110010100000
1110111010001000
0000000000000000
1111110010100000
1111110001001000
0000000000000000
1111110010101000
1111110000010000
0001010111110100
1110001100000101
0000000000000111
1110110000010000
0000000000000001
1111000010100000
1111110000010000
0000000000000000
1111110111101000
1110110010100000
1110001100001000
0000000000001000
1110110000010000
0000000000000001
1111000010100000
1111110000010000
0000000000000000
1111110111101000
1110110010100000
1110001100001000
0000000000000000
1111110010101000
1111110000010000
1110110010100000
1111000010001000
0000000000000001
1111110000100000
1111110000010000
0000000000000000
1111110111101000
1110110010100000
1110001100001000
0001001100000000
1110110000010000
0000000000000000
1111110111101000
1110110010100000
1110001100001000
0000000000000001
1111110000010000
0000000000000000
1111110111101000
1110110010100000
1110001100001000
0000000000000010
1111110000010000
0000000000000000
1111110111101000
1110110010100000
1110001100001000
0000000000000011
1111110000010000
0000000000000000
1111110111101000
1110110010100000
1110001100001000
0000000000000100
1111110000010000
0000000000000000
1111110111101000
1110110010100000
1110001100001000
0000000000000000
1111110000010000
0000000000000110
1110010011010000
0000000000000010
1110001100001000
0000000000000000
1111110000010000
0000000000000001
1110001100001000
0100111110001001
1110101010000111
0000000000000000
1111110010101000
1111110000010000
1110110010100000
1111000111010000
0001001100001100
1110001100000001
0000000000000000
1111110010100000
1110101010001000
0001001100001111
1110101010000111
0000000000000000
1111110010100000
1110111010001000
0000000000000000
1111110010100000
1111110001001000
0000000000000000
1111110010101000
1111110000010000
0001010111110010
1110001100000101
0000000000000111
1110110000010000
0000000000000001
1111000010100000
1111110000010000
0000000000000000
1111110111101000
1110110010100000
1110001100001000
0000000000001000
1110110000010000
0000000000000001
1111000010100000
1111110000010000
0000000000000000
1111110111101000
1110110010100000
1110001100001000
0000000000000000
1111110010101000
1111110000010000
1110110010100000
1111000111001000
0000000000000001
1111110000100000
1111110000010000
0000000000000000
1111110111101000
1110110010100000
1110001100001000
0001001101011111
1110110000010000
0000000000000000
1111110111101000
1110110010100000
1110001100001000
0000000000000001
1111110000010000
0000000000000000
1111110111101000
1110110010100000
1110001100001000
0000000000000010
1111110000010000
0000000000000000
1111110111101000
1110110010100000
1110001100001000
0000000000000011
1111110000010000
0000000000000000
1111110111101000
1110110010100000
1110001100001000
0000000000000100
1111110000010000
0000000000000000
1111110111101000
1110110010100000
1110001100001000
0000000000000000
1111110000010000
0000000000000110
1110010011010000
0000000000000010
1110001100001000
0000000000000000
1111110000010000
0000000000000001
1110001100001000
0100111111001110
1110101010000111
0000000000000000
1111110010101000
1111110000010000
1110110010100000
1111000111010000
0001001101101011
1110001100000100
0000000000000000
1111110010100000
1110101010001000
0001001101101110
1110101010000111
0000000000000000
1111110010100000
1110111010001000
0000000000000000
1111110010100000
1111110001001000
0000000000000000
1111110010101000
1111110000010000
0001010111110000
1110001100000101
0000000000000001
1111110111100000
1111110000010000
0000000000000000
1111110111101000
1110110010100000
1110001100001000
0001001110100111
1110110000010000
0000000000000000
1111110111101000
1110110010100000
1110001100001000
0000000000000001
1111110000010000
0000000000000000
1111110111101000
1110110010100000
1110001100001000
0000000000000010
1111110000010000
0000000000000000
1111110111101000
1110110010100000
1110001100001000
0000000000000011
1111110000010000
0000000000000000
1111110111101000
1110110010100000
1110001100001000
0000000000000100
1111110000010000
0000000000000000
1111110111101000
1110110010100000
1110001100001000
0000000000000000
1111110000010000
0000000000000110
1110010011010000
0000000000000010
1110001100001000
0000000000000000
1111110000010000
0000000000000001
1110001100001000
0000011001010001
1110101010000111
0000000000000000
1111110010101000
1111110000010000
0000000000000101
1110001100001000
0000000000000100
1110110000010000
0000000000000001
1111000010100000
1111110000010000
0000000000000000
1111110111101000
1110110010100000
1110001100001000
0000000000000001
1110110000010000
0000000000000000
1111110111101000
1110110010100000
1110001100001000
0000000000000000
1111110010101000
1111110000010000
1110110010100000
1111000010001000
0000000000000100
1110110000010000
0000000000000001
1111000010010000
0000000000001101
1110001100001000
0000000000000000
1111110010101000
1111110000010000
0000000000001101
1111110000100000
1110001100001000
0000000000000000
1110110000010000
0000000000000000
1111110111101000
1110110010100000
1110001100001000
0000000000000000
1110110000010000
0000000000000000
1111110111101000
1110110010100000
1110001100001000
0001010000000010
1110110000010000
0000000000000000
1111110111101000
1110110010100000
1110001100001000
0000000000000001
1111110000010000
0000000000000000
1111110111101000
1110110010100000
1110001100001000
0000000000000010
1111110000010000
0000000000000000
1111110111101000
1110110010100000
1110001100001000
0000000000000011
1111110000010000
0000000000000000
1111110111101000
1110110010100000
1110001100001000
0000000000000100
1111110000010000
0000000000000000
1111110111101000
1110110010100000
1110001100001000
0000000000000000
1111110000010000
0000000000000111
1110010011010000
0000000000000010
1110001100001000
0000000000000000
1111110000010000
0000000000000001
1110001100001000
0100000101001111
1110101010000111
0000000000000000
1111110010101000
1111110000010000
0000000000000101
1110001100001000
0000000000000111
1110110000010000
0000000000000000
1111110111101000
1110110010100000
1110001100001000
0001010000110111
1110110000010000
0000000000000000
1111110111101000
1110110010100000
1110001100001000
0000000000000001
1111110000010000
0000000000000000
1111110111101000
1110110010100000
1110001100001000
0000000000000010
1111110000010000
0000000000000000
1111110111101000
1110110010100000
1110001100001000
0000000000000011
1111110000010000
0000000000000000
1111110111101000
1110110010100000
1110001100001000
0000000000000100
1111110000010000
0000000000000000
1111110111101000
1110110010100000
1110001100001000
0000000000000000
1111110000010000
0000000000000110
1110010011010000
0000000000000010
1110001100001000
0000000000000000
1111110000010000
0000000000000001
1110001100001000
0110101100000011
1110101010000111
0000000001010011
1110110000010000
0000000000000000
1111110111101000
1110110010100000
1110001100001000
0001010001100111
1110110000010000
0000000000000000
1111110111101000
1110110010100000
1110001100001000
0000000000000001
1111110000010000
0000000000000000
1111110111101000
1110110010100000
1110001100001000
0000000000000010
1111110000010000
0000000000000000
1111110111101000
1110110010100000
1110001100001000
0000000000000011
1111110000010000
0000000000000000
1111110111101000
1110110010100000
1110001100001000
0000000000000100
1111110000010000
0000000000000000
1111110111101000
1110110010100000
1110001100001000
0000000000000000
1111110000010000
0000000000000111
1110010011010000
0000000000000010
1110001100001000
0000000000000000
1111110000010000
0000000000000001
1110001100001000
0110110110111111
1110101010000111
0000000001100011
1110110000010000
0000000000000000
1111110111101000
1110110010100000
1110001100001000
0001010010010111
1110110000010000
0000000000000000
1111110111101000
1110110010100000
1110001100001000
0000000000000001
1111110000010000
0000000000000000
1111110111101000
1110110010100000
1110001100001000
0000000000000010
1111110000010000
0000000000000000
1111110111101000
1110110010100000
1110001100001000
0000000000000011
1111110000010000
0000000000000000
1111110111101000
1110110010100000
1110001100001000
0000000000000100
1111110000010000
0000000000000000
1111110111101000
1110110010100000
1110001100001000
0000000000000000
1111110000010000
0000000000000111
1110010011010000
0000000000000010
1110001100001000
0000000000000000
1111110000010000
0000000000000001
1110001100001000
0110110110111111
1110101010000111
0000000001101111
1110110000010000
0000000000000000
1111110111101000
1110110010100000
1110001100001000
0001010011000111
1110110000010000
0000000000000000
1111110111101000
1110110010100000
1110001100001000
0000000000000001
1111110000010000
0000000000000000
1111110111101000
1110110010100000
1110001100001000
0000000000000010
1111110000010000
0000000000000000
1111110111101000
1110110010100000
1110001100001000
0000000000000011
1111110000010000
0000000000000000
1111110111101000
1110110010100000
1110001100001000
0000000000000100
1111110000010000
0000000000000000
1111110111101000
1110110010100000
1110001100001000
0000000000000000
1111110000010000
0000000000000111
1110010011010000
0000000000000010
1110001100001000
0000000000000000
1111110000010000
0000000000000001
1110001100001000
0110110110111111
1110101010000111
0000000001110010
1110110000010000
0000000000000000
1111110111101000
1110110010100000
1110001100001000
0001010011110111
1110110000010000
0000000000000000
1111110111101000
1110110010100000
1110001100001000
0000000000000001
1111110000010000
0000000000000000
1111110111101000
1110110010100000
1110001100001000
0000000000000010
1111110000010000
0000000000000000
1111110111101000
1110110010100000
1110001100001000
0000000000000011
1111110000010000
0000000000000000
1111110111101000
1110110010100000
1110001100001000
0000000000000100
1111110000010000
0000000000000000
1111110111101000
1110110010100000
1110001100001000
0000000000000000
1111110000010000
0000000000000111
1110010011010000
0000000000000010
1110001100001000
0000000000000000
1111110000010000
0000000000000001
1110001100001000
0110110110111111
1110101010000111
0000000001100101
1110110000010000
0000000000000000
1111110111101000
1110110010100000
1110001100001000
0001010100100111
1110110000010000
0000000000000000
1111110111101000
1110110010100000
1110001100001000
0000000000000001
1111110000010000
0000000000000000
1111110111101000
1110110010100000
1110001100001000
0000000000000010
1111110000010000
0000000000000000
1111110111101000
1110110010100000
1110001100001000
0000000000000011
1111110000010000
0000000000000000
1111110111101000
1110110010100000
1110001100001000
0000000000000100
1111110000010000
0000000000000000
1111110111101000
1110110010100000
1110001100001000
0000000000000000
1111110000010000
0000000000000111
1110010011010000
0000000000000010
1110001100001000
0000000000000000
1111110000010000
0000000000000001
1110001100001000
0110110110111111
1110101010000111
0000000000111010
1110110000010000
0000000000000000
1111110111101000
1110110010100000
1110001100001000
0001010101010111
1110110000010000
0000000000000000
1111110111101000
1110110010100000
1110001100001000
0000000000000001
1111110000010000
0000000000000000
1111110111101000
1110110010100000
1110001100001000
0000000000000010
1111110000010000
0000000000000000
1111110111101000
1110110010100000
1110001100001000
0000000000000011
1111110000010000
0000000000000000
1111110111101000
1110110010100000
1110001100001000
0000000000000100
1111110000010000
0000000000000000
1111110111101000
1110110010100000
1110001100001000
0000000000000000
1111110000010000
0000000000000111
1110010011010000
0000000000000010
1110001100001000
0000000000000000
1111110000010000
0000000000000001
1110001100001000
0110110110111111
1110101010000111
0000000000100000
1110110000010000
0000000000000000
1111110111101000
1110110010100000
1110001100001000
0001010110000111
1110110000010000
0000000000000000
1111110111101000
1110110010100000
1110001100001000
0000000000000001
1111110000010000
0000000000000000
1111110111101000
1110110010100000
1110001100001000
0000000000000010
1111110000010000
0000000000000000
1111110111101000
1110110010100000
1110001100001000
0000000000000011
1111110000010000
0000000000000000
1111110111101000
1110110010100000
1110001100001000
0000000000000100
1111110000010000
0000000000000000
1111110111101000
1110110010100000
1110001100001000
0000000000000000
1111110000010000
0000000000000111
1110010011010000
0000000000000010
1110001100001000
0000000000000000
1111110000010000
0000000000000001
1110001100001000
0110110110111111
1110101010000111
0001010110110001
1110110000010000
0000000000000000
1111110111101000
1110110010100000
1110001100001000
0000000000000001
1111110000010000
0000000000000000
1111110111101000
1110110010100000
1110001100001000
0000000000000010
1111110000010000
0000000000000000
1111110111101000
1110110010100000
1110001100001000
0000000000000011
1111110000010000
0000000000000000
1111110111101000
1110110010100000
1110001100001000
0000000000000100
1111110000010000
0000000000000000
1111110111101000
1110110010100000
1110001100001000
0000000000000000
1111110000010000
0000000000000110
1110010011010000
0000000000000010
1110001100001000
0000000000000000
1111110000010000
0000000000000001
1110001100001000
0100011111001111
1110101010000111
0000000000000000
1111110010101000
1111110000010000
0000000000000101
1110001100001000
0000000000000100
1110110000010000
0000000000000001
1111000010100000
1111110000010000
0000000000000000
1111110111101000
1110110010100000
1110001100001000
0001010111101001
1110110000010000
0000000000000000
1111110111101000
1110110010100000
1110001100001000
0000000000000001
1111110000010000
0000000000000000
1111110111101000
1110110010100000
1110001100001000
0000000000000010
1111110000010000
0000000000000000
1111110111101000
1110110010100000
1110001100001000
0000000000000011
1111110000010000
0000000000000000
1111110111101000
1110110010100000
1110001100001000
0000000000000100
1111110000010000
0000000000000000
1111110111101000
1110110010100000
1110001100001000
0000000000000000
1111110000010000
0000000000000110
1110010011010000
0000000000000010
1110001100001000
0000000000000000
1111110000010000
0000000000000001
1110001100001000
0100100011101010
1110101010000111
0000000000000000
1111110010101000
1111110000010000
0000000000000101
1110001100001000
0001010111110000
1110101010000111
0001010111110010
1110101010000111
0001010111110100
1110101010000111
0000000000110010
1110110000010000
0000000000000000
1111110111101000
1110110010100000
1110001100001000
0001011000100100
1110110000010000
0000000000000000
1111110111101000
1110110010100000
1110001100001000
0000000000000001
1111110000010000
0000000000000000
1111110111101000
1110110010100000
1110001100001000
0000000000000010
1111110000010000
0000000000000000
1111110111101000
1110110010100000
1110001100001000
0000000000000011
1111110000010000
0000000000000000
1111110111101000
1110110010100000
1110001100001000
0000000000000100
1111110000010000
0000000000000000
1111110111101000
1110110010100000
1110001100001000
0000000000000000
1111110000010000
0000000000000110
1110010011010000
0000000000000010
1110001100001000
0000000000000000
1111110000010000
0000000000000001
1110001100001000
0111100100001110
1110101010000111
0000000000000000
1111110010101000
1111110000010000
0000000000000101
1110001100001000
0000111111011111
1110101010000111
0000000000000001
1111110111100000
1111110000010000
0000000000000000
1111110111101000
1110110010100000
1110001100001000
0001011001011100
1110110000010000
0000000000000000
1111110111101000
1110110010100000
1110001100001000
0000000000000001
1111110000010000
0000000000000000
1111110111101000
1110110010100000
1110001100001000
0000000000000010
1111110000010000
0000000000000000
1111110111101000
1110110010100000
1110001100001000
0000000000000011
1111110000010000
0000000000000000
1111110111101000
1110110010100000
1110001100001000
0000000000000100
1111110000010000
0000000000000000
1111110111101000
1110110010100000
1110001100001000
0000000000000000
1111110000010000
0000000000000110
1110010011010000
0000000000000010
1110001100001000
0000000000000000
1111110000010000
0000000000000001
1110001100001000
0000001111111100
1110101010000111
0000000000000000
1111110010101000
1111110000010000
0000000000000101
1110001100001000
0000000000000001
1111110000100000
1111110000010000
0000000000000000
1111110111101000
1110110010100000
1110001100001000
0001011010010010
1110110000010000
0000000000000000
1111110111101000
1110110010100000
1110001100001000
0000000000000001
1111110000010000
0000000000000000
1111110111101000
1110110010100000
1110001100001000
0000000000000010
1111110000010000
0000000000000000
1111110111101000
1110110010100000
1110001100001000
0000000000000011
1111110000010000
0000000000000000
1111110111101000
1110110010100000
1110001100001000
0000000000000100
1111110000010000
0000000000000000
1111110111101000
1110110010100000
1110001100001000
0000000000000000
1111110000010000
0000000000000110
1110010011010000
0000000000000010
1110001100001000
0000000000000000
1111110000010000
0000000000000001
1110001100001000
0100110010101111
1110101010000111
0000000000000000
1111110010101000
1111110000010000
0000000000000101
1110001100001000
0000000000000000
1110110000010000
0000000000000000
1111110111101000
1110110010100000
1110001100001000
0000000000000001
1111110000010000
0000000000001101
1110001100001000
0000000000000101
1110010011100000
1111110000010000
0000000000001110
1110001100001000
0000000000000000
1111110010101000
1111110000010000
0000000000000010
1111110000100000
1110001100001000
0000000000000010
1111110111010000
0000000000000000
1110001100001000
0000000000001101
1111110000010000
0000000000000001
1110010011100000
1111110000010000
0000000000000100
1110001100001000
0000000000001101
1111110000010000
0000000000000010
1110010011100000
1111110000010000
0000000000000011
1110001100001000
0000000000001101
1111110000010000
0000000000000011
1110010011100000
1111110000010000
0000000000000010
1110001100001000
0000000000001101
1111110000010000
0000000000000100
1110010011100000
1111110000010000
0000000000000001
1110001100001000
0000000000001110
1111110000100000
1110101010000111
0000000000001111
1110110000010000
0000000000000000
1111110111101000
1110110010100000
1110001100001000
0001011011111111
1110110000010000
0000000000000000
1111110111101000
1110110010100000
1110001100001000
0000000000000001
1111110000010000
0000000000000000
1111110111101000
1110110010100000
1110001100001000
0000000000000010
1111110000010000
0000000000000000
1111110111101000
1110110010100000
1110001100001000
0000000000000011
1111110000010000
0000000000000000
1111110111101000
1110110010100000
1110001100001000
0000000000000100
1111110000010000
0000000000000000
1111110111101000
1110110010100000
1110001100001000
0000000000000000
1111110000010000
0000000000000110
1110010011010000
0000000000000010
1110001100001000
0000000000000000
1111110000010000
0000000000000001
1110001100001000
0000000000101110
1110101010000111
0000000000000000
1111110010101000
1111110000010000
0000000000010001
1110001100001000
0000000000010001
1111110000010000
0000000000000000
1111110111101000
1110110010100000
1110001100001000
0000000000000000
1110110000010000
0000000000000000
1111110111101000
1110110010100000
1110001100001000
0000000000000000
1111110010101000
1111110000010000
1110110010100000
1111000010001000
0000000000000001
1110110000010000
0000000000000000
1111110111101000
1110110010100000
1110001100001000
0000000000000000
1111110010101000
1111110000010000
0000000000000101
1110001100001000
0000000000000000
1111110010101000
1111110000010000
0000000000000100
1110001100001000
0000000000000101
1111110000010000
0000000000000000
1111110111101000
1110110010100000
1110001100001000
0000000000000000
1111110010101000
1111110000010000
0000000000000100
1111110000100000
1110001100001000
0000000000010001
1111110000010000
0000000000000000
1111110111101000
1110110010100000
1110001100001000
0000000000000001
1110110000010000
0000000000000000
1111110111101000
1110110010100000
1110001100001000
0000000000000000
1111110010101000
1111110000010000
1110110010100000
1111000010001000
0000000000000010
1110110000010000
0000000000000000
1111110111101000
1110110010100000
1110001100001000
0000000000000000
1111110010101000
1111110000010000
0000000000000101
1110001100001000
0000000000000000
1111110010101000
1111110000010000
0000000000000100
1110001100001000
0000000000000101
1111110000010000
0000000000000000
1111110111101000
1110110010100000
1110001100001000
0000000000000000
1111110010101000
1111110000010000
0000000000000100
1111110000100000
1110001100001000
0000000000010001
1111110000010000
0000000000000000
1111110111101000
1110110010100000
1110001100001000
0000000000000010
1110110000010000
0000000000000000
1111110111101000
1110110010100000
1110001100001000
0000000000000000
1111110010101000
1111110000010000
1110110010100000
1111000010001000
0000000000000100
1110110000010000
0000000000000000
1111110111101000
1110110010100000
1110001100001000
0000000000000000
1111110010101000
1111110000010000
0000000000000101
1110001100001000
0000000000000000
1111110010101000
1111110000010000
0000000000000100
1110001100001000
0000000000000101
1111110000010000
0000000000000000
1111110111101000
1110110010100000
1110001100001000
0000000000000000
1111110010101000
1111110000010000
0000000000000100
1111110000100000
1110001100001000
0000000000010001
1111110000010000
0000000000000000
1111110111101000
1110110010100000
1110001100001000
0000000000000011
1110110000010000
0000000000000000
1111110111101000
1110110010100000
1110001100001000
0000000000000000
1111110010101000
1111110000010000
1110110010100000
1111000010001000
0000000000001000
1110110000010000
0000000000000000
1111110111101000
1110110010100000
1110001100001000
0000000000000000
1111110010101000
1111110000010000
0000000000000101
1110001100001000
0000000000000000
1111110010101000
1111110000010000
0000000000000100
1110001100001000
0000000000000101
1111110000010000
0000000000000000
1111110111101000
1110110010100000
1110001100001000
0000000000000000
1111110010101000
1111110000010000
0000000000000100
1111110000100000
1110001100001000
0000000000010001
1111110000010000
0000000000000000
1111110111101000
1110110010100000
1110001100001000
0000000000000100
1110110000010000
0000000000000000
1111110111101000
1110110010100000
1110001100001000
0000000000000000
1111110010101000
1111110000010000
1110110010100000
1111000010001000
0000000000010000
1110110000010000
0000000000000000
1111110111101000
1110110010100000
1110001100001000
0000000000000000
1111110010101000
1111110000010000
0000000000000101
1110001100001000
0000000000000000
1111110010101000
1111110000010000
0000000000000100
1110001100001000
0000000000000101
1111110000010000
0000000000000000
1111110111101000
1110110010100000
1110001100001000
0000000000000000
1111110010101000
1111110000010000
0000000000000100
1111110000100000
1110001100001000
0000000000010001
1111110000010000
0000000000000000
1111110111101000
1110110010100000
1110001100001000
0000000000000101
1110110000010000
0000000000000000
1111110111101000
1110110010100000
1110001100001000
0000000000000000
1111110010101000
1111110000010000
1110110010100000
1111000010001000
0000000000100000
1110110000010000
0000000000000000
1111110111101000
1110110010100000
1110001100001000
0000000000000000
1111110010101000
1111110000010000
0000000000000101
1110001100001000
0000000000000000
1111110010101000
1111110000010000
0000000000000100
1110001100001000
0000000000000101
1111110000010000
0000000000000000
1111110111101000
1110110010100000
1110001100001000
0000000000000000
1111110010101000
1111110000010000
0000000000000100
1111110000100000
1110001100001000
0000000000010001
1111110000010000
0000000000000000
1111110111101000
1110110010100000
1110001100001000
0000000000000110
1110110000010000
0000000000000000
1111110111101000
1110110010100000
1110001100001000
0000000000000000
1111110010101000
1111110000010000
1110110010100000
1111000010001000
0000000001000000
1110110000010000
0000000000000000
1111110111101000
1110110010100000
1110001100001000
0000000000000000
1111110010101000
1111110000010000
0000000000000101
1110001100001000
0000000000000000
1111110010101000
1111110000010000
0000000000000100
1110001100001000
0000000000000101
1111110000010000
0000000000000000
1111110111101000
1110110010100000
1110001100001000
0000000000000000
1111110010101000
1111110000010000
0000000000000100
1111110000100000
1110001100001000
0000000000010001
1111110000010000
0000000000000000
1111110111101000
1110110010100000
1110001100001000
0000000000000111
1110110000010000
0000000000000000
1111110111101000
1110110010100000
1110001100001000
0000000000000000
1111110010101000
1111110000010000
1110110010100000
1111000010001000
0000000010000000
1110110000010000
0000000000000000
1111110111101000
1110110010100000
1110001100001000
0000000000000000
1111110010101000
1111110000010000
0000000000000101
1110001100001000
0000000000000000
1111110010101000
1111110000010000
0000000000000100
1110001100001000
0000000000000101
1111110000010000
0000000000000000
1111110111101000
1110110010100000
1110001100001000
0000000000000000
1111110010101000
1111110000010000
0000000000000100
1111110000100000
1110001100001000
0000000000010001
1111110000010000
0000000000000000
1111110111101000
1110110010100000
1110001100001000
0000000000001000
1110110000010000
0000000000000000
1111110111101000
1110110010100000
1110001100001000
0000000000000000
1111110010101000
1111110000010000
1110110010100000
1111000010001000
0000000100000000
1110110000010000
0000000000000000
1111110111101000
1110110010100000
1110001100001000
0000000000000000
1111110010101000
1111110000010000
0000000000000101
1110001100001000
0000000000000000
1111110010101000
1111110000010000
0000000000000100
1110001100001000
0000000000000101
1111110000010000
0000000000000000
1111110111101000
1110110010100000
1110001100001000
0000000000000000
1111110010101000
1111110000010000
0000000000000100
1111110000100000
1110001100001000
0000000000010001
1111110000010000
0000000000000000
1111110111101000
1110110010100000
1110001100001000
0000000000001001
1110110000010000
0000000000000000
1111110111101000
1110110010100000
1110001100001000
0000000000000000
1111110010101000
1111110000010000
1110110010100000
1111000010001000
0000001000000000
1110110000010000
0000000000000000
1111110111101000
1110110010100000
1110001100001000
0000000000000000
1111110010101000
1111110000010000
0000000000000101
1110001100001000
0000000000000000
1111110010101000
1111110000010000
0000000000000100
1110001100001000
0000000000000101
1111110000010000
0000000000000000
1111110111101000
1110110010100000
1110001100001000
0000000000000000
1111110010101000
1111110000010000
0000000000000100
1111110000100000
1110001100001000
0000000000010001
1111110000010000
0000000000000000
1111110111101000
1110110010100000
1110001100001000
0000000000001010
1110110000010000
0000000000000000
1111110111101000
1110110010100000
1110001100001000
0000000000000000
1111110010101000
1111110000010000
1110110010100000
1111000010001000
0000010000000000
1110110000010000
0000000000000000
1111110111101000
1110110010100000
1110001100001000
0000000000000000
1111110010101000
1111110000010000
0000000000000101
1110001100001000
0000000000000000
1111110010101000
1111110000010000
0000000000000100
1110001100001000
0000000000000101
1111110000010000
0000000000000000
1111110111101000
1110110010100000
1110001100001000
0000000000000000
1111110010101000
1111110000010000
0000000000000100
1111110000100000
1110001100001000
0000000000010001
1111110000010000
0000000000000000
1111110111101000
1110110010100000
1110001100001000
0000000000001011
1110110000010000
0000000000000000
1111110111101000
1110110010100000
1110001100001000
0000000000000000
1111110010101000
1111110000010000
1110110010100000
1111000010001000
0000100000000000
1110110000010000
0000000000000000
1111110111101000
1110110010100000
1110001100001000
0000000000000000
1111110010101000
1111110000010000
0000000000000101
1110001100001000
0000000000000000
1111110010101000
1111110000010000
0000000000000100
1110001100001000
0000000000000101
1111110000010000
0000000000000000
1111110111101000
1110110010100000
1110001100001000
0000000000000000
1111110010101000
1111110000010000
0000000000000100
1111110000100000
1110001100001000
0000000000010001
1111110000010000
0000000000000000
1111110111101000
1110110010100000
1110001100001000
0000000000001100
1110110000010000
0000000000000000
1111110111101000
1110110010100000
1110001100001000
0000000000000000
1111110010101000
1111110000010000
1110110010100000
1111000010001000
0001000000000000
1110110000010000
0000000000000000
1111110111101000
1110110010100000
1110001100001000
0000000000000000
1111110010101000
1111110000010000
0000000000000101
1110001100001000
0000000000000000
1111110010101000
1111110000010000
0000000000000100
1110001100001000
0000000000000101
1111110000010000
0000000000000000
1111110111101000
1110110010100000
1110001100001000
0000000000000000
1111110010101000
1111110000010000
0000000000000100
1111110000100000
1110001100001000
0000000000010001
1111110000010000
0000000000000000
1111110111101000
1110110010100000
1110001100001000
0000000000001101
1110110000010000
0000000000000000
1111110111101000
1110110010100000
1110001100001000
0000000000000000
1111110010101000
1111110000010000
1110110010100000
1111000010001000
0010000000000000
1110110000010000
0000000000000000
1111110111101000
1110110010100000
1110001100001000
0000000000000000
1111110010101000
1111110000010000
0000000000000101
1110001100001000
0000000000000000
1111110010101000
1111110000010000
0000000000000100
1110001100001000
0000000000000101
1111110000010000
0000000000000000
1111110111101000
1110110010100000
1110001100001000
0000000000000000
1111110010101000
1111110000010000
0000000000000100
1111110000100000
1110001100001000
0000000000010001
1111110000010000
0000000000000000
1111110111101000
1110110010100000
1110001100001000
0000000000001110
1110110000010000
0000000000000000
1111110111101000
1110110010100000
1110001100001000
0000000000000000
1111110010101000
1111110000010000
1110110010100000
1111000010001000
0100000000000000
1110110000010000
0000000000000000
1111110111101000
1110110010100000
1110001100001000
0000000000000000
1111110010101000
1111110000010000
0000000000000101
1110001100001000
0000000000000000
1111110010101000
1111110000010000
0000000000000100
1110001100001000
0000000000000101
1111110000010000
0000000000000000
1111110111101000
1110110010100000
1110001100001000
0000000000000000
1111110010101000
1111110000010000
0000000000000100
1111110000100000
1110001100001000
0000000000000000
1110110000010000
0000000000000000
1111110111101000
1110110010100000
1110001100001000
0000000000000001
1111110000010000
0000000000001101
1110001100001000
0000000000000101
1110010011100000
1111110000010000
0000000000001110
1110001100001000
0000000000000000
1111110010101000
1111110000010000
0000000000000010
1111110000100000
1110001100001000
0000000000000010
1111110111010000
0000000000000000
1110001100001000
0000000000001101
1111110000010000
0000000000000001
1110010011100000
1111110000010000
0000000000000100
1110001100001000
0000000000001101
1111110000010000
0000000000000010
1110010011100000
1111110000010000
0000000000000011
1110001100001000
0000000000001101
1111110000010000
0000000000000011
1110010011100000
1111110000010000
0000000000000010
1110001100001000
0000000000001101
1111110000010000
0000000000000100
1110010011100000
1111110000010000
0000000000000001
1110001100001000
0000000000001110
1111110000100000
1110101010000111
0000000000000010
1111110000100000
1111110000010000
0000000000000000
1111110111101000
1110110010100000
1110001100001000
0000000000000000
1110110000010000
0000000000000000
1111110111101000
1110110010100000
1110001100001000
0000000000000000
1111110010101000
1111110000010000
1110110010100000
1111000111010000
0001100111111000
1110001100000100
0000000000000000
1111110010100000
1110101010001000
0001100111111011
1110101010000111
0000000000000000
1111110010100000
1110111010001000
0000000000000000
1111110010100000
1111110001001000
0000000000000000
1111110010101000
1111110000010000
0001101001000001
1110001100000101
0000000000000010
1111110000100000
1111110000010000
0000000000000000
1111110111101000
1110110010100000
1110001100001000
0000000000000000
1111110010100000
1111110011001000
0000000000000001
1111110000010000
0000000000001101
1110001100001000
0000000000000101
1110010011100000
1111110000010000
0000000000001110
1110001100001000
0000000000000000
1111110010101000
1111110000010000
0000000000000010
1111110000100000
1110001100001000
0000000000000010
1111110111010000
0000000000000000
1110001100001000
0000000000001101
1111110000010000
0000000000000001
1110010011100000
1111110000010000
0000000000000100
1110001100001000
0000000000001101
1111110000010000
0000000000000010
1110010011100000
1111110000010000
0000000000000011
1110001100001000
0000000000001101
1111110000010000
0000000000000011
1110010011100000
1111110000010000
0000000000000010
1110001100001000
0000000000001101
1111110000010000
0000000000000100
1110010011100000
1111110000010000
0000000000000001
1110001100001000
0000000000001110
1111110000100000
1110101010000111
0001101001000001
1110101010000111
0000000000000010
1111110000100000
1111110000010000
0000000000000000
1111110111101000
1110110010100000
1110001100001000
0000000000000001
1111110000010000
0000000000001101
1110001100001000
0000000000000101
1110010011100000
1111110000010000
0000000000001110
1110001100001000
0000000000000000
1111110010101000
1111110000010000
0000000000000010
1111110000100000
1110001100001000
0000000000000010
1111110111010000
0000000000000000
1110001100001000
0000000000001101
1111110000010000
0000000000000001
1110010011100000
1111110000010000
0000000000000100
1110001100001000
0000000000001101
1111110000010000
0000000000000010
1110010011100000
1111110000010000
0000000000000011
1110001100001000
0000000000001101
1111110000010000
0000000000000011
1110010011100000
1111110000010000
0000000000000010
1110001100001000
0000000000001101
1111110000010000
0000000000000100
1110010011100000
1111110000010000
0000000000000001
1110001100001000
0000000000001110
1111110000100000
1110101010000111
0000000000000000
1111110000100000
1110101010001000
1110110111100000
1110101010001000
1110110111100000
1110101010001000
1110110111100000
1110110000010000
0000000000000000
1110001100001000
0000000000000000
1110110000010000
0000000000000000
1111110111101000
1110110010100000
1110001100001000
0000000000000000
1111110010101000
1111110000010000
0000000000000001
1111110000100000
1110001100001000
0000000000000010
1111110000100000
1111110000010000
0000000000000000
1111110111101000
1110110010100000
1110001100001000
0000000000000000
1111110010101000
1111110000010000
0000000000000001
1111110111100000
1110001100001000
0000000000000000
1110110000010000
0000000000000000
1111110111101000
1110110010100000
1110001100001000
0000000000000010
1110110000010000
0000000000000001
1111000010010000
0000000000001101
1110001100001000
0000000000000000
1111110010101000
1111110000010000
0000000000001101
1111110000100000
1110001100001000
0000000000000010
1110110000010000
0000000000000001
1111000010100000
1111110000010000
0000000000000000
1111110111101000
1110110010100000
1110001100001000
0000000000001111
1110110000010000
0000000000000000
1111110111101000
1110110010100000
1110001100001000
0000000000000000
1111110010101000
1111110000010000
1110110010100000
1111000111010000
0001101011001011
1110001100000100
0000000000000000
1111110010100000
1110101010001000
0001101011001110
1110101010000111
0000000000000000
1111110010100000
1110111010001000
0000000000000000
1111110010100000
1111110001001000
0000000000000000
1111110010101000
1111110000010000
0001101101111000
1110001100000101
0000000000000010
1111110111100000
1111110000010000
0000000000000000
1111110111101000
1110110010100000
1110001100001000
0000000000010001
1111110000010000
0000000000000000
1111110111101000
1110110010100000
1110001100001000
0000000000000010
1110110000010000
0000000000000001
1111000010100000
1111110000010000
0000000000000000
1111110111101000
1110110010100000
1110001100001000
0000000000000000
1111110010101000
1111110000010000
1110110010100000
1111000010001000
0000000000000000
1111110010101000
1111110000010000
0000000000000100
1110001100001000
0000000000000100
1111110000100000
1111110000010000
0000000000000000
1111110111101000
1110110010100000
1110001100001000
0000000000000000
1111110010101000
1111110000010000
1110110010100000
1111000000001000
0000000000000000
1110110000010000
0000000000000000
1111110111101000
1110110010100000
1110001100001000
0000000000000000
1111110010101000
1111110000010000
1110110010100000
1111000111010000
0001101100010100
1110001100000010
0000000000000000
1111110010100000
1110101010001000
0001101100010111
1110101010000111
0000000000000000
1111110010100000
1110111010001000
0000000000000000
1111110010100000
1111110001001000
0000000000000000
1111110010100000
1111110001001000
0000000000000000
1111110010101000
1111110000010000
0001101100111101
1110001100000101
0000000000000001
1111110000100000
1111110000010000
0000000000000000
1111110111101000
1110110010100000
1110001100001000
0000000000000001
1111110111100000
1111110000010000
0000000000000000
1111110111101000
1110110010100000
1110001100001000
0000000000000000
1111110010101000
1111110000010000
1110110010100000
1111000010001000
0000000000000000
1111110010101000
1111110000010000
0000000000000001
1111110000100000
1110001100001000
0001101100111101
1110101010000111
0000000000000001
1111110111100000
1111110000010000
0000000000000000
1111110111101000
1110110010100000
1110001100001000
0000000000000001
1111110111100000
1111110000010000
0000000000000000
1111110111101000
1110110010100000
1110001100001000
0000000000000000
1111110010101000
1111110000010000
1110110010100000
1111000010001000
0000000000000000
1111110010101000
1111110000010000
0000000000000001
1111110111100000
1110001100001000
0000000000000010
1110110000010000
0000000000000001
1111000010100000
1111110000010000
0000000000000000
1111110111101000
1110110010100000
1110001100001000
0000000000000001
1110110000010000
0000000000000000
1111110111101000
1110110010100000
1110001100001000
0000000000000000
1111110010101000
1111110000010000
1110110010100000
1111000010001000
0000000000000010
1110110000010000
0000000000000001
1111000010010000
0000000000001101
1110001100001000
0000000000000000
1111110010101000
1111110000010000
0000000000001101
1111110000100000
1110001100001000
0001101010110000
1110101010000111
0000000000000001
1111110000100000
1111110000010000
0000000000000000
1111110111101000
1110110010100000
1110001100001000
0000000000000001
1111110000010000
0000000000001101
1110001100001000
0000000000000101
1110010011100000
1111110000010000
0000000000001110
1110001100001000
0000000000000000
1111110010101000
1111110000010000
0000000000000010
1111110000100000
1110001100001000
0000000000000010
1111110111010000
0000000000000000
1110001100001000
0000000000001101
1111110000010000
0000000000000001
1110010011100000
1111110000010000
0000000000000100
1110001100001000
0000000000001101
1111110000010000
0000000000000010
1110010011100000
1111110000010000
0000000000000011
1110001100001000
0000000000001101
1111110000010000
0000000000000011
1110010011100000
1111110000010000
0000000000000010
1110001100001000
0000000000001101
1111110000010000
0000000000000100
1110010011100000
1111110000010000
0000000000000001
1110001100001000
0000000000001110
1111110000100000
1110101010000111
0000000000000000
1111110000100000
1110101010001000
1110110111100000
1110101010001000
1110110111100000
1110101010001000
1110110111100000
1110101010001000
1110110111100000
1110101010001000
1110110111100000
1110110000010000
0000000000000000
1110001100001000
0000000000000010
1111110111100000
1111110000010000
0000000000000000
1111110111101000
1110110010100000
1110001100001000
0000000000000000
1110110000010000
0000000000000000
1111110111101000
1110110010100000
1110001100001000
0000000000000000
1111110010101000
1111110000010000
1110110010100000
1111000111010000
0001101111011001
1110001100000010
0000000000000000
1111110010100000
1110101010001000
0001101111011100
1110101010000111
0000000000000000
1111110010100000
1110111010001000
0000000000000000
1111110010100000
1111110001001000
0000000000000000
1111110010101000
1111110000010000
0001110000011110
1110001100000101
0000000000000000
1110110000010000
0000000000000000
1111110111101000
1110110010100000
1110001100001000
0000000000000001
1111110000010000
0000000000001101
1110001100001000
0000000000000101
1110010011100000
1111110000010000
0000000000001110
1110001100001000
0000000000000000
1111110010101000
1111110000010000
0000000000000010
1111110000100000
1110001100001000
0000000000000010
1111110111010000
0000000000000000
1110001100001000
0000000000001101
1111110000010000
0000000000000001
1110010011100000
1111110000010000
0000000000000100
1110001100001000
0000000000001101
1111110000010000
0000000000000010
1110010011100000
1111110000010000
0000000000000011
1110001100001000
0000000000001101
1111110000010000
0000000000000011
1110010011100000
1111110000010000
0000000000000010
1110001100001000
0000000000001101
1111110000010000
0000000000000100
1110010011100000
1111110000010000
0000000000000001
1110001100001000
0000000000001110
1111110000100000
1110101010000111
0001110000011110
1110101010000111
0000000000000010
1111110000100000
1111110000010000
0000000000000000
1111110111101000
1110110010100000
1110001100001000
0000000000000000
1110110000010000
0000000000000000
1111110111101000
1110110010100000
1110001100001000
0000000000000000
1111110010101000
1111110000010000
1110110010100000
1111000111010000
0001110000110111
1110001100000100
0000000000000000
1111110010100000
1110101010001000
0001110000111010
1110101010000111
0000000000000000
1111110010100000
1110111010001000
0000000000000010
1111110111100000
1111110000010000
0000000000000000
1111110111101000
1110110010100000
1110001100001000
0000000000000000
1110110000010000
0000000000000000
1111110111101000
1110110010100000
1110001100001000
0000000000000000
1111110010101000
1111110000010000
1110110010100000
1111000111010000
0001110001010011
1110001100000001
0000000000000000
1111110010100000
1110101010001000
0001110001010110
1110101010000111
0000000000000000
1111110010100000
1110111010001000
0000000000000000
1111110010101000
1111110000010000
1110110010100000
1111000000001000
0000000000000010
1111110000100000
1111110000010000
0000000000000000
1111110111101000
1110110010100000
1110001100001000
0000000000000000
1110110000010000
0000000000000000
1111110111101000
1110110010100000
1110001100001000
0000000000000000
1111110010101000
1111110000010000
1110110010100000
1111000111010000
0001110001110100
1110001100000001
0000000000000000
1111110010100000
1110101010001000
0001110001110111
1110101010000111
0000000000000000
1111110010100000
1110111010001000
0000000000000010
1111110111100000
1111110000010000
0000000000000000
1111110111101000
1110110010100000
1110001100001000
0000000000000000
1110110000010000
0000000000000000
1111110111101000
1110110010100000
1110001100001000
0000000000000000
1111110010101000
1111110000010000
1110110010100000
1111000111010000
0001110010010000
1110001100000100
0000000000000000
1111110010100000
1110101010001000
0001110010010011
1110101010000111
0000000000000000
1111110010100000
1110111010001000
0000000000000000
1111110010101000
1111110000010000
1110110010100000
1111000000001000
0000000000000000
1111110010101000
1111110000010000
1110110010100000
1111010101001000
0000000000000100
1110110000010000
0000000000000001
1111000010010000
0000000000001101
1110001100001000
0000000000000000
1111110010101000
1111110000010000
0000000000001101
1111110000100000
1110001100001000
0000000000000010
1111110000100000
1111110000010000
0000000000000000
1111110111101000
1110110010100000
1110001100001000
0001110011011010
1110110000010000
0000000000000000
1111110111101000
1110110010100000
1110001100001000
0000000000000001
1111110000010000
0000000000000000
1111110111101000
1110110010100000
1110001100001000
0000000000000010
1111110000010000
0000000000000000
1111110111101000
1110110010100000
1110001100001000
0000000000000011
1111110000010000
0000000000000000
1111110111101000
1110110010100000
1110001100001000
0000000000000100
1111110000010000
0000000000000000
1111110111101000
1110110010100000
1110001100001000
0000000000000000
1111110000010000
0000000000000110
1110010011010000
0000000000000010
1110001100001000
0000000000000000
1111110000010000
0000000000000001
1110001100001000
0001100111011111
1110101010000111
0000000000000000
1111110010101000
1111110000010000
0000000000000001
1111110111100000
1110001100001000
0000000000000010
1111110111100000
1111110000010000
0000000000000000
1111110111101000
1110110010100000
1110001100001000
0001110100010001
1110110000010000
0000000000000000
1111110111101000
1110110010100000
1110001100001000
0000000000000001
1111110000010000
0000000000000000
1111110111101000
1110110010100000
1110001100001000
0000000000000010
1111110000010000
0000000000000000
1111110111101000
1110110010100000
1110001100001000
0000000000000011
1111110000010000
0000000000000000
1111110111101000
1110110010100000
1110001100001000
0000000000000100
1111110000010000
0000000000000000
1111110111101000
1110110010100000
1110001100001000
0000000000000000
1111110000010000
0000000000000110
1110010011010000
0000000000000010
1110001100001000
0000000000000000
1111110000010000
0000000000000001
1110001100001000
0001100111011111
1110101010000111
0000000000000010
1110110000010000
0000000000000001
1111000010010000
0000000000001101
1110001100001000
0000000000000000
1111110010101000
1111110000010000
0000000000001101
1111110000100000
1110001100001000
0000000000000001
1111110111100000
1111110000010000
0000000000000000
1111110111101000
1110110010100000
1110001100001000
0000000000000010
1110110000010000
0000000000000001
1111000010100000
1111110000010000
0000000000000000
1111110111101000
1110110010100000
1110001100001000
0000000000000000
1111110010101000
1111110000010000
1110110010100000
1111000111010000
0001110100111001
1110001100000100
0000000000000000
1111110010100000
1110101010001000
0001110100111100
1110101010000111
0000000000000000
1111110010100000
1110111010001000
0000000000000000
1111110010100000
1111110001001000
0000000000000000
1111110010101000
1111110000010000
0001110101111110
1110001100000101
0000000000000000
1110110000010000
0000000000000000
1111110111101000
1110110010100000
1110001100001000
0000000000000001
1111110000010000
0000000000001101
1110001100001000
0000000000000101
1110010011100000
1111110000010000
0000000000001110
1110001100001000
0000000000000000
1111110010101000
1111110000010000
0000000000000010
1111110000100000
1110001100001000
0000000000000010
1111110111010000
0000000000000000
1110001100001000
0000000000001101
1111110000010000
0000000000000001
1110010011100000
1111110000010000
0000000000000100
1110001100001000
0000000000001101
1111110000010000
0000000000000010
1110010011100000
1111110000010000
0000000000000011
1110001100001000
0000000000001101
1111110000010000
0000000000000011
1110010011100000
1111110000010000
0000000000000010
1110001100001000
0000000000001101
1111110000010000
0000000000000100
1110010011100000
1111110000010000
0000000000000001
1110001100001000
0000000000001110
1111110000100000
1110101010000111
0001110101111110
1110101010000111
0000000000000010
1110110000010000
0000000000000001
1111000010100000
1111110000010000
0000000000000000
1111110111101000
1110110010100000
1110001100001000
0000000000000010
1110110000010000
0000000000000001
1111000010100000
1111110000010000
0000000000000000
1111110111101000
1110110010100000
1110001100001000
0000000000000000
1111110010101000
1111110000010000
1110110010100000
1111000010001000
0000000000000011
1110110000010000
0000000000000001
1111000010010000
0000000000001101
1110001100001000
0000000000000000
1111110010101000
1111110000010000
0000000000001101
1111110000100000
1110001100001000
0000000000000011
1110110000010000
0000000000000001
1111000010100000
1111110000010000
0000000000000000
1111110111101000
1110110010100000
1110001100001000
0000000000000000
1110110000010000
0000000000000000
1111110111101000
1110110010100000
1110001100001000
0000000000000000
1111110010101000
1111110000010000
1110110010100000
1111000111010000
0001110110111100
1110001100000100
0000000000000000
1111110010100000
1110101010001000
0001110110111111
1110101010000111
0000000000000000
1111110010100000
1110111010001000
0000000000000011
1110110000010000
0000000000000001
1111000010100000
1111110000010000
0000000000000000
1111110111101000
1110110010100000
1110001100001000
0000000000000001
1111110111100000
1111110000010000
0000000000000000
1111110111101000
1110110010100000
1110001100001000
0000000000000000
1111110010101000
1111110000010000
1110110010100000
1111000111010000
0001110111011011
1110001100000001
0000000000000000
1111110010100000
1110101010001000
0001110111011110
1110101010000111
0000000000000000
1111110010100000
1110111010001000
0000000000000000
1111110010101000
1111110000010000
1110110010100000
1111010101001000
0000000000000000
1111110010100000
1111110001001000
0000000000000000
1111110010101000
1111110000010000
0001111001110011
1110001100000101
0000000000000100
1110110000010000
0000000000000001
1111000010100000
1111110000010000
0000000000000000
1111110111101000
1110110010100000
1110001100001000
0000000000000000
1111110010100000
1111110001001000
0000000000000000
1111110010101000
1111110000010000
0001111000111001
1110001100000101
0000000000000001
1110110000010000
0000000000000000
1111110111101000
1110110010100000
1110001100001000
0000000000000000
1111110010100000
1111110011001000
0000000000000001
1111110000010000
0000000000001101
1110001100001000
0000000000000101
1110010011100000
1111110000010000
0000000000001110
1110001100001000
0000000000000000
1111110010101000
1111110000010000
0000000000000010
1111110000100000
1110001100001000
0000000000000010
1111110111010000
0000000000000000
1110001100001000
0000000000001101
1111110000010000
0000000000000001
1110010011100000
1111110000010000
0000000000000100
1110001100001000
0000000000001101
1111110000010000
0000000000000010
1110010011100000
1111110000010000
0000000000000011
1110001100001000
0000000000001101
1111110000010000
0000000000000011
1110010011100000
1111110000010000
0000000000000010
1110001100001000
0000000000001101
1111110000010000
0000000000000100
1110010011100000
1111110000010000
0000000000000001
1110001100001000
0000000000001110
1111110000100000
1110101010000111
0001111000111001
1110101010000111
0000000000000001
1110110000010000
0000000000000000
1111110111101000
1110110010100000
1110001100001000
0000000000000001
1111110000010000
0000000000001101
1110001100001000
0000000000000101
1110010011100000
1111110000010000
0000000000001110
1110001100001000
0000000000000000
1111110010101000
1111110000010000
0000000000000010
1111110000100000
1110001100001000
0000000000000010
1111110111010000
0000000000000000
1110001100001000
0000000000001101
1111110000010000
0000000000000001
1110010011100000
1111110000010000
0000000000000100
1110001100001000
0000000000001101
1111110000010000
0000000000000010
1110010011100000
1111110000010000
0000000000000011
1110001100001000
0000000000001101
1111110000010000
0000000000000011
1110010011100000
1111110000010000
0000000000000010
1110001100001000
0000000000001101
1111110000010000
0000000000000100
1110010011100000
1111110000010000
0000000000000001
1110001100001000
0000000000001110
1111110000100000
1110101010000111
0001111001110011
1110101010000111
0000000000000001
1111110111100000
1111110000010000
0000000000000000
1111110111101000
1110110010100000
1110001100001000
0000000000000011
1110110000010000
0000000000000001
1111000010100000
1111110000010000
0000000000000000
1111110111101000
1110110010100000
1110001100001000
0001111010101101
1110110000010000
0000000000000000
1111110111101000
1110110010100000
1110001100001000
0000000000000001
1111110000010000
0000000000000000
1111110111101000
1110110010100000
1110001100001000
0000000000000010
1111110000010000
0000000000000000
1111110111101000
1110110010100000
1110001100001000
0000000000000011
1111110000010000
0000000000000000
1111110111101000
1110110010100000
1110001100001000
0000000000000100
1111110000010000
0000000000000000
1111110111101000
1110110010100000
1110001100001000
0000000000000000
1111110000010000
0000000000000111
1110010011010000
0000000000000010
1110001100001000
0000000000000000
1111110000010000
0000000000000001
1110001100001000
0001101110110001
1110101010000111
0000000000000000
1111110010101000
1111110000010000
0000000000000001
1111110000100000
1110001100001000
0000000000000001
1111110111100000
1111110000010000
0000000000000000
1111110111101000
1110110010100000
1110001100001000
0000000000000010
1110110000010000
0000000000000000
1111110111101000
1110110010100000
1110001100001000
0000000000000001
1111110000100000
1111110000010000
0000000000000000
1111110111101000
1110110010100000
1110001100001000
0001111011110001
1110110000010000
0000000000000000
1111110111101000
1110110010100000
1110001100001000
0000000000000001
1111110000010000
0000000000000000
1111110111101000
1110110010100000
1110001100001000
0000000000000010
1111110000010000
0000000000000000
1111110111101000
1110110010100000
1110001100001000
0000000000000011
1111110000010000
0000000000000000
1111110111101000
1110110010100000
1110001100001000
0000000000000100
1111110000010000
0000000000000000
1111110111101000
1110110010100000
1110001100001000
0000000000000000
1111110000010000
0000000000000111
1110010011010000
0000000000000010
1110001100001000
0000000000000000
1111110000010000
0000000000000001
1110001100001000
0001101001111010
1110101010000111
0000000000000010
1110110000010000
0000000000000001
1111000010100000
1111110000010000
0000000000000000
1111110111101000
1110110010100000
1110001100001000
0001111100100100
1110110000010000
0000000000000000
1111110111101000
1110110010100000
1110001100001000
0000000000000001
1111110000010000
0000000000000000
1111110111101000
1110110010100000
1110001100001000
0000000000000010
1111110000010000
0000000000000000
1111110111101000
1110110010100000
1110001100001000
0000000000000011
1111110000010000
0000000000000000
1111110111101000
1110110010100000
1110001100001000
0000000000000100
1111110000010000
0000000000000000
1111110111101000
1110110010100000
1110001100001000
0000000000000000
1111110000010000
0000000000000111
1110010011010000
0000000000000010
1110001100001000
0000000000000000
1111110000010000
0000000000000001
1110001100001000
0001101001111010
1110101010000111
0000000000000000
1111110010101000
1111110000010000
1110110010100000
1111000111001000
0000000000000010
1110110000010000
0000000000000001
1111000010100000
1111110000010000
0000000000000000
1111110111101000
1110110010100000
1110001100001000
0000000000000000
1111110010101000
1111110000010000
1110110010100000
1111000111010000
0001111100111110
1110001100000100
0000000000000000
1111110010100000
1110101010001000
0001111101000001
1110101010000111
0000000000000000
1111110010100000
1110111010001000
0000000000000000
1111110010100000
1111110001001000
0000000000000000
1111110010101000
1111110000010000
0001111110001000
1110001100000101
0000000000000010
1110110000010000
0000000000000000
1111110111101000
1110110010100000
1110001100001000
0000000000000001
1111110000100000
1111110000010000
0000000000000000
1111110111101000
1110110010100000
1110001100001000
0001111110000000
1110110000010000
0000000000000000
1111110111101000
1110110010100000
1110001100001000
0000000000000001
1111110000010000
0000000000000000
1111110111101000
1110110010100000
1110001100001000
0000000000000010
1111110000010000
0000000000000000
1111110111101000
1110110010100000
1110001100001000
0000000000000011
1111110000010000
0000000000000000
1111110111101000
1110110010100000
1110001100001000
0000000000000100
1111110000010000
0000000000000000
1111110111101000
1110110010100000
1110001100001000
0000000000000000
1111110000010000
0000000000000111
1110010011010000
0000000000000010
1110001100001000
0000000000000000
1111110000010000
0000000000000001
1110001100001000
0001101001111010
1110101010000111
0000000000000000
1111110010101000
1111110000010000
0000000000000001
1111110000100000
1110001100001000
0001111111010000
1110101010000111
0000000000000010
1110110000010000
0000000000000000
1111110111101000
1110110010100000
1110001100001000
0000000000000001
1111110000100000
1111110000010000
0000000000000000
1111110111101000
1110110010100000
1110001100001000
0001111110111111
1110110000010000
0000000000000000
1111110111101000
1110110010100000
1110001100001000
0000000000000001
1111110000010000
0000000000000000
1111110111101000
1110110010100000
1110001100001000
0000000000000010
1111110000010000
0000000000000000
1111110111101000
1110110010100000
1110001100001000
0000000000000011
1111110000010000
0000000000000000
1111110111101000
1110110010100000
1110001100001000
0000000000000100
1111110000010000
0000000000000000
1111110111101000
1110110010100000
1110001100001000
0000000000000000
1111110000010000
0000000000000111
1110010011010000
0000000000000010
1110001100001000
0000000000000000
1111110000010000
0000000000000001
1110001100001000
0001101001111010
1110101010000111
0000000000000001
1110110000010000
0000000000000000
1111110111101000
1110110010100000
1110001100001000
0000000000000000
1111110010101000
1111110000010000
1110110010100000
1111000010001000
0000000000000000
1111110010101000
1111110000010000
0000000000000001
1111110000100000
1110001100001000
0000000000000100
1110110000010000
0000000000000001
1111000010100000
1111110000010000
0000000000000000
1111110111101000
1110110010100000
1110001100001000
0000000000000000
1111110010100000
1111110001001000
0000000000000000
1111110010101000
1111110000010000
0010000000011111
1110001100000101
0000000000000001
1111110000100000
1111110000010000
0000000000000000
1111110111101000
1110110010100000
1110001100001000
0000000000000000
1111110010100000
1111110011001000
0000000000000001
1111110000010000
0000000000001101
1110001100001000
0000000000000101
1110010011100000
1111110000010000
0000000000001110
1110001100001000
0000000000000000
1111110010101000
1111110000010000
0000000000000010
1111110000100000
1110001100001000
0000000000000010
1111110111010000
0000000000000000
1110001100001000
0000000000001101
1111110000010000
0000000000000001
1110010011100000
1111110000010000
0000000000000100
1110001100001000
0000000000001101
1111110000010000
0000000000000010
1110010011100000
1111110000010000
0000000000000011
1110001100001000
0000000000001101
1111110000010000
0000000000000011
1110010011100000
1111110000010000
0000000000000010
1110001100001000
0000000000001101
1111110000010000
0000000000000100
1110010011100000
1111110000010000
0000000000000001
1110001100001000
0000000000001110
1111110000100000
1110101010000111
0010000000011111
1110101010000111
0000000000000001
1111110000100000
1111110000010000
0000000000000000
1111110111101000
1110110010100000
1110001100001000
0000000000000001
1111110000010000
0000000000001101
1110001100001000
0000000000000101
1110010011100000
1111110000010000
0000000000001110
1110001100001000
0000000000000000
1111110010101000
1111110000010000
0000000000000010
1111110000100000
1110001100001000
0000000000000010
1111110111010000
0000000000000000
1110001100001000
0000000000001101
1111110000010000
0000000000000001
1110010011100000
1111110000010000
0000000000000100
1110001100001000
0000000000001101
1111110000010000
0000000000000010
1110010011100000
1111110000010000
0000000000000011
1110001100001000
0000000000001101
1111110000010000
0000000000000011
1110010011100000
1111110000010000
0000000000000010
1110001100001000
0000000000001101
1111110000010000
0000000000000100
1110010011100000
1111110000010000
0000000000000001
1110001100001000
0000000000001110
1111110000100000
1110101010000111
0000000000000010
1111110000100000
1111110000010000
0000000000000000
1111110111101000
1110110010100000
1110001100001000
0000000000000010
1111110111100000
1111110000010000
0000000000000000
1111110111101000
1110110010100000
1110001100001000
0000000000000000
1111110010101000
1111110000010000
1110110010100000
1111000111010000
0010000001110010
1110001100000100
0000000000000000
1111110010100000
1110101010001000
0010000001110101
1110101010000111
0000000000000000
1111110010100000
1110111010001000
0000000000000000
1111110010100000
1111110001001000
0000000000000000
1111110010101000
1111110000010000
0010000010111000
1110001100000101
0000000000000010
1111110000100000
1111110000010000
0000000000000000
1111110111101000
1110110010100000
1110001100001000
0000000000000001
1111110000010000
0000000000001101
1110001100001000
0000000000000101
1110010011100000
1111110000010000
0000000000001110
1110001100001000
0000000000000000
1111110010101000
1111110000010000
0000000000000010
1111110000100000
1110001100001000
0000000000000010
1111110111010000
0000000000000000
1110001100001000
0000000000001101
1111110000010000
0000000000000001
1110010011100000
1111110000010000
0000000000000100
1110001100001000
0000000000001101
1111110000010000
0000000000000010
1110010011100000
1111110000010000
0000000000000011
1110001100001000
0000000000001101
1111110000010000
0000000000000011
1110010011100000
1111110000010000
0000000000000010
1110001100001000
0000000000001101
1111110000010000
0000000000000100
1110010011100000
1111110000010000
0000000000000001
1110001100001000
0000000000001110
1111110000100000
1110101010000111
0010000010111000
1110101010000111
0000000000000010
1111110111100000
1111110000010000
0000000000000000
1111110111101000
1110110010100000
1110001100001000
0000000000000001
1111110000010000
0000000000001101
1110001100001000
0000000000000101
1110010011100000
1111110000010000
0000000000001110
1110001100001000
0000000000000000
1111110010101000
1111110000010000
0000000000000010
1111110000100000
1110001100001000
0000000000000010
1111110111010000
0000000000000000
1110001100001000
0000000000001101
1111110000010000
0000000000000001
1110010011100000
1111110000010000
0000000000000100
1110001100001000
0000000000001101
1111110000010000
0000000000000010
1110010011100000
1111110000010000
0000000000000011
1110001100001000
0000000000001101
1111110000010000
0000000000000011
1110010011100000
1111110000010000
0000000000000010
1110001100001000
0000000000001101
1111110000010000
0000000000000100
1110010011100000
1111110000010000
0000000000000001
1110001100001000
0000000000001110
1111110000100000
1110101010000111
0000000000000010
1111110000100000
1111110000010000
0000000000000000
1111110111101000
1110110010100000
1110001100001000
0000000000000010
1111110111100000
1111110000010000
0000000000000000
1111110111101000
1110110010100000
1110001100001000
0000000000000000
1111110010101000
1111110000010000
1110110010100000
1111000111010000
0010000100001011
1110001100000001
0000000000000000
1111110010100000
1110101010001000
0010000100001110
1110101010000111
0000000000000000
1111110010100000
1110111010001000
0000000000000000
1111110010100000
1111110001001000
0000000000000000
1111110010101000
1111110000010000
0010000101010001
1110001100000101
0000000000000010
1111110000100000
1111110000010000
0000000000000000
1111110111101000
1110110010100000
1110001100001000
0000000000000001
1111110000010000
0000000000001101
1110001100001000
0000000000000101
1110010011100000
1111110000010000
0000000000001110
1110001100001000
0000000000000000
1111110010101000
1111110000010000
0000000000000010
1111110000100000
1110001100001000
0000000000000010
1111110111010000
0000000000000000
1110001100001000
0000000000001101
1111110000010000
0000000000000001
1110010011100000
1111110000010000
0000000000000100
1110001100001000
0000000000001101
1111110000010000
0000000000000010
1110010011100000
1111110000010000
0000000000000011
1110001100001000
0000000000001101
1111110000010000
0000000000000011
1110010011100000
1111110000010000
0000000000000010
1110001100001000
0000000000001101
1111110000010000
0000000000000100
1110010011100000
1111110000010000
0000000000000001
1110001100001000
0000000000001110
1111110000100000
1110101010000111
0010000101010001
1110101010000111
0000000000000010
1111110111100000
1111110000010000
0000000000000000
1111110111101000
1110110010100000
1110001100001000
0000000000000001
1111110000010000
0000000000001101
1110001100001000
0000000000000101
1110010011100000
1111110000010000
0000000000001110
1110001100001000
0000000000000000
1111110010101000
1111110000010000
0000000000000010
1111110000100000
1110001100001000
0000000000000010
1111110111010000
0000000000000000
1110001100001000
0000000000001101
1111110000010000
0000000000000001
1110010011100000
1111110000010000
0000000000000100
1110001100001000
0000000000001101
1111110000010000
0000000000000010
1110010011100000
1111110000010000
0000000000000011
1110001100001000
0000000000001101
1111110000010000
0000000000000011
1110010011100000
1111110000010000
0000000000000010
1110001100001000
0000000000001101
1111110000010000
0000000000000100
1110010011100000
1111110000010000
0000000000000001
1110001100001000
0000000000001110
1111110000100000
1110101010000111
0000000000000000
1111110000100000
1110101010001000
1110110111100000
1110101010001000
1110110111100000
1110101010001000
1110110111100000
1110101010001000
1110110111100000
1110110000010000
0000000000000000
1110001100001000
0000000000000000
1110110000010000
0000000000000000
1111110111101000
1110110010100000
1110001100001000
0000000000000000
1111110010101000
1111110000010000
0000000000000001
1111110000100000
1110001100001000
0000000000000111
1110110000010000
0000000000000000
1111110111101000
1110110010100000
1110001100001000
0000000000000000
1111110010101000
1111110000010000
0000000000000001
1111110111100000
1110001100001000
0000000000000001
1111110111100000
1111110000010000
0000000000000000
1111110111101000
1110110010100000
1110001100001000
0000000000000000
1110110000010000
0000000000000000
1111110111101000
1110110010100000
1110001100001000
0000000000000000
1111110010101000
1111110000010000
1110110010100000
1111000111010000
0010000111001000
1110001100000100
0000000000000000
1111110010100000
1110101010001000
0010000111001011
1110101010000111
0000000000000000
1111110010100000
1110111010001000
0000000000000000
1111110010100000
1111110001001000
0000000000000000
1111110010100000
1111110001001000
0000000000000000
1111110010101000
1111110000010000
0010001011001100
1110001100000101
0000000000000001
1111110000100000
1111110000010000
0000000000000000
1111110111101000
1110110010100000
1110001100001000
0000000000010001
1111110000010000
0000000000000000
1111110111101000
1110110010100000
1110001100001000
0000000000000001
1111110111100000
1111110000010000
0000000000000000
1111110111101000
1110110010100000
1110001100001000
0000000000000000
1111110010101000
1111110000010000
1110110010100000
1111000010001000
0000000000000000
1111110010101000
1111110000010000
0000000000000100
1110001100001000
0000000000000100
1111110000100000
1111110000010000
0000000000000000
1111110111101000
1110110010100000
1110001100001000
0000000000000000
1111110010101000
1111110000010000
1110110010100000
1111000010001000
0000000000000010
1110110000010000
0000000000000001
1111000010010000
0000000000001101
1110001100001000
0000000000000000
1111110010101000
1111110000010000
0000000000001101
1111110000100000
1110001100001000
0000000000000010
1110110000010000
0000000000000001
1111000010100000
1111110000010000
0000000000000000
1111110111101000
1110110010100000
1110001100001000
0000000000000010
1110110000010000
0000000000000001
1111000010100000
1111110000010000
0000000000000000
1111110111101000
1110110010100000
1110001100001000
0010001001001000
1110110000010000
0000000000000000
1111110111101000
1110110010100000
1110001100001000
0000000000000001
1111110000010000
0000000000000000
1111110111101000
1110110010100000
1110001100001000
0000000000000010
1111110000010000
0000000000000000
1111110111101000
1110110010100000
1110001100001000
0000000000000011
1111110000010000
0000000000000000
1111110111101000
1110110010100000
1110001100001000
0000000000000100
1111110000010000
0000000000000000
1111110111101000
1110110010100000
1110001100001000
0000000000000000
1111110000010000
0000000000000111
1110010011010000
0000000000000010
1110001100001000
0000000000000000
1111110000010000
0000000000000001
1110001100001000
0001101001111010
1110101010000111
0000000000000011
1110110000010000
0000000000000001
1111000010010000
0000000000001101
1110001100001000
0000000000000000
1111110010101000
1111110000010000
0000000000001101
1111110000100000
1110001100001000
0000000000000011
1110110000010000
0000000000000001
1111000010100000
1111110000010000
0000000000000000
1111110111101000
1110110010100000
1110001100001000
0000000000000010
1111110000100000
1111110000010000
0000000000000000
1111110111101000
1110110010100000
1110001100001000
0000000000000000
1111110010101000
1111110000010000
1110110010100000
1111000111010000
0010001001110000
1110001100000001
0000000000000000
1111110010100000
1110101010001000
0010001001110011
1110101010000111
0000000000000000
1111110010100000
1110111010001000
0000000000000000
1111110010100000
1111110001001000
0000000000000011
1110110000010000
0000000000000001
1111000010100000
1111110000010000
0000000000000000
1111110111101000
1110110010100000
1110001100001000
0000000000000000
1110110000010000
0000000000000000
1111110111101000
1110110010100000
1110001100001000
0000000000000000
1111110010101000
1111110000010000
1110110010100000
1111000111010000
0010001010010001
1110001100000001
0000000000000000
1111110010100000
1110101010001000
0010001010010100
1110101010000111
0000000000000000
1111110010100000
1110111010001000
0000000000000000
1111110010101000
1111110000010000
1110110010100000
1111000000001000
0000000000000000
1111110010100000
1111110001001000
0000000000000000
1111110010101000
1111110000010000
0010001010110010
1110001100000101
0000000000000010
1110110000010000
0000000000000001
1111000010100000
1111110000010000
0000000000000000
1111110111101000
1110110010100000
1110001100001000
0000000000000000
1111110010101000
1111110000010000
0000000000000001
1111110000100000
1110001100001000
0010001010110010
1110101010000111
0000000000000001
1111110111100000
1111110000010000
0000000000000000
1111110111101000
1110110010100000
1110001100001000
0000000000000001
1110110000010000
0000000000000000
1111110111101000
1110110010100000
1110001100001000
0000000000000000
1111110010101000
1111110000010000
1110110010100000
1111000111001000
0000000000000000
1111110010101000
1111110000010000
0000000000000001
1111110111100000
1110001100001000
0010000110101111
1110101010000111
0000000000000001
1111110000100000
1111110000010000
0000000000000000
1111110111101000
1110110010100000
1110001100001000
0000000000000001
1111110000010000
0000000000001101
1110001100001000
0000000000000101
1110010011100000
1111110000010000
0000000000001110
1110001100001000
0000000000000000
1111110010101000
1111110000010000
0000000000000010
1111110000100000
1110001100001000
0000000000000010
1111110111010000
0000000000000000
1110001100001000
0000000000001101
1111110000010000
0000000000000001
1110010011100000
1111110000010000
0000000000000100
1110001100001000
0000000000001101
1111110000010000
0000000000000010
1110010011100000
1111110000010000
0000000000000011
1110001100001000
0000000000001101
1111110000010000
0000000000000011
1110010011100000
1111110000010000
0000000000000010
1110001100001000
0000000000001101
1111110000010000
0000000000000100
1110010011100000
1111110000010000
0000000000000001
1110001100001000
0000000000001110
1111110000100000
1110101010000111
0000100000000000
1110110000010000
0000000000000000
1111110111101000
1110110010100000
1110001100001000
0000000000000000
1111110010101000
1111110000010000
0000000000010010
1110001100001000
0000000000000000
1110110000010000
0000000000000000
1111110111101000
1110110010100000
1110001100001000
0000000000000000
1111110010101000
1111110000010000
0000000000010011
1110001100001000
0000000000000001
1110110000010000
0000000000000000
1111110111101000
1110110010100000
1110001100001000
0000000000000000
1111110010101000
1111110000010000
0000000000010100
1110001100001000
0000000000010010
1111110000010000
0000000000000000
1111110111101000
1110110010100000
1110001100001000
0000000000000000
1111110010101000
1111110000010000
0000000000010101
1110001100001000
0000000000010101
1111110000010000
0000000000000000
1111110111101000
1110110010100000
1110001100001000
0000000000010011
1111110000010000
0000000000000000
1111110111101000
1110110010100000
1110001100001000
0000000000000000
1111110010101000
1111110000010000
1110110010100000
1111000010001000
0011011111111111
1110110000010000
0000000000000000
1111110111101000
1110110010100000
1110001100001000
0000000000000000
1111110010101000
1111110000010000
0000000000000101
1110001100001000
0000000000000000
1111110010101000
1111110000010000
0000000000000100
1110001100001000
0000000000000101
1111110000010000
0000000000000000
1111110111101000
1110110010100000
1110001100001000
0000000000000000
1111110010101000
1111110000010000
0000000000000100
1111110000100000
1110001100001000
0000000000010101
1111110000010000
0000000000000000
1111110111101000
1110110010100000
1110001100001000
0000000000010100
1111110000010000
0000000000000000
1111110111101000
1110110010100000
1110001100001000
0000000000000000
1111110010101000
1111110000010000
1110110010100000
1111000010001000
0000000000000000
1110110000010000
0000000000000000
1111110111101000
1110110010100000
1110001100001000
0000000000000000
1111110010101000
1111110000010000
0000000000000101
1110001100001000
0000000000000000
1111110010101000
1111110000010000
0000000000000100
1110001100001000
0000000000000101
1111110000010000
0000000000000000
1111110111101000
1110110010100000
1110001100001000
0000000000000000
1111110010101000
1111110000010000
0000000000000100
1111110000100000
1110001100001000
0000000000000000
1110110000010000
0000000000000000
1111110111101000
1110110010100000
1110001100001000
0000000000000001
1111110000010000
0000000000001101
1110001100001000
0000000000000101
1110010011100000
1111110000010000
0000000000001110
1110001100001000
0000000000000000
1111110010101000
1111110000010000
0000000000000010
1111110000100000
1110001100001000
0000000000000010
1111110111010000
0000000000000000
1110001100001000
0000000000001101
1111110000010000
0000000000000001
1110010011100000
1111110000010000
0000000000000100
1110001100001000
0000000000001101
1111110000010000
0000000000000010
1110010011100000
1111110000010000
0000000000000011
1110001100001000
0000000000001101
1111110000010000
0000000000000011
1110010011100000
1111110000010000
0000000000000010
1110001100001000
0000000000001101
1111110000010000
0000000000000100
1110010011100000
1111110000010000
0000000000000001
1110001100001000
0000000000001110
1111110000100000
1110101010000111
0000000000000000
1111110000100000
1110101010001000
1110110111100000
1110110000010000
0000000000000000
1110001100001000
0000000000000010
1111110000100000
1111110000010000
0000000000000000
1111110111101000
1110110010100000
1110001100001000
0000000000000000
1111110010101000
1111110000010000
0000000000000001
1111110000100000
1110001100001000
0000000000000001
1111110000100000
1111110000010000
0000000000000000
1111110111101000
1110110010100000
1110001100001000
0000000000000000
1110110000010000
0000000000000000
1111110111101000
1110110010100000
1110001100001000
0000000000000000
1111110010101000
1111110000010000
1110110010100000
1111000010001000
0000000000000000
1111110010101000
1111110000010000
0000000000000100
1110001100001000
0000000000000100
1111110000100000
1111110000010000
0000000000000000
1111110111101000
1110110010100000
1110001100001000
0000000000000001
1111110000010000
0000000000001101
1110001100001000
0000000000000101
1110010011100000
1111110000010000
0000000000001110
1110001100001000
0000000000000000
1111110010101000
1111110000010000
0000000000000010
1111110000100000
1110001100001000
0000000000000010
1111110111010000
0000000000000000
1110001100001000
0000000000001101
1111110000010000
0000000000000001
1110010011100000
1111110000010000
0000000000000100
1110001100001000
0000000000001101
1111110000010000
0000000000000010
1110010011100000
1111110000010000
0000000000000011
1110001100001000
0000000000001101
1111110000010000
0000000000000011
1110010011100000
1111110000010000
0000000000000010
1110001100001000
0000000000001101
1111110000010000
0000000000000100
1110010011100000
1111110000010000
0000000000000001
1110001100001000
0000000000001110
1111110000100000
1110101010000111
0000000000000000
1111110000100000
1110101010001000
1110110111100000
1110110000010000
0000000000000000
1110001100001000
0000000000000010
1111110000100000
1111110000010000
0000000000000000
1111110111101000
1110110010100000
1110001100001000
0000000000000000
1111110010101000
1111110000010000
0000000000000001
1111110000100000
1110001100001000
0000000000000001
1111110000100000
1111110000010000
0000000000000000
1111110111101000
1110110010100000
1110001100001000
0000000000000000
1110110000010000
0000000000000000
1111110111101000
1110110010100000
1110001100001000
0000000000000000
1111110010101000
1111110000010000
1110110010100000
1111000010001000
0000000000000010
1111110111100000
1111110000010000
0000000000000000
1111110111101000
1110110010100000
1110001100001000
0000000000000000
1111110010101000
1111110000010000
0000000000000101
1110001100001000
0000000000000000
1111110010101000
1111110000010000
0000000000000100
1110001100001000
0000000000000101
1111110000010000
0000000000000000
1111110111101000
1110110010100000
1110001100001000
0000000000000000
1111110010101000
1111110000010000
0000000000000100
1111110000100000
1110001100001000
0000000000000000
1110110000010000
0000000000000000
1111110111101000
1110110010100000
1110001100001000
0000000000000001
1111110000010000
0000000000001101
1110001100001000
0000000000000101
1110010011100000
1111110000010000
0000000000001110
1110001100001000
0000000000000000
1111110010101000
1111110000010000
0000000000000010
1111110000100000
1110001100001000
0000000000000010
1111110111010000
0000000000000000
1110001100001000
0000000000001101
1111110000010000
0000000000000001
1110010011100000
1111110000010000
0000000000000100
1110001100001000
0000000000001101
1111110000010000
0000000000000010
1110010011100000
1111110000010000
0000000000000011
1110001100001000
0000000000001101
1111110000010000
0000000000000011
1110010011100000
1111110000010000
0000000000000010
1110001100001000
0000000000001101
1111110000010000
0000000000000100
1110010011100000
1111110000010000
0000000000000001
1110001100001000
0000000000001110
1111110000100000
1110101010000111
0000000000000000
1111110000100000
1110101010001000
1110110111100000
1110101010001000
1110110111100000
1110101010001000
1110110111100000
1110101010001000
1110110111100000
1110110000010000
0000000000000000
1110001100001000
0000000000010101
1111110000010000
0000000000000000
1111110111101000
1110110010100000
1110001100001000
0000000000000000
1111110010101000
1111110000010000
0000000000000001
1111110000100000
1110001100001000
0000000000000000
1110110000010000
0000000000000000
1111110111101000
1110110010100000
1110001100001000
0000000000000000
1111110010101000
1111110000010000
0000000000000001
1111110111100000
1110001100001000
0000000000000001
1111110000100000
1111110000010000
0000000000000000
1111110111101000
1110110010100000
1110001100001000
0000000000000000
1110110000010000
0000000000000000
1111110111101000
1110110010100000
1110001100001000
0000000000000000
1111110010101000
1111110000010000
1110110010100000
1111000111010000
0010010011100000
1110001100000010
0000000000000000
1111110010100000
1110101010001000
0010010011100011
1110101010000111
0000000000000000
1111110010100000
1110111010001000
0000000000000000
1111110010100000
1111110001001000
0000000000000000
1111110010100000
1111110001001000
0000000000000000
1111110010101000
1111110000010000
0010100000110011
1110001100000101
0000000000000001
1111110000100000
1111110000010000
0000000000000000
1111110111101000
1110110010100000
1110001100001000
0000000000010011
1111110000010000
0000000000000000
1111110111101000
1110110010100000
1110001100001000
0000000000000000
1111110010101000
1111110000010000
1110110010100000
1111000010001000
0000000000000000
1111110010101000
1111110000010000
0000000000000100
1110001100001000
0000000000000100
1111110000100000
1111110000010000
0000000000000000
1111110111101000
1110110010100000
1110001100001000
0000000000000010
1111110000100000
1111110000010000
0000000000000000
1111110111101000
1110110010100000
1110001100001000
0000000000000000
1111110010101000
1111110000010000
1110110010100000
1111000111010000
0010010100011111
1110001100000100
0000000000000000
1111110010100000
1110101010001000
0010010100100010
1110101010000111
0000000000000000
1111110010100000
1110111010001000
0000000000000000
1111110010100000
1111110001001000
0000000000000000
1111110010100000
1111110001001000
0000000000000000
1111110010101000
1111110000010000
0010100000000000
1110001100000101
0000000000000001
1111110000100000
1111110000010000
0000000000000000
1111110111101000
1110110010100000
1110001100001000
0000000000010011
1111110000010000
0000000000000000
1111110111101000
1110110010100000
1110001100001000
0000000000000000
1111110010101000
1111110000010000
1110110010100000
1111000010001000
0000000000000000
1111110010101000
1111110000010000
0000000000000100
1110001100001000
0000000000000100
1111110000100000
1111110000010000
0000000000000000
1111110111101000
1110110010100000
1110001100001000
0000000000000010
1111110000100000
1111110000010000
0000000000000000
1111110111101000
1110110010100000
1110001100001000
0000000000000000
1111110010101000
1111110000010000
1110110010100000
1111000111001000
0000000000000010
1110110000010000
0000000000000000
1111110111101000
1110110010100000
1110001100001000
0000000000000000
1111110010101000
1111110000010000
1110110010100000
1111000111001000
0000000000000011
1110110000010000
0000000000000001
1111000010010000
0000000000001101
1110001100001000
0000000000000000
1111110010101000
1111110000010000
0000000000001101
1111110000100000
1110001100001000
0000000000000011
1110110000010000
0000000000000001
1111000010100000
1111110000010000
0000000000000000
1111110111101000
1110110010100000
1110001100001000
0000000000000000
1110110000010000
0000000000000000
1111110111101000
1110110010100000
1110001100001000
0000000000000000
1111110010101000
1111110000010000
1110110010100000
1111000111010000
0010010110001001
1110001100000001
0000000000000000
1111110010100000
1110101010001000
0010010110001100
1110101010000111
0000000000000000
1111110010100000
1110111010001000
0000000000000000
1111110010100000
1111110001001000
0000000000000000
1111110010101000
1111110000010000
0010011011111101
1110001100000101
0000000000000001
1111110000100000
1111110000010000
0000000000000000
1111110111101000
1110110010100000
1110001100001000
0000000000000010
1110110000010000
0000000000000000
1111110111101000
1110110010100000
1110001100001000
0000000000000000
1111110010101000
1111110000010000
1110110010100000
1111000010001000
0000000000000010
1111110000100000
1111110000010000
0000000000000000
1111110111101000
1110110010100000
1110001100001000
0000000000000000
1111110010101000
1111110000010000
1110110010100000
1111000010001000
0000000000000010
1110110000010000
0000000000000001
1111000010010000
0000000000001101
1110001100001000
0000000000000000
1111110010101000
1111110000010000
0000000000001101
1111110000100000
1110001100001000
0000000000000010
1110110000010000
0000000000000001
1111000010100000
1111110000010000
0000000000000000
1111110111101000
1110110010100000
1110001100001000
0000000000010011
1111110000010000
0000000000000000
1111110111101000
1110110010100000
1110001100001000
0000000000000000
1111110010101000
1111110000010000
1110110010100000
1111000010001000
0000000000000011
1110110000010000
0000000000000001
1111000010100000
1111110000010000
0000000000000000
1111110111101000
1110110010100000
1110001100001000
0000000000000000
1111110010101000
1111110000010000
0000000000000101
1110001100001000
0000000000000000
1111110010101000
1111110000010000
0000000000000100
1110001100001000
0000000000000101
1111110000010000
0000000000000000
1111110111101000
1110110010100000
1110001100001000
0000000000000000
1111110010101000
1111110000010000
0000000000000100
1111110000100000
1110001100001000
0000000000000010
1110110000010000
0000000000000001
1111000010100000
1111110000010000
0000000000000000
1111110111101000
1110110010100000
1110001100001000
0000000000010100
1111110000010000
0000000000000000
1111110111101000
1110110010100000
1110001100001000
0000000000000000
1111110010101000
1111110000010000
1110110010100000
1111000010001000
0000000000000001
1111110000100000
1111110000010000
0000000000000000
1111110111101000
1110110010100000
1110001100001000
0000000000010100
1111110000010000
0000000000000000
1111110111101000
1110110010100000
1110001100001000
0000000000000000
1111110010101000
1111110000010000
1110110010100000
1111000010001000
0000000000000000
1111110010101000
1111110000010000
0000000000000100
1110001100001000
0000000000000100
1111110000100000
1111110000010000
0000000000000000
1111110111101000
1110110010100000
1110001100001000
0000000000000000
1111110010101000
1111110000010000
0000000000000101
1110001100001000
0000000000000000
1111110010101000
1111110000010000
0000000000000100
1110001100001000
0000000000000101
1111110000010000
0000000000000000
1111110111101000
1110110010100000
1110001100001000
0000000000000000
1111110010101000
1111110000010000
0000000000000100
1111110000100000
1110001100001000
0000000000000001
1111110000100000
1111110000010000
0000000000000000
1111110111101000
1110110010100000
1110001100001000
0000000000010011
1111110000010000
0000000000000000
1111110111101000
1110110010100000
1110001100001000
0000000000000000
1111110010101000
1111110000010000
1110110010100000
1111000010001000
0000000000000010
1111110000100000
1111110000010000
0000000000000000
1111110111101000
1110110010100000
1110001100001000
0000000000000000
1111110010101000
1111110000010000
0000000000000101
1110001100001000
0000000000000000
1111110010101000
1111110000010000
0000000000000100
1110001100001000
0000000000000101
1111110000010000
0000000000000000
1111110111101000
1110110010100000
1110001100001000
0000000000000000
1111110010101000
1111110000010000
0000000000000100
1111110000100000
1110001100001000
0000000000000001
1111110000100000
1111110000010000
0000000000000000
1111110111101000
1110110010100000
1110001100001000
0000000000010100
1111110000010000
0000000000000000
1111110111101000
1110110010100000
1110001100001000
0000000000000000
1111110010101000
1111110000010000
1110110010100000
1111000010001000
0000000000000000
1110110000010000
0000000000000000
1111110111101000
1110110010100000
1110001100001000
0000000000000000
1111110010101000
1111110000010000
0000000000000101
1110001100001000
0000000000000000
1111110010101000
1111110000010000
0000000000000100
1110001100001000
0000000000000101
1111110000010000
0000000000000000
1111110111101000
1110110010100000
1110001100001000
0000000000000000
1111110010101000
1111110000010000
0000000000000100
1111110000100000
1110001100001000
0000000000000001
1111110111100000
1111110000010000
0000000000000000
1111110111101000
1110110010100000
1110001100001000
0000000000000000
1110110000010000
0000000000000000
1111110111101000
1110110010100000
1110001100001000
0000000000000000
1111110010101000
1111110000010000
1110110010100000
1111000111010000
0010011010101111
1110001100000010
0000000000000000
1111110010100000
1110101010001000
0010011010110010
1110101010000111
0000000000000000
1111110010100000
1110111010001000
0000000000000000
1111110010100000
1111110001001000
0000000000000000
1111110010101000
1111110000010000
0010011011001010
1110001100000101
0000000000000010
1110110000010000
0000000000000001
1111000010100000
1111110000010000
0000000000000000
1111110111101000
1110110010100000
1110001100001000
0000000000000000
1111110010101000
1111110000010000
0000000000010101
1110001100001000
0010011011111011
1110101010000111
0000000000000001
1111110111100000
1111110000010000
0000000000000000
1111110111101000
1110110010100000
1110001100001000
0000000000010100
1111110000010000
0000000000000000
1111110111101000
1110110010100000
1110001100001000
0000000000000000
1111110010101000
1111110000010000
1110110010100000
1111000010001000
0000000000000010
1110110000010000
0000000000000001
1111000010100000
1111110000010000
0000000000000000
1111110111101000
1110110010100000
1110001100001000
0000000000000000
1111110010101000
1111110000010000
0000000000000101
1110001100001000
0000000000000000
1111110010101000
1111110000010000
0000000000000100
1110001100001000
0000000000000101
1111110000010000
0000000000000000
1111110111101000
1110110010100000
1110001100001000
0000000000000000
1111110010101000
1111110000010000
0000000000000100
1111110000100000
1110001100001000
0010011110111010
1110101010000111
0000000000000001
1111110111100000
1111110000010000
0000000000000000
1111110111101000
1110110010100000
1110001100001000
0000000000000000
1110110000010000
0000000000000000
1111110111101000
1110110010100000
1110001100001000
0000000000000000
1111110010101000
1111110000010000
1110110010100000
1111000111010000
0010011100010110
1110001100000010
0000000000000000
1111110010100000
1110101010001000
0010011100011001
1110101010000111
0000000000000000
1111110010100000
1110111010001000
0000000000000000
1111110010100000
1111110001001000
0000000000000000
1111110010101000
1111110000010000
0010011101000110
1110001100000101
0000000000000001
1111110000100000
1111110000010000
0000000000000000
1111110111101000
1110110010100000
1110001100001000
0000000000010100
1111110000010000
0000000000000000
1111110111101000
1110110010100000
1110001100001000
0000000000000000
1111110010101000
1111110000010000
1110110010100000
1111000010001000
0000000000000000
1111110010101000
1111110000010000
0000000000000100
1110001100001000
0000000000000100
1111110000100000
1111110000010000
0000000000000000
1111110111101000
1110110010100000
1110001100001000
0000000000000000
1111110010101000
1111110000010000
0000000000010101
1110001100001000
0010011110001100
1110101010000111
0000000000000001
1111110111100000
1111110000010000
0000000000000000
1111110111101000
1110110010100000
1110001100001000
0000000000010100
1111110000010000
0000000000000000
1111110111101000
1110110010100000
1110001100001000
0000000000000000
1111110010101000
1111110000010000
1110110010100000
1111000010001000
0000000000000001
1111110000100000
1111110000010000
0000000000000000
1111110111101000
1110110010100000
1110001100001000
0000000000010100
1111110000010000
0000000000000000
1111110111101000
1110110010100000
1110001100001000
0000000000000000
1111110010101000
1111110000010000
1110110010100000
1111000010001000
0000000000000000
1111110010101000
1111110000010000
0000000000000100
1110001100001000
0000000000000100
1111110000100000
1111110000010000
0000000000000000
1111110111101000
1110110010100000
1110001100001000
0000000000000000
1111110010101000
1111110000010000
0000000000000101
1110001100001000
0000000000000000
1111110010101000
1111110000010000
0000000000000100
1110001100001000
0000000000000101
1111110000010000
0000000000000000
1111110111101000
1110110010100000
1110001100001000
0000000000000000
1111110010101000
1111110000010000
0000000000000100
1111110000100000
1110001100001000
0000000000000001
1111110000100000
1111110000010000
0000000000000000
1111110111101000
1110110010100000
1110001100001000
0000000000010100
1111110000010000
0000000000000000
1111110111101000
1110110010100000
1110001100001000
0000000000000000
1111110010101000
1111110000010000
1110110010100000
1111000010001000
0000000000000000
1110110000010000
0000000000000000
1111110111101000
1110110010100000
1110001100001000
0000000000000000
1111110010101000
1111110000010000
0000000000000101
1110001100001000
0000000000000000
1111110010101000
1111110000010000
0000000000000100
1110001100001000
0000000000000101
1111110000010000
0000000000000000
1111110111101000
1110110010100000
1110001100001000
0000000000000000
1111110010101000
1111110000010000
0000000000000100
1111110000100000
1110001100001000
0000000000000001
1111110000100000
1111110000010000
0000000000000000
1111110111101000
1110110010100000
1110001100001000
0000000000000010
1110110000010000
0000000000000000
1111110111101000
1110110010100000
1110001100001000
0000000000000000
1111110010101000
1111110000010000
1110110010100000
1111000010001000
0000000000000001
1111110000010000
0000000000001101
1110001100001000
0000000000000101
1110010011100000
1111110000010000
0000000000001110
1110001100001000
0000000000000000
1111110010101000
1111110000010000
0000000000000010
1111110000100000
1110001100001000
0000000000000010
1111110111010000
0000000000000000
1110001100001000
0000000000001101
1111110000010000
0000000000000001
1110010011100000
1111110000010000
0000000000000100
1110001100001000
0000000000001101
1111110000010000
0000000000000010
1110010011100000
1111110000010000
0000000000000011
1110001100001000
0000000000001101
1111110000010000
0000000000000011
1110010011100000
1111110000010000
0000000000000010
1110001100001000
0000000000001101
1111110000010000
0000000000000100
1110010011100000
1111110000010000
0000000000000001
1110001100001000
0000000000001110
1111110000100000
1110101010000111
0010100000000000
1110101010000111
0000000000000001
1111110000100000
1111110000010000
0000000000000000
1111110111101000
1110110010100000
1110001100001000
0000000000000000
1111110010101000
1111110000010000
0000000000000001
1111110111100000
1110001100001000
0000000000000001
1111110000100000
1111110000010000
0000000000000000
1111110111101000
1110110010100000
1110001100001000
0000000000010100
1111110000010000
0000000000000000
1111110111101000
1110110010100000
1110001100001000
0000000000000000
1111110010101000
1111110000010000
1110110010100000
1111000010001000
0000000000000000
1111110010101000
1111110000010000
0000000000000100
1110001100001000
0000000000000100
1111110000100000
1111110000010000
0000000000000000
1111110111101000
1110110010100000
1110001100001000
0000000000000000
1111110010101000
1111110000010000
0000000000000001
1111110000100000
1110001100001000
0010010011000111
1110101010000111
0000000000000001
1110110000010000
0000000000000000
1111110111101000
1110110010100000
1110001100001000
0000000000000000
1111110010100000
1111110011001000
0000000000000001
1111110000010000
0000000000001101
1110001100001000
0000000000000101
1110010011100000
1111110000010000
0000000000001110
1110001100001000
0000000000000000
1111110010101000
1111110000010000
0000000000000010
1111110000100000
1110001100001000
0000000000000010
1111110111010000
0000000000000000
1110001100001000
0000000000001101
1111110000010000
0000000000000001
1110010011100000
1111110000010000
0000000000000100
1110001100001000
0000000000001101
1111110000010000
0000000000000010
1110010011100000
1111110000010000
0000000000000011
1110001100001000
0000000000001101
1111110000010000
0000000000000011
1110010011100000
1111110000010000
0000000000000010
1110001100001000
0000000000001101
1111110000010000
0000000000000100
1110010011100000
1111110000010000
0000000000000001
1110001100001000
0000000000001110
1111110000100000
1110101010000111
0000000000000000
1111110000100000
1110101010001000
1110110111100000
1110110000010000
0000000000000000
1110001100001000
0000000000000010
1111110000100000
1111110000010000
0000000000000000
1111110111101000
1110110010100000
1110001100001000
0000000000000010
1110110000010000
0000000000000000
1111110111101000
1110110010100000
1110001100001000
0000000000000000
1111110010101000
1111110000010000
1110110010100000
1111000111001000
0000000000000000
1111110010101000
1111110000010000
0000000000000001
1111110000100000
1110001100001000
0000000000000001
1111110000100000
1111110000010000
0000000000000000
1111110111101000
1110110010100000
1110001100001000
0000000000010100
1111110000010000
0000000000000000
1111110111101000
1110110010100000
1110001100001000
0000000000000000
1111110010101000
1111110000010000
1110110010100000
1111000010001000
0000000000010101
1111110000010000
0000000000000000
1111110111101000
1110110010100000
1110001100001000
0000000000000000
1111110010101000
1111110000010000
0000000000000101
1110001100001000
0000000000000000
1111110010101000
1111110000010000
0000000000000100
1110001100001000
0000000000000101
1111110000010000
0000000000000000
1111110111101000
1110110010100000
1110001100001000
0000000000000000
1111110010101000
1111110000010000
0000000000000100
1111110000100000
1110001100001000
0000000000000001
1111110000100000
1111110000010000
0000000000000000
1111110111101000
1110110010100000
1110001100001000
0000000000000000
1111110010101000
1111110000010000
0000000000010101
1110001100001000
0000000000000000
1110110000010000
0000000000000000
1111110111101000
1110110010100000
1110001100001000
0000000000000001
1111110000010000
0000000000001101
1110001100001000
0000000000000101
1110010011100000
1111110000010000
0000000000001110
1110001100001000
0000000000000000
1111110010101000
1111110000010000
0000000000000010
1111110000100000
1110001100001000
0000000000000010
1111110111010000
0000000000000000
1110001100001000
0000000000001101
1111110000010000
0000000000000001
1110010011100000
1111110000010000
0000000000000100
1110001100001000
0000000000001101
1111110000010000
0000000000000010
1110010011100000
1111110000010000
0000000000000011
1110001100001000
0000000000001101
1111110000010000
0000000000000011
1110010011100000
1111110000010000
0000000000000010
1110001100001000
0000000000001101
1111110000010000
0000000000000100
1110010011100000
1111110000010000
0000000000000001
1110001100001000
0000000000001110
1111110000100000
1110101010000111
0010100100101001
1110110000010000
0000000000000000
1111110111101000
1110110010100000
1110001100001000
0000000000000001
1111110000010000
0000000000000000
1111110111101000
1110110010100000
1110001100001000
0000000000000010
1111110000010000
0000000000000000
1111110111101000
1110110010100000
1110001100001000
0000000000000011
1111110000010000
0000000000000000
1111110111101000
1110110010100000
1110001100001000
0000000000000100
1111110000010000
0000000000000000
1111110111101000
1110110010100000
1110001100001000
0000000000000000
1111110000010000
0000000000000101
1110010011010000
0000000000000010
1110001100001000
0000000000000000
1111110000010000
0000000000000001
1110001100001000
0010100101111100
1110101010000111
0000000000000000
1111110010101000
1111110000010000
0000000000000101
1110001100001000
0000000000000000
1110110000010000
0000000000000000
1111110111101000
1110110010100000
1110001100001000
0000000000000000
1111110010101000
1111110000010000
0000000000010110
1110001100001000
0000000000000000
1110110000010000
0000000000000000
1111110111101000
1110110010100000
1110001100001000
0000000000000000
1111110010101000
1111110000010000
0000000000010111
1110001100001000
0000000000000000
1110110000010000
0000000000000000
1111110111101000
1110110010100000
1110001100001000
0000000000000001
1111110000010000
0000000000001101
1110001100001000
0000000000000101
1110010011100000
1111110000010000
0000000000001110
1110001100001000
0000000000000000
1111110010101000
1111110000010000
0000000000000010
1111110000100000
1110001100001000
0000000000000010
1111110111010000
0000000000000000
1110001100001000
0000000000001101
1111110000010000
0000000000000001
1110010011100000
1111110000010000
0000000000000100
1110001100001000
0000000000001101
1111110000010000
0000000000000010
1110010011100000
1111110000010000
0000000000000011
1110001100001000
0000000000001101
1111110000010000
0000000000000011
1110010011100000
1111110000010000
0000000000000010
1110001100001000
0000000000001101
1111110000010000
0000000000000100
1110010011100000
1111110000010000
0000000000000001
1110001100001000
0000000000001110
1111110000100000
1110101010000111
0000000000000000
1111110000100000
1110101010001000
1110110111100000
1110101010001000
1110110111100000
1110101010001000
1110110111100000
1110110000010000
0000000000000000
1110001100001000
0000010101110101
1110110000010000
0000000000000000
1111110111101000
1110110010100000
1110001100001000
0000000000000000
1111110010101000
1111110000010000
0000000000000001
1111110111100000
1110001100001000
0000000000000001
1111110111100000
1111110000010000
0000000000000000
1111110111101000
1110110010100000
1110001100001000
0010100111000100
1110110000010000
0000000000000000
1111110111101000
1110110010100000
1110001100001000
0000000000000001
1111110000010000
0000000000000000
1111110111101000
1110110010100000
1110001100001000
0000000000000010
1111110000010000
0000000000000000
1111110111101000
1110110010100000
1110001100001000
0000000000000011
1111110000010000
0000000000000000
1111110111101000
1110110010100000
1110001100001000
0000000000000100
1111110000010000
0000000000000000
1111110111101000
1110110010100000
1110001100001000
0000000000000000
1111110000010000
0000000000000110
1110010011010000
0000000000000010
1110001100001000
0000000000000000
1111110000010000
0000000000000001
1110001100001000
0000000000101110
1110101010000111
0000000000000000
1111110010101000
1111110000010000
0000000000011000
1110001100001000
0000000000000000
1110110000010000
0000000000000000
1111110111101000
1110110010100000
1110001100001000
0000000000000000
1111110010101000
1111110000010000
0000000000000001
1111110000100000
1110001100001000
0000000000100000
1110110000010000
0000000000000000
1111110111101000
1110110010100000
1110001100001000
0000000000000000
1110110000010000
0000000000000000
1111110111101000
1110110010100000
1110001100001000
0000000000000000
1110110000010000
0000000000000000
1111110111101000
1110110010100000
1110001100001000
0000000000000000
1110110000010000
0000000000000000
1111110111101000
1110110010100000
1110001100001000
0000000000000000
1110110000010000
0000000000000000
1111110111101000
1110110010100000
1110001100001000
0000000000000000
1110110000010000
0000000000000000
1111110111101000
1110110010100000
1110001100001000
0000000000000000
1110110000010000
0000000000000000
1111110111101000
1110110010100000
1110001100001000
0000000000000000
1110110000010000
0000000000000000
1111110111101000
1110110010100000
1110001100001000
0000000000000000
1110110000010000
0000000000000000
1111110111101000
1110110010100000
1110001100001000
0000000000000000
1110110000010000
0000000000000000
1111110111101000
1110110010100000
1110001100001000
0000000000000000
1110110000010000
0000000000000000
1111110111101000
1110110010100000
1110001100001000
0000000000000000
1110110000010000
0000000000000000
1111110111101000
1110110010100000
1110001100001000
0010101001000111
1110110000010000
0000000000000000
1111110111101000
1110110010100000
1110001100001000
0000000000000001
1111110000010000
0000000000000000
1111110111101000
1110110010100000
1110001100001000
0000000000000010
1111110000010000
0000000000000000
1111110111101000
1110110010100000
1110001100001000
0000000000000011
1111110000010000
0000000000000000
1111110111101000
1110110010100000
1110001100001000
0000000000000100
1111110000010000
0000000000000000
1111110111101000
1110110010100000
1110001100001000
0000000000000000
1111110000010000
0000000000010001
1110010011010000
0000000000000010
1110001100001000
0000000000000000
1111110000010000
0000000000000001
1110001100001000
0011110011010100
1110101010000111
0000000000000000
1111110010101000
1111110000010000
0000000000000101
1110001100001000
0000000000110000
1110110000010000
0000000000000000
1111110111101000
1110110010100000
1110001100001000
0000000000011110
1110110000010000
0000000000000000
1111110111101000
1110110010100000
1110001100001000
0000000000100001
1110110000010000
0000000000000000
1111110111101000
1110110010100000
1110001100001000
0000000000100011
1110110000010000
0000000000000000
1111110111101000
1110110010100000
1110001100001000
0000000000100101
1110110000010000
0000000000000000
1111110111101000
1110110010100000
1110001100001000
0000000000101001
1110110000010000
0000000000000000
1111110111101000
1110110010100000
1110001100001000
0000000000110001
1110110000010000
0000000000000000
1111110111101000
1110110010100000
1110001100001000
0000000000100001
1110110000010000
0000000000000000
1111110111101000
1110110010100000
1110001100001000
0000000000100001
1110110000010000
0000000000000000
1111110111101000
1110110010100000
1110001100001000
0000000000011110
1110110000010000
0000000000000000
1111110111101000
1110110010100000
1110001100001000
0000000000000000
1110110000010000
0000000000000000
1111110111101000
1110110010100000
1110001100001000
0000000000000000
1110110000010000
0000000000000000
1111110111101000
1110110010100000
1110001100001000
0010101010111110
1110110000010000
0000000000000000
1111110111101000
1110110010100000
1110001100001000
0000000000000001
1111110000010000
0000000000000000
1111110111101000
1110110010100000
1110001100001000
0000000000000010
1111110000010000
0000000000000000
1111110111101000
1110110010100000
1110001100001000
0000000000000011
1111110000010000
0000000000000000
1111110111101000
1110110010100000
1110001100001000
0000000000000100
1111110000010000
0000000000000000
1111110111101000
1110110010100000
1110001100001000
0000000000000000
1111110000010000
0000000000010001
1110010011010000
0000000000000010
1110001100001000
0000000000000000
1111110000010000
0000000000000001
1110001100001000
0011110011010100
1110101010000111
0000000000000000
1111110010101000
1111110000010000
0000000000000101
1110001100001000
0000000000110001
1110110000010000
0000000000000000
1111110111101000
1110110010100000
1110001100001000
0000000000001100
1110110000010000
0000000000000000
1111110111101000
1110110010100000
1110001100001000
0000000000011100
1110110000010000
0000000000000000
1111110111101000
1110110010100000
1110001100001000
0000000000001100
1110110000010000
0000000000000000
1111110111101000
1110110010100000
1110001100001000
0000000000001100
1110110000010000
0000000000000000
1111110111101000
1110110010100000
1110001100001000
0000000000001100
1110110000010000
0000000000000000
1111110111101000
1110110010100000
1110001100001000
0000000000001100
1110110000010000
0000000000000000
1111110111101000
1110110010100000
1110001100001000
0000000000001100
1110110000010000
0000000000000000
1111110111101000
1110110010100000
1110001100001000
0000000000001100
1110110000010000
0000000000000000
1111110111101000
1110110010100000
1110001100001000
0000000000011110
1110110000010000
0000000000000000
1111110111101000
1110110010100000
1110001100001000
0000000000000000
1110110000010000
0000000000000000
1111110111101000
1110110010100000
1110001100001000
0000000000000000
1110110000010000
0000000000000000
1111110111101000
1110110010100000
1110001100001000
0010101100110101
1110110000010000
0000000000000000
1111110111101000
1110110010100000
1110001100001000
0000000000000001
1111110000010000
0000000000000000
1111110111101000
1110110010100000
1110001100001000
0000000000000010
1111110000010000
0000000000000000
1111110111101000
1110110010100000
1110001100001000
0000000000000011
1111110000010000
0000000000000000
1111110111101000
1110110010100000
1110001100001000
0000000000000100
1111110000010000
0000000000000000
1111110111101000
1110110010100000
1110001100001000
0000000000000000
1111110000010000
0000000000010001
1110010011010000
0000000000000010
1110001100001000
0000000000000000
1111110000010000
0000000000000001
1110001100001000
0011110011010100
1110101010000111
0000000000000000
1111110010101000
1111110000010000
0000000000000101
1110001100001000
0000000000110010
1110110000010000
0000000000000000
1111110111101000
1110110010100000
1110001100001000
0000000000011110
1110110000010000
0000000000000000
1111110111101000
1110110010100000
1110001100001000
0000000000100001
1110110000010000
0000000000000000
1111110111101000
1110110010100000
1110001100001000
0000000000000001
1110110000010000
0000000000000000
1111110111101000
1110110010100000
1110001100001000
0000000000000010
1110110000010000
0000000000000000
1111110111101000
1110110010100000
1110001100001000
0000000000000100
1110110000010000
0000000000000000
1111110111101000
1110110010100000
1110001100001000
0000000000001000
1110110000010000
0000000000000000
1111110111101000
1110110010100000
1110001100001000
0000000000010000
1110110000010000
0000000000000000
1111110111101000
1110110010100000
1110001100001000
0000000000100000
1110110000010000
0000000000000000
1111110111101000
1110110010100000
1110001100001000
0000000000111111
1110110000010000
0000000000000000
1111110111101000
1110110010100000
1110001100001000
0000000000000000
1110110000010000
0000000000000000
1111110111101000
1110110010100000
1110001100001000
0000000000000000
1110110000010000
0000000000000000
1111110111101000
1110110010100000
1110001100001000
0010101110101100
1110110000010000
0000000000000000
1111110111101000
1110110010100000
1110001100001000
0000000000000001
1111110000010000
0000000000000000
1111110111101000
1110110010100000
1110001100001000
0000000000000010
1111110000010000
0000000000000000
1111110111101000
1110110010100000
1110001100001000
0000000000000011
1111110000010000
0000000000000000
1111110111101000
1110110010100000
1110001100001000
0000000000000100
1111110000010000
0000000000000000
1111110111101000
1110110010100000
1110001100001000
0000000000000000
1111110000010000
0000000000010001
1110010011010000
0000000000000010
1110001100001000
0000000000000000
1111110000010000
0000000000000001
1110001100001000
0011110011010100
1110101010000111
0000000000000000
1111110010101000
1111110000010000
0000000000000101
1110001100001000
0000000000110011
1110110000010000
0000000000000000
1111110111101000
1110110010100000
1110001100001000
0000000000011110
1110110000010000
0000000000000000
1111110111101000
1110110010100000
1110001100001000
0000000000100001
1110110000010000
0000000000000000
1111110111101000
1110110010100000
1110001100001000
0000000000000001
1110110000010000
0000000000000000
1111110111101000
1110110010100000
1110001100001000
0000000000000110
1110110000010000
0000000000000000
1111110111101000
1110110010100000
1110001100001000
0000000000000001
1110110000010000
0000000000000000
1111110111101000
1110110010100000
1110001100001000
0000000000000001
1110110000010000
0000000000000000
1111110111101000
1110110010100000
1110001100001000
0000000000100001
1110110000010000
0000000000000000
1111110111101000
1110110010100000
1110001100001000
0000000000100001
1110110000010000
0000000000000000
1111110111101000
1110110010100000
1110001100001000
0000000000011110
1110110000010000
0000000000000000
1111110111101000
1110110010100000
1110001100001000
0000000000000000
1110110000010000
0000000000000000
1111110111101000
1110110010100000
1110001100001000
0000000000000000
1110110000010000
0000000000000000
1111110111101000
1110110010100000
1110001100001000
0010110000100011
1110110000010000
0000000000000000
1111110111101000
1110110010100000
1110001100001000
0000000000000001
1111110000010000
0000000000000000
1111110111101000
1110110010100000
1110001100001000
0000000000000010
1111110000010000
0000000000000000
1111110111101000
1110110010100000
1110001100001000
0000000000000011
1111110000010000
0000000000000000
1111110111101000
1110110010100000
1110001100001000
0000000000000100
1111110000010000
0000000000000000
1111110111101000
1110110010100000
1110001100001000
0000000000000000
1111110000010000
0000000000010001
1110010011010000
0000000000000010
1110001100001000
0000000000000000
1111110000010000
0000000000000001
1110001100001000
0011110011010100
1110101010000111
0000000000000000
1111110010101000
1111110000010000
0000000000000101
1110001100001000
0000000000110100
1110110000010000
0000000000000000
1111110111101000
1110110010100000
1110001100001000
0000000000000010
1110110000010000
0000000000000000
1111110111101000
1110110010100000
1110001100001000
0000000000000110
1110110000010000
0000000000000000
1111110111101000
1110110010100000
1110001100001000
0000000000001010
1110110000010000
0000000000000000
1111110111101000
1110110010100000
1110001100001000
0000000000010010
1110110000010000
0000000000000000
1111110111101000
1110110010100000
1110001100001000
0000000000100010
1110110000010000
0000000000000000
1111110111101000
1110110010100000
1110001100001000
0000000000111111
1110110000010000
0000000000000000
1111110111101000
1110110010100000
1110001100001000
0000000000000010
1110110000010000
0000000000000000
1111110111101000
1110110010100000
1110001100001000
0000000000000010
1110110000010000
0000000000000000
1111110111101000
1110110010100000
1110001100001000
0000000000000010
1110110000010000
0000000000000000
1111110111101000
1110110010100000
1110001100001000
0000000000000000
1110110000010000
0000000000000000
1111110111101000
1110110010100000
1110001100001000
0000000000000000
1110110000010000
0000000000000000
1111110111101000
1110110010100000
1110001100001000
0010110010011010
1110110000010000
0000000000000000
1111110111101000
1110110010100000
1110001100001000
0000000000000001
1111110000010000
0000000000000000
1111110111101000
1110110010100000
1110001100001000
0000000000000010
1111110000010000
0000000000000000
1111110111101000
1110110010100000
1110001100001000
0000000000000011
1111110000010000
0000000000000000
1111110111101000
1110110010100000
1110001100001000
0000000000000100
1111110000010000
0000000000000000
1111110111101000
1110110010100000
1110001100001000
0000000000000000
1111110000010000
0000000000010001
1110010011010000
0000000000000010
1110001100001000
0000000000000000
1111110000010000
0000000000000001
1110001100001000
0011110011010100
1110101010000111
0000000000000000
1111110010101000
1111110000010000
0000000000000101
1110001100001000
0000000000110101
1110110000010000
0000000000000000
1111110111101000
1110110010100000
1110001100001000
0000000000111111
1110110000010000
0000000000000000
1111110111101000
1110110010100000
1110001100001000
0000000000100000
1110110000010000
0000000000000000
1111110111101000
1110110010100000
1110001100001000
0000000000111110
1110110000010000
0000000000000000
1111110111101000
1110110010100000
1110001100001000
0000000000000001
1110110000010000
0000000000000000
1111110111101000
1110110010100000
1110001100001000
0000000000000001
1110110000010000
0000000000000000
1111110111101000
1110110010100000
1110001100001000
0000000000000001
1110110000010000
0000000000000000
1111110111101000
1110110010100000
1110001100001000
0000000000100001
1110110000010000
0000000000000000
1111110111101000
1110110010100000
1110001100001000
0000000000100001
1110110000010000
0000000000000000
1111110111101000
1110110010100000
1110001100001000
0000000000011110
1110110000010000
0000000000000000
1111110111101000
1110110010100000
1110001100001000
0000000000000000
1110110000010000
0000000000000000
1111110111101000
1110110010100000
1110001100001000
0000000000000000
1110110000010000
0000000000000000
1111110111101000
1110110010100000
1110001100001000
0010110100010001
1110110000010000
0000000000000000
1111110111101000
1110110010100000
1110001100001000
0000000000000001
1111110000010000
0000000000000000
1111110111101000
1110110010100000
1110001100001000
0000000000000010
1111110000010000
0000000000000000
1111110111101000
1110110010100000
1110001100001000
0000000000000011
1111110000010000
0000000000000000
1111110111101000
1110110010100000
1110001100001000
0000000000000100
1111110000010000
0000000000000000
1111110111101000
1110110010100000
1110001100001000
0000000000000000
1111110000010000
0000000000010001
1110010011010000
0000000000000010
1110001100001000
0000000000000000
1111110000010000
0000000000000001
1110001100001000
0011110011010100
1110101010000111
0000000000000000
1111110010101000
1111110000010000
0000000000000101
1110001100001000
0000000000110110
1110110000010000
0000000000000000
1111110111101000
1110110010100000
1110001100001000
0000000000001110
1110110000010000
0000000000000000
1111110111101000
1110110010100000
1110001100001000
0000000000010000
1110110000010000
0000000000000000
1111110111101000
1110110010100000
1110001100001000
0000000000100000
1110110000010000
0000000000000000
1111110111101000
1110110010100000
1110001100001000
0000000000111110
1110110000010000
0000000000000000
1111110111101000
1110110010100000
1110001100001000
0000000000100001
1110110000010000
0000000000000000
1111110111101000
1110110010100000
1110001100001000
0000000000100001
1110110000010000
0000000000000000
1111110111101000
1110110010100000
1110001100001000
0000000000100001
1110110000010000
0000000000000000
1111110111101000
1110110010100000
1110001100001000
0000000000100001
1110110000010000
0000000000000000
1111110111101000
1110110010100000
1110001100001000
0000000000011110
1110110000010000
0000000000000000
1111110111101000
1110110010100000
1110001100001000
0000000000000000
1110110000010000
0000000000000000
1111110111101000
1110110010100000
1110001100001000
0000000000000000
1110110000010000
0000000000000000
1111110111101000
1110110010100000
1110001100001000
0010110110001000
1110110000010000
0000000000000000
1111110111101000
1110110010100000
1110001100001000
0000000000000001
1111110000010000
0000000000000000
1111110111101000
1110110010100000
1110001100001000
0000000000000010
1111110000010000
0000000000000000
1111110111101000
1110110010100000
1110001100001000
0000000000000011
1111110000010000
0000000000000000
1111110111101000
1110110010100000
1110001100001000
0000000000000100
1111110000010000
0000000000000000
1111110111101000
1110110010100000
1110001100001000
0000000000000000
1111110000010000
0000000000010001
1110010011010000
0000000000000010
1110001100001000
0000000000000000
1111110000010000
0000000000000001
1110001100001000
0011110011010100
1110101010000111
0000000000000000
1111110010101000
1111110000010000
0000000000000101
1110001100001000
0000000000110111
1110110000010000
0000000000000000
1111110111101000
1110110010100000
1110001100001000
0000000000111111
1110110000010000
0000000000000000
1111110111101000
1110110010100000
1110001100001000
0000000000000001
1110110000010000
0000000000000000
1111110111101000
1110110010100000
1110001100001000
0000000000000010
1110110000010000
0000000000000000
1111110111101000
1110110010100000
1110001100001000
0000000000000100
1110110000010000
0000000000000000
1111110111101000
1110110010100000
1110001100001000
0000000000001000
1110110000010000
0000000000000000
1111110111101000
1110110010100000
1110001100001000
0000000000010000
1110110000010000
0000000000000000
1111110111101000
1110110010100000
1110001100001000
0000000000010000
1110110000010000
0000000000000000
1111110111101000
1110110010100000
1110001100001000
0000000000010000
1110110000010000
0000000000000000
1111110111101000
1110110010100000
1110001100001000
0000000000010000
1110110000010000
0000000000000000
1111110111101000
1110110010100000
1110001100001000
0000000000000000
1110110000010000
0000000000000000
1111110111101000
1110110010100000
1110001100001000
0000000000000000
1110110000010000
0000000000000000
1111110111101000
1110110010100000
1110001100001000
0010110111111111
1110110000010000
0000000000000000
1111110111101000
1110110010100000
1110001100001000
0000000000000001
1111110000010000
0000000000000000
1111110111101000
1110110010100000
1110001100001000
0000000000000010
1111110000010000
0000000000000000
1111110111101000
1110110010100000
1110001100001000
0000000000000011
1111110000010000
0000000000000000
1111110111101000
1110110010100000
1110001100001000
0000000000000100
1111110000010000
0000000000000000
1111110111101000
1110110010100000
1110001100001000
0000000000000000
1111110000010000
0000000000010001
1110010011010000
0000000000000010
1110001100001000
0000000000000000
1111110000010000
0000000000000001
1110001100001000
0011110011010100
1110101010000111
0000000000000000
1111110010101000
1111110000010000
0000000000000101
1110001100001000
0000000000111000
1110110000010000
0000000000000000
1111110111101000
1110110010100000
1110001100001000
0000000000011110
1110110000010000
0000000000000000
1111110111101000
1110110010100000
1110001100001000
0000000000100001
1110110000010000
0000000000000000
1111110111101000
1110110010100000
1110001100001000
0000000000100001
1110110000010000
0000000000000000
1111110111101000
1110110010100000
1110001100001000
0000000000011110
1110110000010000
0000000000000000
1111110111101000
1110110010100000
1110001100001000
0000000000100001
1110110000010000
0000000000000000
1111110111101000
1110110010100000
1110001100001000
0000000000100001
1110110000010000
0000000000000000
1111110111101000
1110110010100000
1110001100001000
0000000000100001
1110110000010000
0000000000000000
1111110111101000
1110110010100000
1110001100001000
0000000000100001
1110110000010000
0000000000000000
1111110111101000
1110110010100000
1110001100001000
0000000000011110
1110110000010000
0000000000000000
1111110111101000
1110110010100000
1110001100001000
0000000000000000
1110110000010000
0000000000000000
1111110111101000
1110110010100000
1110001100001000
0000000000000000
1110110000010000
0000000000000000
1111110111101000
1110110010100000
1110001100001000
0010111001110110
1110110000010000
0000000000000000
1111110111101000
1110110010100000
1110001100001000
0000000000000001
1111110000010000
0000000000000000
1111110111101000
1110110010100000
1110001100001000
0000000000000010
1111110000010000
0000000000000000
1111110111101000
1110110010100000
1110001100001000
0000000000000011
1111110000010000
0000000000000000
1111110111101000
1110110010100000
1110001100001000
0000000000000100
1111110000010000
0000000000000000
1111110111101000
1110110010100000
1110001100001000
0000000000000000
1111110000010000
0000000000010001
1110010011010000
0000000000000010
1110001100001000
0000000000000000
1111110000010000
0000000000000001
1110001100001000
0011110011010100
1110101010000111
0000000000000000
1111110010101000
1111110000010000
0000000000000101
1110001100001000
0000000000111001
1110110000010000
0000000000000000
1111110111101000
1110110010100000
1110001100001000
0000000000011110
1110110000010000
0000000000000000
1111110111101000
1110110010100000
1110001100001000
0000000000100001
1110110000010000
0000000000000000
1111110111101000
1110110010100000
1110001100001000
0000000000100001
1110110000010000
0000000000000000
1111110111101000
1110110010100000
1110001100001000
0000000000100001
1110110000010000
0000000000000000
1111110111101000
1110110010100000
1110001100001000
0000000000011111
1110110000010000
0000000000000000
1111110111101000
1110110010100000
1110001100001000
0000000000000001
1110110000010000
0000000000000000
1111110111101000
1110110010100000
1110001100001000
0000000000000010
1110110000010000
0000000000000000
1111110111101000
1110110010100000
1110001100001000
0000000000000100
1110110000010000
0000000000000000
1111110111101000
1110110010100000
1110001100001000
0000000000111000
1110110000010000
0000000000000000
1111110111101000
1110110010100000
1110001100001000
0000000000000000
1110110000010000
0000000000000000
1111110111101000
1110110010100000
1110001100001000
0000000000000000
1110110000010000
0000000000000000
1111110111101000
1110110010100000
1110001100001000
0010111011101101
1110110000010000
0000000000000000
1111110111101000
1110110010100000
1110001100001000
0000000000000001
1111110000010000
0000000000000000
1111110111101000
1110110010100000
1110001100001000
0000000000000010
1111110000010000
0000000000000000
1111110111101000
1110110010100000
1110001100001000
0000000000000011
1111110000010000
0000000000000000
1111110111101000
1110110010100000
1110001100001000
0000000000000100
1111110000010000
0000000000000000
1111110111101000
1110110010100000
1110001100001000
0000000000000000
1111110000010000
0000000000010001
1110010011010000
0000000000000010
1110001100001000
0000000000000000
1111110000010000
0000000000000001
1110001100001000
0011110011010100
1110101010000111
0000000000000000
1111110010101000
1111110000010000
0000000000000101
1110001100001000
0000000000111010
1110110000010000
0000000000000000
1111110111101000
1110110010100000
1110001100001000
0000000000000000
1110110000010000
0000000000000000
1111110111101000
1110110010100000
1110001100001000
0000000000000000
1110110000010000
0000000000000000
1111110111101000
1110110010100000
1110001100001000
0000000000001100
1110110000010000
0000000000000000
1111110111101000
1110110010100000
1110001100001000
0000000000001100
1110110000010000
0000000000000000
1111110111101000
1110110010100000
1110001100001000
0000000000000000
1110110000010000
0000000000000000
1111110111101000
1110110010100000
1110001100001000
0000000000000000
1110110000010000
0000000000000000
1111110111101000
1110110010100000
1110001100001000
0000000000001100
1110110000010000
0000000000000000
1111110111101000
1110110010100000
1110001100001000
0000000000001100
1110110000010000
0000000000000000
1111110111101000
1110110010100000
1110001100001000
0000000000000000
1110110000010000
0000000000000000
1111110111101000
1110110010100000
1110001100001000
0000000000000000
1110110000010000
0000000000000000
1111110111101000
1110110010100000
1110001100001000
0000000000000000
1110110000010000
0000000000000000
1111110111101000
1110110010100000
1110001100001000
0010111101100100
1110110000010000
0000000000000000
1111110111101000
1110110010100000
1110001100001000
0000000000000001
1111110000010000
0000000000000000
1111110111101000
1110110010100000
1110001100001000
0000000000000010
1111110000010000
0000000000000000
1111110111101000
1110110010100000
1110001100001000
0000000000000011
1111110000010000
0000000000000000
1111110111101000
1110110010100000
1110001100001000
0000000000000100
1111110000010000
0000000000000000
1111110111101000
1110110010100000
1110001100001000
0000000000000000
1111110000010000
0000000000010001
1110010011010000
0000000000000010
1110001100001000
0000000000000000
1111110000010000
0000000000000001
1110001100001000
0011110011010100
1110101010000111
0000000000000000
1111110010101000
1111110000010000
0000000000000101
1110001100001000
0000000000101101
1110110000010000
0000000000000000
1111110111101000
1110110010100000
1110001100001000
0000000000000000
1110110000010000
0000000000000000
1111110111101000
1110110010100000
1110001100001000
0000000000000000
1110110000010000
0000000000000000
1111110111101000
1110110010100000
1110001100001000
0000000000000000
1110110000010000
0000000000000000
1111110111101000
1110110010100000
1110001100001000
0000000000000000
1110110000010000
0000000000000000
1111110111101000
1110110010100000
1110001100001000
0000000000000000
1110110000010000
0000000000000000
1111110111101000
1110110010100000
1110001100001000
0000000000111111
1110110000010000
0000000000000000
1111110111101000
1110110010100000
1110001100001000
0000000000000000
1110110000010000
0000000000000000
1111110111101000
1110110010100000
1110001100001000
0000000000000000
1110110000010000
0000000000000000
1111110111101000
1110110010100000
1110001100001000
0000000000000000
1110110000010000
0000000000000000
1111110111101000
1110110010100000
1110001100001000
0000000000000000
1110110000010000
0000000000000000
1111110111101000
1110110010100000
1110001100001000
0000000000000000
1110110000010000
0000000000000000
1111110111101000
1110110010100000
1110001100001000
0010111111011011
1110110000010000
0000000000000000
1111110111101000
1110110010100000
1110001100001000
0000000000000001
1111110000010000
0000000000000000
1111110111101000
1110110010100000
1110001100001000
0000000000000010
1111110000010000
0000000000000000
1111110111101000
1110110010100000
1110001100001000
0000000000000011
1111110000010000
0000000000000000
1111110111101000
1110110010100000
1110001100001000
0000000000000100
1111110000010000
0000000000000000
1111110111101000
1110110010100000
1110001100001000
0000000000000000
1111110000010000
0000000000010001
1110010011010000
0000000000000010
1110001100001000
0000000000000000
1111110000010000
0000000000000001
1110001100001000
0011110011010100
1110101010000111
0000000000000000
1111110010101000
1111110000010000
0000000000000101
1110001100001000
0000000001000001
1110110000010000
0000000000000000
1111110111101000
1110110010100000
1110001100001000
0000000000001100
1110110000010000
0000000000000000
1111110111101000
1110110010100000
1110001100001000
0000000000010010
1110110000010000
0000000000000000
1111110111101000
1110110010100000
1110001100001000
0000000000100001
1110110000010000
0000000000000000
1111110111101000
1110110010100000
1110001100001000
0000000000100001
1110110000010000
0000000000000000
1111110111101000
1110110010100000
1110001100001000
0000000000111111
1110110000010000
0000000000000000
1111110111101000
1110110010100000
1110001100001000
0000000000100001
1110110000010000
0000000000000000
1111110111101000
1110110010100000
1110001100001000
0000000000100001
1110110000010000
0000000000000000
1111110111101000
1110110010100000
1110001100001000
0000000000100001
1110110000010000
0000000000000000
1111110111101000
1110110010100000
1110001100001000
0000000000100001
1110110000010000
0000000000000000
1111110111101000
1110110010100000
1110001100001000
0000000000000000
1110110000010000
0000000000000000
1111110111101000
1110110010100000
1110001100001000
0000000000000000
1110110000010000
0000000000000000
1111110111101000
1110110010100000
1110001100001000
0011000001010010
1110110000010000
0000000000000000
1111110111101000
1110110010100000
1110001100001000
0000000000000001
1111110000010000
0000000000000000
1111110111101000
1110110010100000
1110001100001000
0000000000000010
1111110000010000
0000000000000000
1111110111101000
1110110010100000
1110001100001000
0000000000000011
1111110000010000
0000000000000000
1111110111101000
1110110010100000
1110001100001000
0000000000000100
1111110000010000
0000000000000000
1111110111101000
1110110010100000
1110001100001000
0000000000000000
1111110000010000
0000000000010001
1110010011010000
0000000000000010
1110001100001000
0000000000000000
1111110000010000
0000000000000001
1110001100001000
0011110011010100
1110101010000111
0000000000000000
1111110010101000
1111110000010000
0000000000000101
1110001100001000
0000000001000010
1110110000010000
0000000000000000
1111110111101000
1110110010100000
1110001100001000
0000000000111110
1110110000010000
0000000000000000
1111110111101000
1110110010100000
1110001100001000
0000000000100001
1110110000010000
0000000000000000
1111110111101000
1110110010100000
1110001100001000
0000000000100001
1110110000010000
0000000000000000
1111110111101000
1110110010100000
1110001100001000
0000000000111110
1110110000010000
0000000000000000
1111110111101000
1110110010100000
1110001100001000
0000000000100001
1110110000010000
0000000000000000
1111110111101000
1110110010100000
1110001100001000
0000000000100001
1110110000010000
0000000000000000
1111110111101000
1110110010100000
1110001100001000
0000000000100001
1110110000010000
0000000000000000
1111110111101000
1110110010100000
1110001100001000
0000000000100001
1110110000010000
0000000000000000
1111110111101000
1110110010100000
1110001100001000
0000000000111110
1110110000010000
0000000000000000
1111110111101000
1110110010100000
1110001100001000
0000000000000000
1110110000010000
0000000000000000
1111110111101000
1110110010100000
1110001100001000
0000000000000000
1110110000010000
0000000000000000
1111110111101000
1110110010100000
1110001100001000
0011000011001001
1110110000010000
0000000000000000
1111110111101000
1110110010100000
1110001100001000
0000000000000001
1111110000010000
0000000000000000
1111110111101000
1110110010100000
1110001100001000
0000000000000010
1111110000010000
0000000000000000
1111110111101000
1110110010100000
1110001100001000
0000000000000011
1111110000010000
0000000000000000
1111110111101000
1110110010100000
1110001100001000
0000000000000100
1111110000010000
0000000000000000
1111110111101000
1110110010100000
1110001100001000
0000000000000000
1111110000010000
0000000000010001
1110010011010000
0000000000000010
1110001100001000
0000000000000000
1111110000010000
0000000000000001
1110001100001000
0011110011010100
1110101010000111
0000000000000000
1111110010101000
1111110000010000
0000000000000101
1110001100001000
0000000001000011
1110110000010000
0000000000000000
1111110111101000
1110110010100000
1110001100001000
0000000000011110
1110110000010000
0000000000000000
1111110111101000
1110110010100000
1110001100001000
0000000000100001
1110110000010000
0000000000000000
1111110111101000
1110110010100000
1110001100001000
0000000000100000
1110110000010000
0000000000000000
1111110111101000
1110110010100000
1110001100001000
0000000000100000
1110110000010000
0000000000000000
1111110111101000
1110110010100000
1110001100001000
0000000000100000
1110110000010000
0000000000000000
1111110111101000
1110110010100000
1110001100001000
0000000000100000
1110110000010000
0000000000000000
1111110111101000
1110110010100000
1110001100001000
0000000000100000
1110110000010000
0000000000000000
1111110111101000
1110110010100000
1110001100001000
0000000000100001
1110110000010000
0000000000000000
1111110111101000
1110110010100000
1110001100001000
0000000000011110
1110110000010000
0000000000000000
1111110111101000
1110110010100000
1110001100001000
0000000000000000
1110110000010000
0000000000000000
1111110111101000
1110110010100000
1110001100001000
0000000000000000
1110110000010000
0000000000000000
1111110111101000
1110110010100000
1110001100001000
0011000101000000
1110110000010000
0000000000000000
1111110111101000
1110110010100000
1110001100001000
0000000000000001
1111110000010000
0000000000000000
1111110111101000
1110110010100000
1110001100001000
0000000000000010
1111110000010000
0000000000000000
1111110111101000
1110110010100000
1110001100001000
0000000000000011
1111110000010000
0000000000000000
1111110111101000
1110110010100000
1110001100001000
0000000000000100
1111110000010000
0000000000000000
1111110111101000
1110110010100000
1110001100001000
0000000000000000
1111110000010000
0000000000010001
1110010011010000
0000000000000010
1110001100001000
0000000000000000
1111110000010000
0000000000000001
1110001100001000
0011110011010100
1110101010000111
0000000000000000
1111110010101000
1111110000010000
0000000000000101
1110001100001000
0000000001000100
1110110000010000
0000000000000000
1111110111101000
1110110010100000
1110001100001000
0000000000111100
1110110000010000
0000000000000000
1111110111101000
1110110010100000
1110001100001000
0000000000100010
1110110000010000
0000000000000000
1111110111101000
1110110010100000
1110001100001000
0000000000100001
1110110000010000
0000000000000000
1111110111101000
1110110010100000
1110001100001000
0000000000100001
1110110000010000
0000000000000000
1111110111101000
1110110010100000
1110001100001000
0000000000100001
1110110000010000
0000000000000000
1111110111101000
1110110010100000
1110001100001000
0000000000100001
1110110000010000
0000000000000000
1111110111101000
1110110010100000
1110001100001000
0000000000100001
1110110000010000
0000000000000000
1111110111101000
1110110010100000
1110001100001000
0000000000100010
1110110000010000
0000000000000000
1111110111101000
1110110010100000
1110001100001000
0000000000111100
1110110000010000
0000000000000000
1111110111101000
1110110010100000
1110001100001000
0000000000000000
1110110000010000
0000000000000000
1111110111101000
1110110010100000
1110001100001000
0000000000000000
1110110000010000
0000000000000000
1111110111101000
1110110010100000
1110001100001000
0011000110110111
1110110000010000
0000000000000000
1111110111101000
1110110010100000
1110001100001000
0000000000000001
1111110000010000
0000000000000000
1111110111101000
1110110010100000
1110001100001000
0000000000000010
1111110000010000
0000000000000000
1111110111101000
1110110010100000
1110001100001000
0000000000000011
1111110000010000
0000000000000000
1111110111101000
1110110010100000
1110001100001000
0000000000000100
1111110000010000
0000000000000000
1111110111101000
1110110010100000
1110001100001000
0000000000000000
1111110000010000
0000000000010001
1110010011010000
0000000000000010
1110001100001000
0000000000000000
1111110000010000
0000000000000001
1110001100001000
0011110011010100
1110101010000111
0000000000000000
1111110010101000
1111110000010000
0000000000000101
1110001100001000
0000000001000101
1110110000010000
0000000000000000
1111110111101000
1110110010100000
1110001100001000
0000000000111111
1110110000010000
0000000000000000
1111110111101000
1110110010100000
1110001100001000
0000000000100000
1110110000010000
0000000000000000
1111110111101000
1110110010100000
1110001100001000
0000000000100000
1110110000010000
0000000000000000
1111110111101000
1110110010100000
1110001100001000
0000000000111110
1110110000010000
0000000000000000
1111110111101000
1110110010100000
1110001100001000
0000000000100000
1110110000010000
0000000000000000
1111110111101000
1110110010100000
1110001100001000
0000000000100000
1110110000010000
0000000000000000
1111110111101000
1110110010100000
1110001100001000
0000000000100000
1110110000010000
0000000000000000
1111110111101000
1110110010100000
1110001100001000
0000000000100000
1110110000010000
0000000000000000
1111110111101000
1110110010100000
1110001100001000
0000000000111111
1110110000010000
0000000000000000
1111110111101000
1110110010100000
1110001100001000
0000000000000000
1110110000010000
0000000000000000
1111110111101000
1110110010100000
1110001100001000
0000000000000000
1110110000010000
0000000000000000
1111110111101000
1110110010100000
1110001100001000
0011001000101110
1110110000010000
0000000000000000
1111110111101000
1110110010100000
1110001100001000
0000000000000001
1111110000010000
0000000000000000
1111110111101000
1110110010100000
1110001100001000
0000000000000010
1111110000010000
0000000000000000
1111110111101000
1110110010100000
1110001100001000
0000000000000011
1111110000010000
0000000000000000
1111110111101000
1110110010100000
1110001100001000
0000000000000100
1111110000010000
0000000000000000
1111110111101000
1110110010100000
1110001100001000
0000000000000000
1111110000010000
0000000000010001
1110010011010000
0000000000000010
1110001100001000
0000000000000000
1111110000010000
0000000000000001
1110001100001000
0011110011010100
1110101010000111
0000000000000000
1111110010101000
1111110000010000
0000000000000101
1110001100001000
0000000001000110
1110110000010000
0000000000000000
1111110111101000
1110110010100000
1110001100001000
0000000000111111
1110110000010000
0000000000000000
1111110111101000
1110110010100000
1110001100001000
0000000000100000
1110110000010000
0000000000000000
1111110111101000
1110110010100000
1110001100001000
0000000000100000
1110110000010000
0000000000000000
1111110111101000
1110110010100000
1110001100001000
0000000000111110
1110110000010000
0000000000000000
1111110111101000
1110110010100000
1110001100001000
0000000000100000
1110110000010000
0000000000000000
1111110111101000
1110110010100000
1110001100001000
0000000000100000
1110110000010000
0000000000000000
1111110111101000
1110110010100000
1110001100001000
0000000000100000
1110110000010000
0000000000000000
1111110111101000
1110110010100000
1110001100001000
0000000000100000
1110110000010000
0000000000000000
1111110111101000
1110110010100000
1110001100001000
0000000000100000
1110110000010000
0000000000000000
1111110111101000
1110110010100000
1110001100001000
0000000000000000
1110110000010000
0000000000000000
1111110111101000
1110110010100000
1110001100001000
0000000000000000
1110110000010000
0000000000000000
1111110111101000
1110110010100000
1110001100001000
0011001010100101
1110110000010000
0000000000000000
1111110111101000
1110110010100000
1110001100001000
0000000000000001
1111110000010000
0000000000000000
1111110111101000
1110110010100000
1110001100001000
0000000000000010
1111110000010000
0000000000000000
1111110111101000
1110110010100000
1110001100001000
0000000000000011
1111110000010000
0000000000000000
1111110111101000
1110110010100000
1110001100001000
0000000000000100
1111110000010000
0000000000000000
1111110111101000
1110110010100000
1110001100001000
0000000000000000
1111110000010000
0000000000010001
1110010011010000
0000000000000010
1110001100001000
0000000000000000
1111110000010000
0000000000000001
1110001100001000
0011110011010100
1110101010000111
0000000000000000
1111110010101000
1111110000010000
0000000000000101
1110001100001000
0000000001000111
1110110000010000
0000000000000000
1111110111101000
1110110010100000
1110001100001000
0000000000011110
1110110000010000
0000000000000000
1111110111101000
1110110010100000
1110001100001000
0000000000100001
1110110000010000
0000000000000000
1111110111101000
1110110010100000
1110001100001000
0000000000100000
1110110000010000
0000000000000000
1111110111101000
1110110010100000
1110001100001000
0000000000100000
1110110000010000
0000000000000000
1111110111101000
1110110010100000
1110001100001000
0000000000100111
1110110000010000
0000000000000000
1111110111101000
1110110010100000
1110001100001000
0000000000100001
1110110000010000
0000000000000000
1111110111101000
1110110010100000
1110001100001000
0000000000100001
1110110000010000
0000000000000000
1111110111101000
1110110010100000
1110001100001000
0000000000100001
1110110000010000
0000000000000000
1111110111101000
1110110010100000
1110001100001000
0000000000011110
1110110000010000
0000000000000000
1111110111101000
1110110010100000
1110001100001000
0000000000000000
1110110000010000
0000000000000000
1111110111101000
1110110010100000
1110001100001000
0000000000000000
1110110000010000
0000000000000000
1111110111101000
1110110010100000
1110001100001000
0011001100011100
1110110000010000
0000000000000000
1111110111101000
1110110010100000
1110001100001000
0000000000000001
1111110000010000
0000000000000000
1111110111101000
1110110010100000
1110001100001000
0000000000000010
1111110000010000
0000000000000000
1111110111101000
1110110010100000
1110001100001000
0000000000000011
1111110000010000
0000000000000000
1111110111101000
1110110010100000
1110001100001000
0000000000000100
1111110000010000
0000000000000000
1111110111101000
1110110010100000
1110001100001000
0000000000000000
1111110000010000
0000000000010001
1110010011010000
0000000000000010
1110001100001000
0000000000000000
1111110000010000
0000000000000001
1110001100001000
0011110011010100
1110101010000111
0000000000000000
1111110010101000
1111110000010000
0000000000000101
1110001100001000
0000000001001000
1110110000010000
0000000000000000
1111110111101000
1110110010100000
1110001100001000
0000000000100001
1110110000010000
0000000000000000
1111110111101000
1110110010100000
1110001100001000
0000000000100001
1110110000010000
0000000000000000
1111110111101000
1110110010100000
1110001100001000
0000000000100001
1110110000010000
0000000000000000
1111110111101000
1110110010100000
1110001100001000
0000000000111111
1110110000010000
0000000000000000
1111110111101000
1110110010100000
1110001100001000
0000000000100001
1110110000010000
0000000000000000
1111110111101000
1110110010100000
1110001100001000
0000000000100001
1110110000010000
0000000000000000
1111110111101000
1110110010100000
1110001100001000
0000000000100001
1110110000010000
0000000000000000
1111110111101000
1110110010100000
1110001100001000
0000000000100001
1110110000010000
0000000000000000
1111110111101000
1110110010100000
1110001100001000
0000000000100001
1110110000010000
0000000000000000
1111110111101000
1110110010100000
1110001100001000
0000000000000000
1110110000010000
0000000000000000
1111110111101000
1110110010100000
1110001100001000
0000000000000000
1110110000010000
0000000000000000
1111110111101000
1110110010100000
1110001100001000
0011001110010011
1110110000010000
0000000000000000
1111110111101000
1110110010100000
1110001100001000
0000000000000001
1111110000010000
0000000000000000
1111110111101000
1110110010100000
1110001100001000
0000000000000010
1111110000010000
0000000000000000
1111110111101000
1110110010100000
1110001100001000
0000000000000011
1111110000010000
0000000000000000
1111110111101000
1110110010100000
1110001100001000
0000000000000100
1111110000010000
0000000000000000
1111110111101000
1110110010100000
1110001100001000
0000000000000000
1111110000010000
0000000000010001
1110010011010000
0000000000000010
1110001100001000
0000000000000000
1111110000010000
0000000000000001
1110001100001000
0011110011010100
1110101010000111
0000000000000000
1111110010101000
1111110000010000
0000000000000101
1110001100001000
0000000001001001
1110110000010000
0000000000000000
1111110111101000
1110110010100000
1110001100001000
0000000000011110
1110110000010000
0000000000000000
1111110111101000
1110110010100000
1110001100001000
0000000000001100
1110110000010000
0000000000000000
1111110111101000
1110110010100000
1110001100001000
0000000000001100
1110110000010000
0000000000000000
1111110111101000
1110110010100000
1110001100001000
0000000000001100
1110110000010000
0000000000000000
1111110111101000
1110110010100000
1110001100001000
0000000000001100
1110110000010000
0000000000000000
1111110111101000
1110110010100000
1110001100001000
0000000000001100
1110110000010000
0000000000000000
1111110111101000
1110110010100000
1110001100001000
0000000000001100
1110110000010000
0000000000000000
1111110111101000
1110110010100000
1110001100001000
0000000000001100
1110110000010000
0000000000000000
1111110111101000
1110110010100000
1110001100001000
0000000000011110
1110110000010000
0000000000000000
1111110111101000
1110110010100000
1110001100001000
0000000000000000
1110110000010000
0000000000000000
1111110111101000
1110110010100000
1110001100001000
0000000000000000
1110110000010000
0000000000000000
1111110111101000
1110110010100000
1110001100001000
0011010000001010
1110110000010000
0000000000000000
1111110111101000
1110110010100000
1110001100001000
0000000000000001
1111110000010000
0000000000000000
1111110111101000
1110110010100000
1110001100001000
0000000000000010
1111110000010000
0000000000000000
1111110111101000
1110110010100000
1110001100001000
0000000000000011
1111110000010000
0000000000000000
1111110111101000
1110110010100000
1110001100001000
0000000000000100
1111110000010000
0000000000000000
1111110111101000
1110110010100000
1110001100001000
0000000000000000
1111110000010000
0000000000010001
1110010011010000
0000000000000010
1110001100001000
0000000000000000
1111110000010000
0000000000000001
1110001100001000
0011110011010100
1110101010000111
0000000000000000
1111110010101000
1111110000010000
0000000000000101
1110001100001000
0000000001001010
1110110000010000
0000000000000000
1111110111101000
1110110010100000
1110001100001000
0000000000001111
1110110000010000
0000000000000000
1111110111101000
1110110010100000
1110001100001000
0000000000000011
1110110000010000
0000000000000000
1111110111101000
1110110010100000
1110001100001000
0000000000000011
1110110000010000
0000000000000000
1111110111101000
1110110010100000
1110001100001000
0000000000000011
1110110000010000
0000000000000000
1111110111101000
1110110010100000
1110001100001000
0000000000000011
1110110000010000
0000000000000000
1111110111101000
1110110010100000
1110001100001000
0000000000000011
1110110000010000
0000000000000000
1111110111101000
1110110010100000
1110001100001000
0000000000100011
1110110000010000
0000000000000000
1111110111101000
1110110010100000
1110001100001000
0000000000100011
1110110000010000
0000000000000000
1111110111101000
1110110010100000
1110001100001000
0000000000011110
1110110000010000
0000000000000000
1111110111101000
1110110010100000
1110001100001000
0000000000000000
1110110000010000
0000000000000000
1111110111101000
1110110010100000
1110001100001000
0000000000000000
1110110000010000
0000000000000000
1111110111101000
1110110010100000
1110001100001000
0011010010000001
1110110000010000
0000000000000000
1111110111101000
1110110010100000
1110001100001000
0000000000000001
1111110000010000
0000000000000000
1111110111101000
1110110010100000
1110001100001000
0000000000000010
1111110000010000
0000000000000000
1111110111101000
1110110010100000
1110001100001000
0000000000000011
1111110000010000
0000000000000000
1111110111101000
1110110010100000
1110001100001000
0000000000000100
1111110000010000
0000000000000000
1111110111101000
1110110010100000
1110001100001000
0000000000000000
1111110000010000
0000000000010001
1110010011010000
0000000000000010
1110001100001000
0000000000000000
1111110000010000
0000000000000001
1110001100001000
0011110011010100
1110101010000111
0000000000000000
1111110010101000
1111110000010000
0000000000000101
1110001100001000
0000000001001011
1110110000010000
0000000000000000
1111110111101000
1110110010100000
1110001100001000
0000000000100001
1110110000010000
0000000000000000
1111110111101000
1110110010100000
1110001100001000
0000000000100010
1110110000010000
0000000000000000
1111110111101000
1110110010100000
1110001100001000
0000000000100100
1110110000010000
0000000000000000
1111110111101000
1110110010100000
1110001100001000
0000000000111000
1110110000010000
0000000000000000
1111110111101000
1110110010100000
1110001100001000
0000000000100100
1110110000010000
0000000000000000
1111110111101000
1110110010100000
1110001100001000
0000000000100010
1110110000010000
0000000000000000
1111110111101000
1110110010100000
1110001100001000
0000000000100001
1110110000010000
0000000000000000
1111110111101000
1110110010100000
1110001100001000
0000000000100001
1110110000010000
0000000000000000
1111110111101000
1110110010100000
1110001100001000
0000000000100001
1110110000010000
0000000000000000
1111110111101000
1110110010100000
1110001100001000
0000000000000000
1110110000010000
0000000000000000
1111110111101000
1110110010100000
1110001100001000
0000000000000000
1110110000010000
0000000000000000
1111110111101000
1110110010100000
1110001100001000
0011010011111000
1110110000010000
0000000000000000
1111110111101000
1110110010100000
1110001100001000
0000000000000001
1111110000010000
0000000000000000
1111110111101000
1110110010100000
1110001100001000
0000000000000010
1111110000010000
0000000000000000
1111110111101000
1110110010100000
1110001100001000
0000000000000011
1111110000010000
0000000000000000
1111110111101000
1110110010100000
1110001100001000
0000000000000100
1111110000010000
0000000000000000
1111110111101000
1110110010100000
1110001100001000
0000000000000000
1111110000010000
0000000000010001
1110010011010000
0000000000000010
1110001100001000
0000000000000000
1111110000010000
0000000000000001
1110001100001000
0011110011010100
1110101010000111
0000000000000000
1111110010101000
1111110000010000
0000000000000101
1110001100001000
0000000001001100
1110110000010000
0000000000000000
1111110111101000
1110110010100000
1110001100001000
0000000000100000
1110110000010000
0000000000000000
1111110111101000
1110110010100000
1110001100001000
0000000000100000
1110110000010000
0000000000000000
1111110111101000
1110110010100000
1110001100001000
0000000000100000
1110110000010000
0000000000000000
1111110111101000
1110110010100000
1110001100001000
0000000000100000
1110110000010000
0000000000000000
1111110111101000
1110110010100000
1110001100001000
0000000000100000
1110110000010000
0000000000000000
1111110111101000
1110110010100000
1110001100001000
0000000000100000
1110110000010000
0000000000000000
1111110111101000
1110110010100000
1110001100001000
0000000000100000
1110110000010000
0000000000000000
1111110111101000
1110110010100000
1110001100001000
0000000000100000
1110110000010000
0000000000000000
1111110111101000
1110110010100000
1110001100001000
0000000000111111
1110110000010000
0000000000000000
1111110111101000
1110110010100000
1110001100001000
0000000000000000
1110110000010000
0000000000000000
1111110111101000
1110110010100000
1110001100001000
0000000000000000
1110110000010000
0000000000000000
1111110111101000
1110110010100000
1110001100001000
0011010101101111
1110110000010000
0000000000000000
1111110111101000
1110110010100000
1110001100001000
0000000000000001
1111110000010000
0000000000000000
1111110111101000
1110110010100000
1110001100001000
0000000000000010
1111110000010000
0000000000000000
1111110111101000
1110110010100000
1110001100001000
0000000000000011
1111110000010000
0000000000000000
1111110111101000
1110110010100000
1110001100001000
0000000000000100
1111110000010000
0000000000000000
1111110111101000
1110110010100000
1110001100001000
0000000000000000
1111110000010000
0000000000010001
1110010011010000
0000000000000010
1110001100001000
0000000000000000
1111110000010000
0000000000000001
1110001100001000
0011110011010100
1110101010000111
0000000000000000
1111110010101000
1111110000010000
0000000000000101
1110001100001000
0000000001001101
1110110000010000
0000000000000000
1111110111101000
1110110010100000
1110001100001000
0000000000100001
1110110000010000
0000000000000000
1111110111101000
1110110010100000
1110001100001000
0000000000110011
1110110000010000
0000000000000000
1111110111101000
1110110010100000
1110001100001000
0000000000101101
1110110000010000
0000000000000000
1111110111101000
1110110010100000
1110001100001000
0000000000100001
1110110000010000
0000000000000000
1111110111101000
1110110010100000
1110001100001000
0000000000100001
1110110000010000
0000000000000000
1111110111101000
1110110010100000
1110001100001000
0000000000100001
1110110000010000
0000000000000000
1111110111101000
1110110010100000
1110001100001000
0000000000100001
1110110000010000
0000000000000000
1111110111101000
1110110010100000
1110001100001000
0000000000100001
1110110000010000
0000000000000000
1111110111101000
1110110010100000
1110001100001000
0000000000100001
1110110000010000
0000000000000000
1111110111101000
1110110010100000
1110001100001000
0000000000000000
1110110000010000
0000000000000000
1111110111101000
1110110010100000
1110001100001000
0000000000000000
1110110000010000
0000000000000000
1111110111101000
1110110010100000
1110001100001000
0011010111100110
1110110000010000
0000000000000000
1111110111101000
1110110010100000
1110001100001000
0000000000000001
1111110000010000
0000000000000000
1111110111101000
1110110010100000
1110001100001000
0000000000000010
1111110000010000
0000000000000000
1111110111101000
1110110010100000
1110001100001000
0000000000000011
1111110000010000
0000000000000000
1111110111101000
1110110010100000
1110001100001000
0000000000000100
1111110000010000
0000000000000000
1111110111101000
1110110010100000
1110001100001000
0000000000000000
1111110000010000
0000000000010001
1110010011010000
0000000000000010
1110001100001000
0000000000000000
1111110000010000
0000000000000001
1110001100001000
0011110011010100
1110101010000111
0000000000000000
1111110010101000
1111110000010000
0000000000000101
1110001100001000
0000000001001110
1110110000010000
0000000000000000
1111110111101000
1110110010100000
1110001100001000
0000000000100001
1110110000010000
0000000000000000
1111110111101000
1110110010100000
1110001100001000
0000000000110001
1110110000010000
0000000000000000
1111110111101000
1110110010100000
1110001100001000
0000000000101001
1110110000010000
0000000000000000
1111110111101000
1110110010100000
1110001100001000
0000000000100101
1110110000010000
0000000000000000
1111110111101000
1110110010100000
1110001100001000
0000000000100011
1110110000010000
0000000000000000
1111110111101000
1110110010100000
1110001100001000
0000000000100001
1110110000010000
0000000000000000
1111110111101000
1110110010100000
1110001100001000
0000000000100001
1110110000010000
0000000000000000
1111110111101000
1110110010100000
1110001100001000
0000000000100001
1110110000010000
0000000000000000
1111110111101000
1110110010100000
1110001100001000
0000000000100001
1110110000010000
0000000000000000
1111110111101000
1110110010100000
1110001100001000
0000000000000000
1110110000010000
0000000000000000
1111110111101000
1110110010100000
1110001100001000
0000000000000000
1110110000010000
0000000000000000
1111110111101000
1110110010100000
1110001100001000
0011011001011101
1110110000010000
0000000000000000
1111110111101000
1110110010100000
1110001100001000
0000000000000001
1111110000010000
0000000000000000
1111110111101000
1110110010100000
1110001100001000
0000000000000010
1111110000010000
0000000000000000
1111110111101000
1110110010100000
1110001100001000
0000000000000011
1111110000010000
0000000000000000
1111110111101000
1110110010100000
1110001100001000
0000000000000100
1111110000010000
0000000000000000
1111110111101000
1110110010100000
1110001100001000
0000000000000000
1111110000010000
0000000000010001
1110010011010000
0000000000000010
1110001100001000
0000000000000000
1111110000010000
0000000000000001
1110001100001000
0011110011010100
1110101010000111
0000000000000000
1111110010101000
1111110000010000
0000000000000101
1110001100001000
0000000001001111
1110110000010000
0000000000000000
1111110111101000
1110110010100000
1110001100001000
0000000000011110
1110110000010000
0000000000000000
1111110111101000
1110110010100000
1110001100001000
0000000000100001
1110110000010000
0000000000000000
1111110111101000
1110110010100000
1110001100001000
0000000000100001
1110110000010000
0000000000000000
1111110111101000
1110110010100000
1110001100001000
0000000000100001
1110110000010000
0000000000000000
1111110111101000
1110110010100000
1110001100001000
0000000000100001
1110110000010000
0000000000000000
1111110111101000
1110110010100000
1110001100001000
0000000000100001
1110110000010000
0000000000000000
1111110111101000
1110110010100000
1110001100001000
0000000000100001
1110110000010000
0000000000000000
1111110111101000
1110110010100000
1110001100001000
0000000000100001
1110110000010000
0000000000000000
1111110111101000
1110110010100000
1110001100001000
0000000000011110
1110110000010000
0000000000000000
1111110111101000
1110110010100000
1110001100001000
0000000000000000
1110110000010000
0000000000000000
1111110111101000
1110110010100000
1110001100001000
0000000000000000
1110110000010000
0000000000000000
1111110111101000
1110110010100000
1110001100001000
0011011011010100
1110110000010000
0000000000000000
1111110111101000
1110110010100000
1110001100001000
0000000000000001
1111110000010000
0000000000000000
1111110111101000
1110110010100000
1110001100001000
0000000000000010
1111110000010000
0000000000000000
1111110111101000
1110110010100000
1110001100001000
0000000000000011
1111110000010000
0000000000000000
1111110111101000
1110110010100000
1110001100001000
0000000000000100
1111110000010000
0000000000000000
1111110111101000
1110110010100000
1110001100001000
0000000000000000
1111110000010000
0000000000010001
1110010011010000
0000000000000010
1110001100001000
0000000000000000
1111110000010000
0000000000000001
1110001100001000
0011110011010100
1110101010000111
0000000000000000
1111110010101000
1111110000010000
0000000000000101
1110001100001000
0000000001010000
1110110000010000
0000000000000000
1111110111101000
1110110010100000
1110001100001000
0000000000111110
1110110000010000
0000000000000000
1111110111101000
1110110010100000
1110001100001000
0000000000100001
1110110000010000
0000000000000000
1111110111101000
1110110010100000
1110001100001000
0000000000100001
1110110000010000
0000000000000000
1111110111101000
1110110010100000
1110001100001000
0000000000111110
1110110000010000
0000000000000000
1111110111101000
1110110010100000
1110001100001000
0000000000100000
1110110000010000
0000000000000000
1111110111101000
1110110010100000
1110001100001000
0000000000100000
1110110000010000
0000000000000000
1111110111101000
1110110010100000
1110001100001000
0000000000100000
1110110000010000
0000000000000000
1111110111101000
1110110010100000
1110001100001000
0000000000100000
1110110000010000
0000000000000000
1111110111101000
1110110010100000
1110001100001000
0000000000100000
1110110000010000
0000000000000000
1111110111101000
1110110010100000
1110001100001000
0000000000000000
1110110000010000
0000000000000000
1111110111101000
1110110010100000
1110001100001000
0000000000000000
1110110000010000
0000000000000000
1111110111101000
1110110010100000
1110001100001000
0011011101001011
1110110000010000
0000000000000000
1111110111101000
1110110010100000
1110001100001000
0000000000000001
1111110000010000
0000000000000000
1111110111101000
1110110010100000
1110001100001000
0000000000000010
1111110000010000
0000000000000000
1111110111101000
1110110010100000
1110001100001000
0000000000000011
1111110000010000
0000000000000000
1111110111101000
1110110010100000
1110001100001000
0000000000000100
1111110000010000
0000000000000000
1111110111101000
1110110010100000
1110001100001000
0000000000000000
1111110000010000
0000000000010001
1110010011010000
0000000000000010
1110001100001000
0000000000000000
1111110000010000
0000000000000001
1110001100001000
0011110011010100
1110101010000111
0000000000000000
1111110010101000
1111110000010000
0000000000000101
1110001100001000
0000000001010001
1110110000010000
0000000000000000
1111110111101000
1110110010100000
1110001100001000
0000000000011110
1110110000010000
0000000000000000
1111110111101000
1110110010100000
1110001100001000
0000000000100001
1110110000010000
0000000000000000
1111110111101000
1110110010100000
1110001100001000
0000000000100001
1110110000010000
0000000000000000
1111110111101000
1110110010100000
1110001100001000
0000000000100001
1110110000010000
0000000000000000
1111110111101000
1110110010100000
1110001100001000
0000000000100001
1110110000010000
0000000000000000
1111110111101000
1110110010100000
1110001100001000
0000000000100001
1110110000010000
0000000000000000
1111110111101000
1110110010100000
1110001100001000
0000000000100101
1110110000010000
0000000000000000
1111110111101000
1110110010100000
1110001100001000
0000000000100010
1110110000010000
0000000000000000
1111110111101000
1110110010100000
1110001100001000
0000000000011101
1110110000010000
0000000000000000
1111110111101000
1110110010100000
1110001100001000
0000000000000000
1110110000010000
0000000000000000
1111110111101000
1110110010100000
1110001100001000
0000000000000000
1110110000010000
0000000000000000
1111110111101000
1110110010100000
1110001100001000
0011011111000010
1110110000010000
0000000000000000
1111110111101000
1110110010100000
1110001100001000
0000000000000001
1111110000010000
0000000000000000
1111110111101000
1110110010100000
1110001100001000
0000000000000010
1111110000010000
0000000000000000
1111110111101000
1110110010100000
1110001100001000
0000000000000011
1111110000010000
0000000000000000
1111110111101000
1110110010100000
1110001100001000
0000000000000100
1111110000010000
0000000000000000
1111110111101000
1110110010100000
1110001100001000
0000000000000000
1111110000010000
0000000000010001
1110010011010000
0000000000000010
1110001100001000
0000000000000000
1111110000010000
0000000000000001
1110001100001000
0011110011010100
1110101010000111
0000000000000000
1111110010101000
1111110000010000
0000000000000101
1110001100001000
0000000001010010
1110110000010000
0000000000000000
1111110111101000
1110110010100000
1110001100001000
0000000000111110
1110110000010000
0000000000000000
1111110111101000
1110110010100000
1110001100001000
0000000000100001
1110110000010000
0000000000000000
1111110111101000
1110110010100000
1110001100001000
0000000000100001
1110110000010000
0000000000000000
1111110111101000
1110110010100000
1110001100001000
0000000000111110
1110110000010000
0000000000000000
1111110111101000
1110110010100000
1110001100001000
0000000000100100
1110110000010000
0000000000000000
1111110111101000
1110110010100000
1110001100001000
0000000000100010
1110110000010000
0000000000000000
1111110111101000
1110110010100000
1110001100001000
0000000000100001
1110110000010000
0000000000000000
1111110111101000
1110110010100000
1110001100001000
0000000000100001
1110110000010000
0000000000000000
1111110111101000
1110110010100000
1110001100001000
0000000000100001
1110110000010000
0000000000000000
1111110111101000
1110110010100000
1110001100001000
0000000000000000
1110110000010000
0000000000000000
1111110111101000
1110110010100000
1110001100001000
0000000000000000
1110110000010000
0000000000000000
1111110111101000
1110110010100000
1110001100001000
0011100000111001
1110110000010000
0000000000000000
1111110111101000
1110110010100000
1110001100001000
0000000000000001
1111110000010000
0000000000000000
1111110111101000
1110110010100000
1110001100001000
0000000000000010
1111110000010000
0000000000000000
1111110111101000
1110110010100000
1110001100001000
0000000000000011
1111110000010000
0000000000000000
1111110111101000
1110110010100000
1110001100001000
0000000000000100
1111110000010000
0000000000000000
1111110111101000
1110110010100000
1110001100001000
0000000000000000
1111110000010000
0000000000010001
1110010011010000
0000000000000010
1110001100001000
0000000000000000
1111110000010000
0000000000000001
1110001100001000
0011110011010100
1110101010000111
0000000000000000
1111110010101000
1111110000010000
0000000000000101
1110001100001000
0000000001010011
1110110000010000
0000000000000000
1111110111101000
1110110010100000
1110001100001000
0000000000011111
1110110000010000
0000000000000000
1111110111101000
1110110010100000
1110001100001000
0000000000100000
1110110000010000
0000000000000000
1111110111101000
1110110010100000
1110001100001000
0000000000100000
1110110000010000
0000000000000000
1111110111101000
1110110010100000
1110001100001000
0000000000011110
1110110000010000
0000000000000000
1111110111101000
1110110010100000
1110001100001000
0000000000000001
1110110000010000
0000000000000000
1111110111101000
1110110010100000
1110001100001000
0000000000000001
1110110000010000
0000000000000000
1111110111101000
1110110010100000
1110001100001000
0000000000000001
1110110000010000
0000000000000000
1111110111101000
1110110010100000
1110001100001000
0000000000100001
1110110000010000
0000000000000000
1111110111101000
1110110010100000
1110001100001000
0000000000011110
1110110000010000
0000000000000000
1111110111101000
1110110010100000
1110001100001000
0000000000000000
1110110000010000
0000000000000000
1111110111101000
1110110010100000
1110001100001000
0000000000000000
1110110000010000
0000000000000000
1111110111101000
1110110010100000
1110001100001000
0011100010110000
1110110000010000
0000000000000000
1111110111101000
1110110010100000
1110001100001000
0000000000000001
1111110000010000
0000000000000000
1111110111101000
1110110010100000
1110001100001000
0000000000000010
1111110000010000
0000000000000000
1111110111101000
1110110010100000
1110001100001000
0000000000000011
1111110000010000
0000000000000000
1111110111101000
1110110010100000
1110001100001000
0000000000000100
1111110000010000
0000000000000000
1111110111101000
1110110010100000
1110001100001000
0000000000000000
1111110000010000
0000000000010001
1110010011010000
0000000000000010
1110001100001000
0000000000000000
1111110000010000
0000000000000001
1110001100001000
0011110011010100
1110101010000111
0000000000000000
1111110010101000
1111110000010000
0000000000000101
1110001100001000
0000000001010100
1110110000010000
0000000000000000
1111110111101000
1110110010100000
1110001100001000
0000000000111111
1110110000010000
0000000000000000
1111110111101000
1110110010100000
1110001100001000
0000000000001100
1110110000010000
0000000000000000
1111110111101000
1110110010100000
1110001100001000
0000000000001100
1110110000010000
0000000000000000
1111110111101000
1110110010100000
1110001100001000
0000000000001100
1110110000010000
0000000000000000
1111110111101000
1110110010100000
1110001100001000
0000000000001100
1110110000010000
0000000000000000
1111110111101000
1110110010100000
1110001100001000
0000000000001100
1110110000010000
0000000000000000
1111110111101000
1110110010100000
1110001100001000
0000000000001100
1110110000010000
0000000000000000
1111110111101000
1110110010100000
1110001100001000
0000000000001100
1110110000010000
0000000000000000
1111110111101000
1110110010100000
1110001100001000
0000000000001100
1110110000010000
0000000000000000
1111110111101000
1110110010100000
1110001100001000
0000000000000000
1110110000010000
0000000000000000
1111110111101000
1110110010100000
1110001100001000
0000000000000000
1110110000010000
0000000000000000
1111110111101000
1110110010100000
1110001100001000
0011100100100111
1110110000010000
0000000000000000
1111110111101000
1110110010100000
1110001100001000
0000000000000001
1111110000010000
0000000000000000
1111110111101000
1110110010100000
1110001100001000
0000000000000010
1111110000010000
0000000000000000
1111110111101000
1110110010100000
1110001100001000
0000000000000011
1111110000010000
0000000000000000
1111110111101000
1110110010100000
1110001100001000
0000000000000100
1111110000010000
0000000000000000
1111110111101000
1110110010100000
1110001100001000
0000000000000000
1111110000010000
0000000000010001
1110010011010000
0000000000000010
1110001100001000
0000000000000000
1111110000010000
0000000000000001
1110001100001000
0011110011010100
1110101010000111
0000000000000000
1111110010101000
1111110000010000
0000000000000101
1110001100001000
0000000001010101
1110110000010000
0000000000000000
1111110111101000
1110110010100000
1110001100001000
0000000000100001
1110110000010000
0000000000000000
1111110111101000
1110110010100000
1110001100001000
0000000000100001
1110110000010000
0000000000000000
1111110111101000
1110110010100000
1110001100001000
0000000000100001
1110110000010000
0000000000000000
1111110111101000
1110110010100000
1110001100001000
0000000000100001
1110110000010000
0000000000000000
1111110111101000
1110110010100000
1110001100001000
0000000000100001
1110110000010000
0000000000000000
1111110111101000
1110110010100000
1110001100001000
0000000000100001
1110110000010000
0000000000000000
1111110111101000
1110110010100000
1110001100001000
0000000000100001
1110110000010000
0000000000000000
1111110111101000
1110110010100000
1110001100001000
0000000000100001
1110110000010000
0000000000000000
1111110111101000
1110110010100000
1110001100001000
0000000000011110
1110110000010000
0000000000000000
1111110111101000
1110110010100000
1110001100001000
0000000000000000
1110110000010000
0000000000000000
1111110111101000
1110110010100000
1110001100001000
0000000000000000
1110110000010000
0000000000000000
1111110111101000
1110110010100000
1110001100001000
0011100110011110
1110110000010000
0000000000000000
1111110111101000
1110110010100000
1110001100001000
0000000000000001
1111110000010000
0000000000000000
1111110111101000
1110110010100000
1110001100001000
0000000000000010
1111110000010000
0000000000000000
1111110111101000
1110110010100000
1110001100001000
0000000000000011
1111110000010000
0000000000000000
1111110111101000
1110110010100000
1110001100001000
0000000000000100
1111110000010000
0000000000000000
1111110111101000
1110110010100000
1110001100001000
0000000000000000
1111110000010000
0000000000010001
1110010011010000
0000000000000010
1110001100001000
0000000000000000
1111110000010000
0000000000000001
1110001100001000
0011110011010100
1110101010000111
0000000000000000
1111110010101000
1111110000010000
0000000000000101
1110001100001000
0000000001010110
1110110000010000
0000000000000000
1111110111101000
1110110010100000
1110001100001000
0000000000100001
1110110000010000
0000000000000000
1111110111101000
1110110010100000
1110001100001000
0000000000100001
1110110000010000
0000000000000000
1111110111101000
1110110010100000
1110001100001000
0000000000100001
1110110000010000
0000000000000000
1111110111101000
1110110010100000
1110001100001000
0000000000100001
1110110000010000
0000000000000000
1111110111101000
1110110010100000
1110001100001000
0000000000100001
1110110000010000
0000000000000000
1111110111101000
1110110010100000
1110001100001000
0000000000100001
1110110000010000
0000000000000000
1111110111101000
1110110010100000
1110001100001000
0000000000010010
1110110000010000
0000000000000000
1111110111101000
1110110010100000
1110001100001000
0000000000010010
1110110000010000
0000000000000000
1111110111101000
1110110010100000
1110001100001000
0000000000001100
1110110000010000
0000000000000000
1111110111101000
1110110010100000
1110001100001000
0000000000000000
1110110000010000
0000000000000000
1111110111101000
1110110010100000
1110001100001000
0000000000000000
1110110000010000
0000000000000000
1111110111101000
1110110010100000
1110001100001000
0011101000010101
1110110000010000
0000000000000000
1111110111101000
1110110010100000
1110001100001000
0000000000000001
1111110000010000
0000000000000000
1111110111101000
1110110010100000
1110001100001000
0000000000000010
1111110000010000
0000000000000000
1111110111101000
1110110010100000
1110001100001000
0000000000000011
1111110000010000
0000000000000000
1111110111101000
1110110010100000
1110001100001000
0000000000000100
1111110000010000
0000000000000000
1111110111101000
1110110010100000
1110001100001000
0000000000000000
1111110000010000
0000000000010001
1110010011010000
0000000000000010
1110001100001000
0000000000000000
1111110000010000
0000000000000001
1110001100001000
0011110011010100
1110101010000111
0000000000000000
1111110010101000
1111110000010000
0000000000000101
1110001100001000
0000000001010111
1110110000010000
0000000000000000
1111110111101000
1110110010100000
1110001100001000
0000000000100001
1110110000010000
0000000000000000
1111110111101000
1110110010100000
1110001100001000
0000000000100001
1110110000010000
0000000000000000
1111110111101000
1110110010100000
1110001100001000
0000000000100001
1110110000010000
0000000000000000
1111110111101000
1110110010100000
1110001100001000
0000000000100001
1110110000010000
0000000000000000
1111110111101000
1110110010100000
1110001100001000
0000000000100001
1110110000010000
0000000000000000
1111110111101000
1110110010100000
1110001100001000
0000000000100001
1110110000010000
0000000000000000
1111110111101000
1110110010100000
1110001100001000
0000000000101101
1110110000010000
0000000000000000
1111110111101000
1110110010100000
1110001100001000
0000000000110011
1110110000010000
0000000000000000
1111110111101000
1110110010100000
1110001100001000
0000000000100001
1110110000010000
0000000000000000
1111110111101000
1110110010100000
1110001100001000
0000000000000000
1110110000010000
0000000000000000
1111110111101000
1110110010100000
1110001100001000
0000000000000000
1110110000010000
0000000000000000
1111110111101000
1110110010100000
1110001100001000
0011101010001100
1110110000010000
0000000000000000
1111110111101000
1110110010100000
1110001100001000
0000000000000001
1111110000010000
0000000000000000
1111110111101000
1110110010100000
1110001100001000
0000000000000010
1111110000010000
0000000000000000
1111110111101000
1110110010100000
1110001100001000
0000000000000011
1111110000010000
0000000000000000
1111110111101000
1110110010100000
1110001100001000
0000000000000100
1111110000010000
0000000000000000
1111110111101000
1110110010100000
1110001100001000
0000000000000000
1111110000010000
0000000000010001
1110010011010000
0000000000000010
1110001100001000
0000000000000000
1111110000010000
0000000000000001
1110001100001000
0011110011010100
1110101010000111
0000000000000000
1111110010101000
1111110000010000
0000000000000101
1110001100001000
0000000001011000
1110110000010000
0000000000000000
1111110111101000
1110110010100000
1110001100001000
0000000000100001
1110110000010000
0000000000000000
1111110111101000
1110110010100000
1110001100001000
0000000000100001
1110110000010000
0000000000000000
1111110111101000
1110110010100000
1110001100001000
0000000000010010
1110110000010000
0000000000000000
1111110111101000
1110110010100000
1110001100001000
0000000000001100
1110110000010000
0000000000000000
1111110111101000
1110110010100000
1110001100001000
0000000000001100
1110110000010000
0000000000000000
1111110111101000
1110110010100000
1110001100001000
0000000000010010
1110110000010000
0000000000000000
1111110111101000
1110110010100000
1110001100001000
0000000000100001
1110110000010000
0000000000000000
1111110111101000
1110110010100000
1110001100001000
0000000000100001
1110110000010000
0000000000000000
1111110111101000
1110110010100000
1110001100001000
0000000000100001
1110110000010000
0000000000000000
1111110111101000
1110110010100000
1110001100001000
0000000000000000
1110110000010000
0000000000000000
1111110111101000
1110110010100000
1110001100001000
0000000000000000
1110110000010000
0000000000000000
1111110111101000
1110110010100000
1110001100001000
0011101100000011
1110110000010000
0000000000000000
1111110111101000
1110110010100000
1110001100001000
0000000000000001
1111110000010000
0000000000000000
1111110111101000
1110110010100000
1110001100001000
0000000000000010
1111110000010000
0000000000000000
1111110111101000
1110110010100000
1110001100001000
0000000000000011
1111110000010000
0000000000000000
1111110111101000
1110110010100000
1110001100001000
0000000000000100
1111110000010000
0000000000000000
1111110111101000
1110110010100000
1110001100001000
0000000000000000
1111110000010000
0000000000010001
1110010011010000
0000000000000010
1110001100001000
0000000000000000
1111110000010000
0000000000000001
1110001100001000
0011110011010100
1110101010000111
0000000000000000
1111110010101000
1111110000010000
0000000000000101
1110001100001000
0000000001011001
1110110000010000
0000000000000000
1111110111101000
1110110010100000
1110001100001000
0000000000100001
1110110000010000
0000000000000000
1111110111101000
1110110010100000
1110001100001000
0000000000100001
1110110000010000
0000000000000000
1111110111101000
1110110010100000
1110001100001000
0000000000010010
1110110000010000
0000000000000000
1111110111101000
1110110010100000
1110001100001000
0000000000001100
1110110000010000
0000000000000000
1111110111101000
1110110010100000
1110001100001000
0000000000001100
1110110000010000
0000000000000000
1111110111101000
1110110010100000
1110001100001000
0000000000001100
1110110000010000
0000000000000000
1111110111101000
1110110010100000
1110001100001000
0000000000001100
1110110000010000
0000000000000000
1111110111101000
1110110010100000
1110001100001000
0000000000001100
1110110000010000
0000000000000000
1111110111101000
1110110010100000
1110001100001000
0000000000001100
1110110000010000
0000000000000000
1111110111101000
1110110010100000
1110001100001000
0000000000000000
1110110000010000
0000000000000000
1111110111101000
1110110010100000
1110001100001000
0000000000000000
1110110000010000
0000000000000000
1111110111101000
1110110010100000
1110001100001000
0011101101111010
1110110000010000
0000000000000000
1111110111101000
1110110010100000
1110001100001000
0000000000000001
1111110000010000
0000000000000000
1111110111101000
1110110010100000
1110001100001000
0000000000000010
1111110000010000
0000000000000000
1111110111101000
1110110010100000
1110001100001000
0000000000000011
1111110000010000
0000000000000000
1111110111101000
1110110010100000
1110001100001000
0000000000000100
1111110000010000
0000000000000000
1111110111101000
1110110010100000
1110001100001000
0000000000000000
1111110000010000
0000000000010001
1110010011010000
0000000000000010
1110001100001000
0000000000000000
1111110000010000
0000000000000001
1110001100001000
0011110011010100
1110101010000111
0000000000000000
1111110010101000
1111110000010000
0000000000000101
1110001100001000
0000000001011010
1110110000010000
0000000000000000
1111110111101000
1110110010100000
1110001100001000
0000000000111111
1110110000010000
0000000000000000
1111110111101000
1110110010100000
1110001100001000
0000000000000001
1110110000010000
0000000000000000
1111110111101000
1110110010100000
1110001100001000
0000000000000010
1110110000010000
0000000000000000
1111110111101000
1110110010100000
1110001100001000
0000000000000100
1110110000010000
0000000000000000
1111110111101000
1110110010100000
1110001100001000
0000000000001000
1110110000010000
0000000000000000
1111110111101000
1110110010100000
1110001100001000
0000000000010000
1110110000010000
0000000000000000
1111110111101000
1110110010100000
1110001100001000
0000000000100000
1110110000010000
0000000000000000
1111110111101000
1110110010100000
1110001100001000
0000000000100000
1110110000010000
0000000000000000
1111110111101000
1110110010100000
1110001100001000
0000000000111111
1110110000010000
0000000000000000
1111110111101000
1110110010100000
1110001100001000
0000000000000000
1110110000010000
0000000000000000
1111110111101000
1110110010100000
1110001100001000
0000000000000000
1110110000010000
0000000000000000
1111110111101000
1110110010100000
1110001100001000
0011101111110001
1110110000010000
0000000000000000
1111110111101000
1110110010100000
1110001100001000
0000000000000001
1111110000010000
0000000000000000
1111110111101000
1110110010100000
1110001100001000
0000000000000010
1111110000010000
0000000000000000
1111110111101000
1110110010100000
1110001100001000
0000000000000011
1111110000010000
0000000000000000
1111110111101000
1110110010100000
1110001100001000
0000000000000100
1111110000010000
0000000000000000
1111110111101000
1110110010100000
1110001100001000
0000000000000000
1111110000010000
0000000000010001
1110010011010000
0000000000000010
1110001100001000
0000000000000000
1111110000010000
0000000000000001
1110001100001000
0011110011010100
1110101010000111
0000000000000000
1111110010101000
1111110000010000
0000000000000101
1110001100001000
0000000001100001
1110110000010000
0000000000000000
1111110111101000
1110110010100000
1110001100001000
0000000000000010
1110110000010000
0000000000000001
1111000010010000
0000000000001101
1110001100001000
0000000000000000
1111110010101000
1111110000010000
0000000000001101
1111110000100000
1110001100001000
0000000000000010
1110110000010000
0000000000000001
1111000010100000
1111110000010000
0000000000000000
1111110111101000
1110110010100000
1110001100001000
0000000001111011
1110110000010000
0000000000000000
1111110111101000
1110110010100000
1110001100001000
0000000000000000
1111110010101000
1111110000010000
1110110010100000
1111000111010000
0011110000100011
1110001100000100
0000000000000000
1111110010100000
1110101010001000
0011110000100110
1110101010000111
0000000000000000
1111110010100000
1110111010001000
0000000000000000
1111110010100000
1111110001001000
0000000000000000
1111110010101000
1111110000010000
0011110010011100
1110001100000101
0000000000000010
1110110000010000
0000000000000001
1111000010100000
1111110000010000
0000000000000000
1111110111101000
1110110010100000
1110001100001000
0000000000100000
1110110000010000
0000000000000000
1111110111101000
1110110010100000
1110001100001000
0000000000000000
1111110010101000
1111110000010000
1110110010100000
1111000111001000
0000000000000010
1110110000010000
0000000000000001
1111000010100000
1111110000010000
0000000000000000
1111110111101000
1110110010100000
1110001100001000
0011110001110101
1110110000010000
0000000000000000
1111110111101000
1110110010100000
1110001100001000
0000000000000001
1111110000010000
0000000000000000
1111110111101000
1110110010100000
1110001100001000
0000000000000010
1111110000010000
0000000000000000
1111110111101000
1110110010100000
1110001100001000
0000000000000011
1111110000010000
0000000000000000
1111110111101000
1110110010100000
1110001100001000
0000000000000100
1111110000010000
0000000000000000
1111110111101000
1110110010100000
1110001100001000
0000000000000000
1111110000010000
0000000000000111
1110010011010000
0000000000000010
1110001100001000
0000000000000000
1111110000010000
0000000000000001
1110001100001000
0011111111100010
1110101010000111
0000000000000000
1111110010101000
1111110000010000
0000000000000101
1110001100001000
0000000000000010
1110110000010000
0000000000000001
1111000010100000
1111110000010000
0000000000000000
1111110111101000
1110110010100000
1110001100001000
0000000000000001
1110110000010000
0000000000000000
1111110111101000
1110110010100000
1110001100001000
0000000000000000
1111110010101000
1111110000010000
1110110010100000
1111000010001000
0000000000000010
1110110000010000
0000000000000001
1111000010010000
0000000000001101
1110001100001000
0000000000000000
1111110010101000
1111110000010000
0000000000001101
1111110000100000
1110001100001000
0011110000001000
1110101010000111
0000000000000000
1110110000010000
0000000000000000
1111110111101000
1110110010100000
1110001100001000
0000000000000001
1111110000010000
0000000000001101
1110001100001000
0000000000000101
1110010011100000
1111110000010000
0000000000001110
1110001100001000
0000000000000000
1111110010101000
1111110000010000
0000000000000010
1111110000100000
1110001100001000
0000000000000010
1111110111010000
0000000000000000
1110001100001000
0000000000001101
1111110000010000
0000000000000001
1110010011100000
1111110000010000
0000000000000100
1110001100001000
0000000000001101
1111110000010000
0000000000000010
1110010011100000
1111110000010000
0000000000000011
1110001100001000
0000000000001101
1111110000010000
0000000000000011
1110010011100000
1111110000010000
0000000000000010
1110001100001000
0000000000001101
1111110000010000
0000000000000100
1110010011100000
1111110000010000
0000000000000001
1110001100001000
0000000000001110
1111110000100000
1110101010000111
0000000000000000
1111110000100000
1110101010001000
1110110111100000
1110110000010000
0000000000000000
1110001100001000
0000000000000010
1111110000100000
1111110000010000
0000000000000000
1111110111101000
1110110010100000
1110001100001000
0000000000001011
1110110000010000
0000000000000000
1111110111101000
1110110010100000
1110001100001000
0011110100010010
1110110000010000
0000000000000000
1111110111101000
1110110010100000
1110001100001000
0000000000000001
1111110000010000
0000000000000000
1111110111101000
1110110010100000
1110001100001000
0000000000000010
1111110000010000
0000000000000000
1111110111101000
1110110010100000
1110001100001000
0000000000000011
1111110000010000
0000000000000000
1111110111101000
1110110010100000
1110001100001000
0000000000000100
1111110000010000
0000000000000000
1111110111101000
1110110010100000
1110001100001000
0000000000000000
1111110000010000
0000000000000111
1110010011010000
0000000000000010
1110001100001000
0000000000000000
1111110000010000
0000000000000001
1110001100001000
0001101001111010
1110101010000111
0000000000000000
1111110010101000
1111110000010000
0000000000000001
1111110000100000
1110001100001000
0000000000011000
1111110000010000
0000000000000000
1111110111101000
1110110010100000
1110001100001000
0000000000000001
1111110000100000
1111110000010000
0000000000000000
1111110111101000
1110110010100000
1110001100001000
0000000000000000
1110110000010000
0000000000000000
1111110111101000
1110110010100000
1110001100001000
0000000000000000
1111110010101000
1111110000010000
1110110010100000
1111000010001000
0000000000000000
1111110010101000
1111110000010000
1110110010100000
1111000010001000
0000000000000010
1111110111100000
1111110000010000
0000000000000000
1111110111101000
1110110010100000
1110001100001000
0000000000000000
1111110010101000
1111110000010000
0000000000000101
1110001100001000
0000000000000000
1111110010101000
1111110000010000
0000000000000100
1110001100001000
0000000000000101
1111110000010000
0000000000000000
1111110111101000
1110110010100000
1110001100001000
0000000000000000
1111110010101000
1111110000010000
0000000000000100
1111110000100000
1110001100001000
0000000000011000
1111110000010000
0000000000000000
1111110111101000
1110110010100000
1110001100001000
0000000000000001
1111110000100000
1111110000010000
0000000000000000
1111110111101000
1110110010100000
1110001100001000
0000000000000001
1110110000010000
0000000000000000
1111110111101000
1110110010100000
1110001100001000
0000000000000000
1111110010101000
1111110000010000
1110110010100000
1111000010001000
0000000000000000
1111110010101000
1111110000010000
1110110010100000
1111000010001000
0000000000000010
1110110000010000
0000000000000010
1111000010100000
1111110000010000
0000000000000000
1111110111101000
1110110010100000
1110001100001000
0000000000000000
1111110010101000
1111110000010000
0000000000000101
1110001100001000
0000000000000000
1111110010101000
1111110000010000
0000000000000100
1110001100001000
0000000000000101
1111110000010000
0000000000000000
1111110111101000
1110110010100000
1110001100001000
0000000000000000
1111110010101000
1111110000010000
0000000000000100
1111110000100000
1110001100001000
0000000000011000
1111110000010000
0000000000000000
1111110111101000
1110110010100000
1110001100001000
0000000000000001
1111110000100000
1111110000010000
0000000000000000
1111110111101000
1110110010100000
1110001100001000
0000000000000010
1110110000010000
0000000000000000
1111110111101000
1110110010100000
1110001100001000
0000000000000000
1111110010101000
1111110000010000
1110110010100000
1111000010001000
0000000000000000
1111110010101000
1111110000010000
1110110010100000
1111000010001000
0000000000000011
1110110000010000
0000000000000010
1111000010100000
1111110000010000
0000000000000000
1111110111101000
1110110010100000
1110001100001000
0000000000000000
1111110010101000
1111110000010000
0000000000000101
1110001100001000
0000000000000000
1111110010101000
1111110000010000
0000000000000100
1110001100001000
0000000000000101
1111110000010000
0000000000000000
1111110111101000
1110110010100000
1110001100001000
0000000000000000
1111110010101000
1111110000010000
0000000000000100
1111110000100000
1110001100001000
0000000000011000
1111110000010000
0000000000000000
1111110111101000
1110110010100000
1110001100001000
0000000000000001
1111110000100000
1111110000010000
0000000000000000
1111110111101000
1110110010100000
1110001100001000
0000000000000011
1110110000010000
0000000000000000
1111110111101000
1110110010100000
1110001100001000
0000000000000000
1111110010101000
1111110000010000
1110110010100000
1111000010001000
0000000000000000
1111110010101000
1111110000010000
1110110010100000
1111000010001000
0000000000000100
1110110000010000
0000000000000010
1111000010100000
1111110000010000
0000000000000000
1111110111101000
1110110010100000
1110001100001000
0000000000000000
1111110010101000
1111110000010000
0000000000000101
1110001100001000
0000000000000000
1111110010101000
1111110000010000
0000000000000100
1110001100001000
0000000000000101
1111110000010000
0000000000000000
1111110111101000
1110110010100000
1110001100001000
0000000000000000
1111110010101000
1111110000010000
0000000000000100
1111110000100000
1110001100001000
0000000000011000
1111110000010000
0000000000000000
1111110111101000
1110110010100000
1110001100001000
0000000000000001
1111110000100000
1111110000010000
0000000000000000
1111110111101000
1110110010100000
1110001100001000
0000000000000100
1110110000010000
0000000000000000
1111110111101000
1110110010100000
1110001100001000
0000000000000000
1111110010101000
1111110000010000
1110110010100000
1111000010001000
0000000000000000
1111110010101000
1111110000010000
1110110010100000
1111000010001000
0000000000000101
1110110000010000
0000000000000010
1111000010100000
1111110000010000
0000000000000000
1111110111101000
1110110010100000
1110001100001000
0000000000000000
1111110010101000
1111110000010000
0000000000000101
1110001100001000
0000000000000000
1111110010101000
1111110000010000
0000000000000100
1110001100001000
0000000000000101
1111110000010000
0000000000000000
1111110111101000
1110110010100000
1110001100001000
0000000000000000
1111110010101000
1111110000010000
0000000000000100
1111110000100000
1110001100001000
0000000000011000
1111110000010000
0000000000000000
1111110111101000
1110110010100000
1110001100001000
0000000000000001
1111110000100000
1111110000010000
0000000000000000
1111110111101000
1110110010100000
1110001100001000
0000000000000101
1110110000010000
0000000000000000
1111110111101000
1110110010100000
1110001100001000
0000000000000000
1111110010101000
1111110000010000
1110110010100000
1111000010001000
0000000000000000
1111110010101000
1111110000010000
1110110010100000
1111000010001000
0000000000000110
1110110000010000
0000000000000010
1111000010100000
1111110000010000
0000000000000000
1111110111101000
1110110010100000
1110001100001000
0000000000000000
1111110010101000
1111110000010000
0000000000000101
1110001100001000
0000000000000000
1111110010101000
1111110000010000
0000000000000100
1110001100001000
0000000000000101
1111110000010000
0000000000000000
1111110111101000
1110110010100000
1110001100001000
0000000000000000
1111110010101000
1111110000010000
0000000000000100
1111110000100000
1110001100001000
0000000000011000
1111110000010000
0000000000000000
1111110111101000
1110110010100000
1110001100001000
0000000000000001
1111110000100000
1111110000010000
0000000000000000
1111110111101000
1110110010100000
1110001100001000
0000000000000110
1110110000010000
0000000000000000
1111110111101000
1110110010100000
1110001100001000
0000000000000000
1111110010101000
1111110000010000
1110110010100000
1111000010001000
0000000000000000
1111110010101000
1111110000010000
1110110010100000
1111000010001000
0000000000000111
1110110000010000
0000000000000010
1111000010100000
1111110000010000
0000000000000000
1111110111101000
1110110010100000
1110001100001000
0000000000000000
1111110010101000
1111110000010000
0000000000000101
1110001100001000
0000000000000000
1111110010101000
1111110000010000
0000000000000100
1110001100001000
0000000000000101
1111110000010000
0000000000000000
1111110111101000
1110110010100000
1110001100001000
0000000000000000
1111110010101000
1111110000010000
0000000000000100
1111110000100000
1110001100001000
0000000000011000
1111110000010000
0000000000000000
1111110111101000
1110110010100000
1110001100001000
0000000000000001
1111110000100000
1111110000010000
0000000000000000
1111110111101000
1110110010100000
1110001100001000
0000000000000111
1110110000010000
0000000000000000
1111110111101000
1110110010100000
1110001100001000
0000000000000000
1111110010101000
1111110000010000
1110110010100000
1111000010001000
0000000000000000
1111110010101000
1111110000010000
1110110010100000
1111000010001000
0000000000001000
1110110000010000
0000000000000010
1111000010100000
1111110000010000
0000000000000000
1111110111101000
1110110010100000
1110001100001000
0000000000000000
1111110010101000
1111110000010000
0000000000000101
1110001100001000
0000000000000000
1111110010101000
1111110000010000
0000000000000100
1110001100001000
0000000000000101
1111110000010000
0000000000000000
1111110111101000
1110110010100000
1110001100001000
0000000000000000
1111110010101000
1111110000010000
0000000000000100
1111110000100000
1110001100001000
0000000000011000
1111110000010000
0000000000000000
1111110111101000
1110110010100000
1110001100001000
0000000000000001
1111110000100000
1111110000010000
0000000000000000
1111110111101000
1110110010100000
1110001100001000
0000000000001000
1110110000010000
0000000000000000
1111110111101000
1110110010100000
1110001100001000
0000000000000000
1111110010101000
1111110000010000
1110110010100000
1111000010001000
0000000000000000
1111110010101000
1111110000010000
1110110010100000
1111000010001000
0000000000001001
1110110000010000
0000000000000010
1111000010100000
1111110000010000
0000000000000000
1111110111101000
1110110010100000
1110001100001000
0000000000000000
1111110010101000
1111110000010000
0000000000000101
1110001100001000
0000000000000000
1111110010101000
1111110000010000
0000000000000100
1110001100001000
0000000000000101
1111110000010000
0000000000000000
1111110111101000
1110110010100000
1110001100001000
0000000000000000
1111110010101000
1111110000010000
0000000000000100
1111110000100000
1110001100001000
0000000000011000
1111110000010000
0000000000000000
1111110111101000
1110110010100000
1110001100001000
0000000000000001
1111110000100000
1111110000010000
0000000000000000
1111110111101000
1110110010100000
1110001100001000
0000000000001001
1110110000010000
0000000000000000
1111110111101000
1110110010100000
1110001100001000
0000000000000000
1111110010101000
1111110000010000
1110110010100000
1111000010001000
0000000000000000
1111110010101000
1111110000010000
1110110010100000
1111000010001000
0000000000001010
1110110000010000
0000000000000010
1111000010100000
1111110000010000
0000000000000000
1111110111101000
1110110010100000
1110001100001000
0000000000000000
1111110010101000
1111110000010000
0000000000000101
1110001100001000
0000000000000000
1111110010101000
1111110000010000
0000000000000100
1110001100001000
0000000000000101
1111110000010000
0000000000000000
1111110111101000
1110110010100000
1110001100001000
0000000000000000
1111110010101000
1111110000010000
0000000000000100
1111110000100000
1110001100001000
0000000000011000
1111110000010000
0000000000000000
1111110111101000
1110110010100000
1110001100001000
0000000000000001
1111110000100000
1111110000010000
0000000000000000
1111110111101000
1110110010100000
1110001100001000
0000000000001010
1110110000010000
0000000000000000
1111110111101000
1110110010100000
1110001100001000
0000000000000000
1111110010101000
1111110000010000
1110110010100000
1111000010001000
0000000000000000
1111110010101000
1111110000010000
1110110010100000
1111000010001000
0000000000001011
1110110000010000
0000000000000010
1111000010100000
1111110000010000
0000000000000000
1111110111101000
1110110010100000
1110001100001000
0000000000000000
1111110010101000
1111110000010000
0000000000000101
1110001100001000
0000000000000000
1111110010101000
1111110000010000
0000000000000100
1110001100001000
0000000000000101
1111110000010000
0000000000000000
1111110111101000
1110110010100000
1110001100001000
0000000000000000
1111110010101000
1111110000010000
0000000000000100
1111110000100000
1110001100001000
0000000000000000
1110110000010000
0000000000000000
1111110111101000
1110110010100000
1110001100001000
0000000000000001
1111110000010000
0000000000001101
1110001100001000
0000000000000101
1110010011100000
1111110000010000
0000000000001110
1110001100001000
0000000000000000
1111110010101000
1111110000010000
0000000000000010
1111110000100000
1110001100001000
0000000000000010
1111110111010000
0000000000000000
1110001100001000
0000000000001101
1111110000010000
0000000000000001
1110010011100000
1111110000010000
0000000000000100
1110001100001000
0000000000001101
1111110000010000
0000000000000010
1110010011100000
1111110000010000
0000000000000011
1110001100001000
0000000000001101
1111110000010000
0000000000000011
1110010011100000
1111110000010000
0000000000000010
1110001100001000
0000000000001101
1111110000010000
0000000000000100
1110010011100000
1111110000010000
0000000000000001
1110001100001000
0000000000001110
1111110000100000
1110101010000111
0000000000000000
1111110000100000
1110101010001000
1110110111100000
1110101010001000
1110110111100000
1110101010001000
1110110111100000
1110110000010000
0000000000000000
1110001100001000
0000000000000010
1111110000100000
1111110000010000
0000000000000000
1111110111101000
1110110010100000
1110001100001000
0000000000001011
1110110000010000
0000000000000000
1111110111101000
1110110010100000
1110001100001000
0100000000100100
1110110000010000
0000000000000000
1111110111101000
1110110010100000
1110001100001000
0000000000000001
1111110000010000
0000000000000000
1111110111101000
1110110010100000
1110001100001000
0000000000000010
1111110000010000
0000000000000000
1111110111101000
1110110010100000
1110001100001000
0000000000000011
1111110000010000
0000000000000000
1111110111101000
1110110010100000
1110001100001000
0000000000000100
1111110000010000
0000000000000000
1111110111101000
1110110010100000
1110001100001000
0000000000000000
1111110000010000
0000000000000111
1110010011010000
0000000000000010
1110001100001000
0000000000000000
1111110000010000
0000000000000001
1110001100001000
0001101001111010
1110101010000111
0000000000000000
1111110010101000
1111110000010000
0000000000000001
1111110111100000
1110001100001000
0000000000000010
1111110111100000
1111110000010000
0000000000000000
1111110111101000
1110110010100000
1110001100001000
0000000000001011
1110110000010000
0000000000000000
1111110111101000
1110110010100000
1110001100001000
0100000001100001
1110110000010000
0000000000000000
1111110111101000
1110110010100000
1110001100001000
0000000000000001
1111110000010000
0000000000000000
1111110111101000
1110110010100000
1110001100001000
0000000000000010
1111110000010000
0000000000000000
1111110111101000
1110110010100000
1110001100001000
0000000000000011
1111110000010000
0000000000000000
1111110111101000
1110110010100000
1110001100001000
0000000000000100
1111110000010000
0000000000000000
1111110111101000
1110110010100000
1110001100001000
0000000000000000
1111110000010000
0000000000000111
1110010011010000
0000000000000010
1110001100001000
0000000000000000
1111110000010000
0000000000000001
1110001100001000
0001101001111010
1110101010000111
0000000000000010
1110110000010000
0000000000000001
1111000010010000
0000000000001101
1110001100001000
0000000000000000
1111110010101000
1111110000010000
0000000000001101
1111110000100000
1110001100001000
0000000000000000
1110110000010000
0000000000000000
1111110111101000
1110110010100000
1110001100001000
0000000000000000
1111110010101000
1111110000010000
0000000000000001
1111110000100000
1110001100001000
0000000000000001
1111110000100000
1111110000010000
0000000000000000
1111110111101000
1110110010100000
1110001100001000
0000000000001011
1110110000010000
0000000000000000
1111110111101000
1110110010100000
1110001100001000
0000000000000000
1111110010101000
1111110000010000
1110110010100000
1111000111010000
0100000010010010
1110001100000100
0000000000000000
1111110010100000
1110101010001000
0100000010010101
1110101010000111
0000000000000000
1111110010100000
1110111010001000
0000000000000000
1111110010100000
1111110001001000
0000000000000000
1111110010101000
1111110000010000
0100000100010111
1110001100000101
0000000000011000
1111110000010000
0000000000000000
1111110111101000
1110110010100000
1110001100001000
0000000000000010
1110110000010000
0000000000000001
1111000010100000
1111110000010000
0000000000000000
1111110111101000
1110110010100000
1110001100001000
0000000000000001
1111110000100000
1111110000010000
0000000000000000
1111110111101000
1110110010100000
1110001100001000
0000000000000000
1111110010101000
1111110000010000
1110110010100000
1111000010001000
0000000000000000
1111110010101000
1111110000010000
1110110010100000
1111000010001000
0000000000011000
1111110000010000
0000000000000000
1111110111101000
1110110010100000
1110001100001000
0000000000000001
1111110111100000
1111110000010000
0000000000000000
1111110111101000
1110110010100000
1110001100001000
0000000000000001
1111110000100000
1111110000010000
0000000000000000
1111110111101000
1110110010100000
1110001100001000
0000000000000000
1111110010101000
1111110000010000
1110110010100000
1111000010001000
0000000000000000
1111110010101000
1111110000010000
1110110010100000
1111000010001000
0000000000000000
1111110010101000
1111110000010000
0000000000000100
1110001100001000
0000000000000100
1111110000100000
1111110000010000
0000000000000000
1111110111101000
1110110010100000
1110001100001000
0000000000000000
1111110010101000
1111110000010000
0000000000000101
1110001100001000
0000000000000000
1111110010101000
1111110000010000
0000000000000100
1110001100001000
0000000000000101
1111110000010000
0000000000000000
1111110111101000
1110110010100000
1110001100001000
0000000000000000
1111110010101000
1111110000010000
0000000000000100
1111110000100000
1110001100001000
0000000000000001
1111110000100000
1111110000010000
0000000000000000
1111110111101000
1110110010100000
1110001100001000
0000000000000001
1110110000010000
0000000000000000
1111110111101000
1110110010100000
1110001100001000
0000000000000000
1111110010101000
1111110000010000
1110110010100000
1111000010001000
0000000000000000
1111110010101000
1111110000010000
0000000000000001
1111110000100000
1110001100001000
0100000001111001
1110101010000111
0000000000000000
1110110000010000
0000000000000000
1111110111101000
1110110010100000
1110001100001000
0000000000000001
1111110000010000
0000000000001101
1110001100001000
0000000000000101
1110010011100000
1111110000010000
0000000000001110
1110001100001000
0000000000000000
1111110010101000
1111110000010000
0000000000000010
1111110000100000
1110001100001000
0000000000000010
1111110111010000
0000000000000000
1110001100001000
0000000000001101
1111110000010000
0000000000000001
1110010011100000
1111110000010000
0000000000000100
1110001100001000
0000000000001101
1111110000010000
0000000000000010
1110010011100000
1111110000010000
0000000000000011
1110001100001000
0000000000001101
1111110000010000
0000000000000011
1110010011100000
1111110000010000
0000000000000010
1110001100001000
0000000000001101
1111110000010000
0000000000000100
1110010011100000
1111110000010000
0000000000000001
1110001100001000
0000000000001110
1111110000100000
1110101010000111
0000000000000010
1111110000100000
1111110000010000
0000000000000000
1111110111101000
1110110010100000
1110001100001000
0000000000000001
1110110000010000
0000000000000000
1111110111101000
1110110010100000
1110001100001000
0000000000000000
1111110010100000
1111110011001000
0000000000000000
1111110010101000
1111110000010000
1110110010100000
1111000111010000
0100000101101011
1110001100000001
0000000000000000
1111110010100000
1110101010001000
0100000101101110
1110101010000111
0000000000000000
1111110010100000
1110111010001000
0000000000000010
1111110000100000
1111110000010000
0000000000000000
1111110111101000
1110110010100000
1110001100001000
0000000000010111
1110110000010000
0000000000000000
1111110111101000
1110110010100000
1110001100001000
0000000000000000
1111110010101000
1111110000010000
1110110010100000
1111000111010000
0100000110000111
1110001100000100
0000000000000000
1111110010100000
1110101010001000
0100000110001010
1110101010000111
0000000000000000
1111110010100000
1110111010001000
0000000000000000
1111110010101000
1111110000010000
1110110010100000
1111000000001000
0000000000000010
1111110111100000
1111110000010000
0000000000000000
1111110111101000
1110110010100000
1110001100001000
0000000000000001
1110110000010000
0000000000000000
1111110111101000
1110110010100000
1110001100001000
0000000000000000
1111110010100000
1111110011001000
0000000000000000
1111110010101000
1111110000010000
1110110010100000
1111000111010000
0100000110101011
1110001100000001
0000000000000000
1111110010100000
1110101010001000
0100000110101110
1110101010000111
0000000000000000
1111110010100000
1110111010001000
0000000000000000
1111110010101000
1111110000010000
1110110010100000
1111000000001000
0000000000000010
1111110111100000
1111110000010000
0000000000000000
1111110111101000
1110110010100000
1110001100001000
0000000001000000
1110110000010000
0000000000000000
1111110111101000
1110110010100000
1110001100001000
0000000000000000
1111110010101000
1111110000010000
1110110010100000
1111000111010000
0100000111001100
1110001100000100
0000000000000000
1111110010100000
1110101010001000
0100000111001111
1110101010000111
0000000000000000
1111110010100000
1110111010001000
0000000000000000
1111110010101000
1111110000010000
1110110010100000
1111000000001000
0000000000000000
1111110010100000
1111110001001000
0000000000000000
1111110010101000
1111110000010000
0100001001011010
1110001100000101
0000000000000010
1111110000100000
1111110000010000
0000000000000000
1111110111101000
1110110010100000
1110001100001000
0000000000000000
1111110010101000
1111110000010000
0000000000010110
1110001100001000
0000000000000010
1111110111100000
1111110000010000
0000000000000000
1111110111101000
1110110010100000
1110001100001000
0000000000000000
1111110010101000
1111110000010000
0000000000010111
1110001100001000
0000000000100000
1110110000010000
0000000000000000
1111110111101000
1110110010100000
1110001100001000
0100001000100100
1110110000010000
0000000000000000
1111110111101000
1110110010100000
1110001100001000
0000000000000001
1111110000010000
0000000000000000
1111110111101000
1110110010100000
1110001100001000
0000000000000010
1111110000010000
0000000000000000
1111110111101000
1110110010100000
1110001100001000
0000000000000011
1111110000010000
0000000000000000
1111110111101000
1110110010100000
1110001100001000
0000000000000100
1111110000010000
0000000000000000
1111110111101000
1110110010100000
1110001100001000
0000000000000000
1111110000010000
0000000000000110
1110010011010000
0000000000000010
1110001100001000
0000000000000000
1111110000010000
0000000000000001
1110001100001000
0100001010010010
1110101010000111
0000000000000000
1111110010101000
1111110000010000
0000000000000101
1110001100001000
0100001001010011
1110110000010000
0000000000000000
1111110111101000
1110110010100000
1110001100001000
0000000000000001
1111110000010000
0000000000000000
1111110111101000
1110110010100000
1110001100001000
0000000000000010
1111110000010000
0000000000000000
1111110111101000
1110110010100000
1110001100001000
0000000000000011
1111110000010000
0000000000000000
1111110111101000
1110110010100000
1110001100001000
0000000000000100
1111110000010000
0000000000000000
1111110111101000
1110110010100000
1110001100001000
0000000000000000
1111110000010000
0000000000000101
1110010011010000
0000000000000010
1110001100001000
0000000000000000
1111110000010000
0000000000000001
1110001100001000
0100101010010001
1110101010000111
0000000000000000
1111110010101000
1111110000010000
0000000000000101
1110001100001000
0100001001011010
1110101010000111
0000000000000000
1110110000010000
0000000000000000
1111110111101000
1110110010100000
1110001100001000
0000000000000001
1111110000010000
0000000000001101
1110001100001000
0000000000000101
1110010011100000
1111110000010000
0000000000001110
1110001100001000
0000000000000000
1111110010101000
1111110000010000
0000000000000010
1111110000100000
1110001100001000
0000000000000010
1111110111010000
0000000000000000
1110001100001000
0000000000001101
1111110000010000
0000000000000001
1110010011100000
1111110000010000
0000000000000100
1110001100001000
0000000000001101
1111110000010000
0000000000000010
1110010011100000
1111110000010000
0000000000000011
1110001100001000
0000000000001101
1111110000010000
0000000000000011
1110010011100000
1111110000010000
0000000000000010
1110001100001000
0000000000001101
1111110000010000
0000000000000100
1110010011100000
1111110000010000
0000000000000001
1110001100001000
0000000000001110
1111110000100000
1110101010000111
0000000000000000
1111110000100000
1110101010001000
1110110111100000
1110101010001000
1110110111100000
1110101010001000
1110110111100000
1110101010001000
1110110111100000
1110101010001000
1110110111100000
1110101010001000
1110110111100000
1110101010001000
1110110111100000
1110101010001000
1110110111100000
1110101010001000
1110110111100000
1110110000010000
0000000000000000
1110001100001000
0000000000000010
1111110000100000
1111110000010000
0000000000000000
1111110111101000
1110110010100000
1110001100001000
0100001011011010
1110110000010000
0000000000000000
1111110111101000
1110110010100000
1110001100001000
0000000000000001
1111110000010000
0000000000000000
1111110111101000
1110110010100000
1110001100001000
0000000000000010
1111110000010000
0000000000000000
1111110111101000
1110110010100000
1110001100001000
0000000000000011
1111110000010000
0000000000000000
1111110111101000
1110110010100000
1110001100001000
0000000000000100
1111110000010000
0000000000000000
1111110111101000
1110110010100000
1110001100001000
0000000000000000
1111110000010000
0000000000000110
1110010011010000
0000000000000010
1110001100001000
0000000000000000
1111110000010000
0000000000000001
1110001100001000
0100011011010100
1110101010000111
0000000000000000
1111110010101000
1111110000010000
0000000000000001
1111110000100000
1110001100001000
0000000000010111
1111110000010000
0000000000000000
1111110111101000
1110110010100000
1110001100001000
0000000000001000
1110110000010000
0000000000000000
1111110111101000
1110110010100000
1110001100001000
0100001100010110
1110110000010000
0000000000000000
1111110111101000
1110110010100000
1110001100001000
0000000000000001
1111110000010000
0000000000000000
1111110111101000
1110110010100000
1110001100001000
0000000000000010
1111110000010000
0000000000000000
1111110111101000
1110110010100000
1110001100001000
0000000000000011
1111110000010000
0000000000000000
1111110111101000
1110110010100000
1110001100001000
0000000000000100
1111110000010000
0000000000000000
1111110111101000
1110110010100000
1110001100001000
0000000000000000
1111110000010000
0000000000000111
1110010011010000
0000000000000010
1110001100001000
0000000000000000
1111110000010000
0000000000000001
1110001100001000
0001101001111010
1110101010000111
0000000000000010
1110110000010000
0000000000000001
1111000010010000
0000000000001101
1110001100001000
0000000000000000
1111110010101000
1111110000010000
0000000000001101
1111110000100000
1110001100001000
0000000000010110
1111110000010000
0000000000000000
1111110111101000
1110110010100000
1110001100001000
0000000000001011
1110110000010000
0000000000000000
1111110111101000
1110110010100000
1110001100001000
0100001101011000
1110110000010000
0000000000000000
1111110111101000
1110110010100000
1110001100001000
0000000000000001
1111110000010000
0000000000000000
1111110111101000
1110110010100000
1110001100001000
0000000000000010
1111110000010000
0000000000000000
1111110111101000
1110110010100000
1110001100001000
0000000000000011
1111110000010000
0000000000000000
1111110111101000
1110110010100000
1110001100001000
0000000000000100
1111110000010000
0000000000000000
1111110111101000
1110110010100000
1110001100001000
0000000000000000
1111110000010000
0000000000000111
1110010011010000
0000000000000010
1110001100001000
0000000000000000
1111110000010000
0000000000000001
1110001100001000
0001101001111010
1110101010000111
0000000000000011
1110110000010000
0000000000000001
1111000010010000
0000000000001101
1110001100001000
0000000000000000
1111110010101000
1111110000010000
0000000000001101
1111110000100000
1110001100001000
0000000000000000
1110110000010000
0000000000000000
1111110111101000
1110110010100000
1110001100001000
0100001110010100
1110110000010000
0000000000000000
1111110111101000
1110110010100000
1110001100001000
0000000000000001
1111110000010000
0000000000000000
1111110111101000
1110110010100000
1110001100001000
0000000000000010
1111110000010000
0000000000000000
1111110111101000
1110110010100000
1110001100001000
0000000000000011
1111110000010000
0000000000000000
1111110111101000
1110110010100000
1110001100001000
0000000000000100
1111110000010000
0000000000000000
1111110111101000
1110110010100000
1110001100001000
0000000000000000
1111110000010000
0000000000000110
1110010011010000
0000000000000010
1110001100001000
0000000000000000
1111110000010000
0000000000000001
1110001100001000
0101010000110110
1110101010000111
0000000000000000
1111110010101000
1111110000010000
0000000000000101
1110001100001000
0000000000000010
1110110000010000
0000000000000001
1111000010100000
1111110000010000
0000000000000000
1111110111101000
1110110010100000
1110001100001000
0000000000000011
1110110000010000
0000000000000001
1111000010100000
1111110000010000
0000000000000000
1111110111101000
1110110010100000
1110001100001000
0000000000000010
1110110000010000
0000000000000001
1111000010100000
1111110000010000
0000000000000000
1111110111101000
1110110010100000
1110001100001000
0000000000000111
1110110000010000
0000000000000000
1111110111101000
1110110010100000
1110001100001000
0000000000000000
1111110010101000
1111110000010000
1110110010100000
1111000010001000
0000000000000011
1110110000010000
0000000000000001
1111000010100000
1111110000010000
0000000000000000
1111110111101000
1110110010100000
1110001100001000
0000000000001010
1110110000010000
0000000000000000
1111110111101000
1110110010100000
1110001100001000
0000000000000000
1111110010101000
1111110000010000
1110110010100000
1111000010001000
0100001111111101
1110110000010000
0000000000000000
1111110111101000
1110110010100000
1110001100001000
0000000000000001
1111110000010000
0000000000000000
1111110111101000
1110110010100000
1110001100001000
0000000000000010
1111110000010000
0000000000000000
1111110111101000
1110110010100000
1110001100001000
0000000000000011
1111110000010000
0000000000000000
1111110111101000
1110110010100000
1110001100001000
0000000000000100
1111110000010000
0000000000000000
1111110111101000
1110110010100000
1110001100001000
0000000000000000
1111110000010000
0000000000001001
1110010011010000
0000000000000010
1110001100001000
0000000000000000
1111110000010000
0000000000000001
1110001100001000
0101110111100010
1110101010000111
0000000000000000
1111110010101000
1111110000010000
0000000000000101
1110001100001000
0000000000000000
1110110000010000
0000000000000000
1111110111101000
1110110010100000
1110001100001000
0000000000000000
1111110010100000
1111110001001000
0100010000110101
1110110000010000
0000000000000000
1111110111101000
1110110010100000
1110001100001000
0000000000000001
1111110000010000
0000000000000000
1111110111101000
1110110010100000
1110001100001000
0000000000000010
1111110000010000
0000000000000000
1111110111101000
1110110010100000
1110001100001000
0000000000000011
1111110000010000
0000000000000000
1111110111101000
1110110010100000
1110001100001000
0000000000000100
1111110000010000
0000000000000000
1111110111101000
1110110010100000
1110001100001000
0000000000000000
1111110000010000
0000000000000110
1110010011010000
0000000000000010
1110001100001000
0000000000000000
1111110000010000
0000000000000001
1110001100001000
0101010000110110
1110101010000111
0000000000000000
1111110010101000
1111110000010000
0000000000000101
1110001100001000
0000000000000000
1110110000010000
0000000000000000
1111110111101000
1110110010100000
1110001100001000
0000000000000100
1110110000010000
0000000000000001
1111000010010000
0000000000001101
1110001100001000
0000000000000000
1111110010101000
1111110000010000
0000000000001101
1111110000100000
1110001100001000
0000000000000100
1110110000010000
0000000000000001
1111000010100000
1111110000010000
0000000000000000
1111110111101000
1110110010100000
1110001100001000
0000000000001011
1110110000010000
0000000000000000
1111110111101000
1110110010100000
1110001100001000
0000000000000000
1111110010101000
1111110000010000
1110110010100000
1111000111010000
0100010001100111
1110001100000100
0000000000000000
1111110010100000
1110101010001000
0100010001101010
1110101010000111
0000000000000000
1111110010100000
1110111010001000
0000000000000000
1111110010100000
1111110001001000
0000000000000000
1111110010101000
1111110000010000
0100011000010000
1110001100000101
0000000000000001
1111110000100000
1111110000010000
0000000000000000
1111110111101000
1110110010100000
1110001100001000
0000000000000100
1110110000010000
0000000000000001
1111000010100000
1111110000010000
0000000000000000
1111110111101000
1110110010100000
1110001100001000
0000000000000000
1111110010101000
1111110000010000
1110110010100000
1111000010001000
0000000000000000
1111110010101000
1111110000010000
0000000000000100
1110001100001000
0000000000000100
1111110000100000
1111110000010000
0000000000000000
1111110111101000
1110110010100000
1110001100001000
0000000000000000
1111110010101000
1111110000010000
0000000000000001
1111110111100000
1110001100001000
0000000000000000
1110110000010000
0000000000000000
1111110111101000
1110110010100000
1110001100001000
0000000000000101
1110110000010000
0000000000000001
1111000010010000
0000000000001101
1110001100001000
0000000000000000
1111110010101000
1111110000010000
0000000000001101
1111110000100000
1110001100001000
0000000000000001
1110110000010000
0000000000000000
1111110111101000
1110110010100000
1110001100001000
0000000000000110
1110110000010000
0000000000000001
1111000010010000
0000000000001101
1110001100001000
0000000000000000
1111110010101000
1111110000010000
0000000000001101
1111110000100000
1110001100001000
0000000000000101
1110110000010000
0000000000000001
1111000010100000
1111110000010000
0000000000000000
1111110111101000
1110110010100000
1110001100001000
0000000000001000
1110110000010000
0000000000000000
1111110111101000
1110110010100000
1110001100001000
0000000000000000
1111110010101000
1111110000010000
1110110010100000
1111000111010000
0100010011011000
1110001100000100
0000000000000000
1111110010100000
1110101010001000
0100010011011011
1110101010000111
0000000000000000
1111110010100000
1110111010001000
0000000000000000
1111110010100000
1111110001001000
0000000000000000
1111110010101000
1111110000010000
0100010111101110
1110001100000101
0000000000000001
1111110111100000
1111110000010000
0000000000000000
1111110111101000
1110110010100000
1110001100001000
0000000000000110
1110110000010000
0000000000000001
1111000010100000
1111110000010000
0000000000000000
1111110111101000
1110110010100000
1110001100001000
0000000000000000
1111110010101000
1111110000010000
1110110010100000
1111000000001000
0000000000000000
1110110000010000
0000000000000000
1111110111101000
1110110010100000
1110001100001000
0000000000000000
1111110010101000
1111110000010000
1110110010100000
1111000111010000
0100010100001010
1110001100000001
0000000000000000
1111110010100000
1110101010001000
0100010100001101
1110101010000111
0000000000000000
1111110010100000
1110111010001000
0000000000000000
1111110010100000
1111110001001000
0000000000000000
1111110010101000
1111110000010000
0100010110101001
1110001100000101
0000000000000010
1110110000010000
0000000000000001
1111000010100000
1111110000010000
0000000000000000
1111110111101000
1110110010100000
1110001100001000
0000000000000111
1110110000010000
0000000000000000
1111110111101000
1110110010100000
1110001100001000
0000000000000000
1111110010101000
1111110000010000
1110110010100000
1111000010001000
0000000000000101
1110110000010000
0000000000000001
1111000010100000
1111110000010000
0000000000000000
1111110111101000
1110110010100000
1110001100001000
0000000000000000
1111110010101000
1111110000010000
1110110010100000
1111000111001000
0000000000000111
1110110000010000
0000000000000001
1111000010010000
0000000000001101
1110001100001000
0000000000000000
1111110010101000
1111110000010000
0000000000001101
1111110000100000
1110001100001000
0000000000000011
1110110000010000
0000000000000001
1111000010100000
1111110000010000
0000000000000000
1111110111101000
1110110010100000
1110001100001000
0000000000000100
1110110000010000
0000000000000001
1111000010100000
1111110000010000
0000000000000000
1111110111101000
1110110010100000
1110001100001000
0000000000000000
1111110010101000
1111110000010000
1110110010100000
1111000010001000
0000000000001000
1110110000010000
0000000000000001
1111000010010000
0000000000001101
1110001100001000
0000000000000000
1111110010101000
1111110000010000
0000000000001101
1111110000100000
1110001100001000
0000000000000111
1110110000010000
0000000000000001
1111000010100000
1111110000010000
0000000000000000
1111110111101000
1110110010100000
1110001100001000
0000000000001000
1110110000010000
0000000000000001
1111000010100000
1111110000010000
0000000000000000
1111110111101000
1110110010100000
1110001100001000
0100010110100010
1110110000010000
0000000000000000
1111110111101000
1110110010100000
1110001100001000
0000000000000001
1111110000010000
0000000000000000
1111110111101000
1110110010100000
1110001100001000
0000000000000010
1111110000010000
0000000000000000
1111110111101000
1110110010100000
1110001100001000
0000000000000011
1111110000010000
0000000000000000
1111110111101000
1110110010100000
1110001100001000
0000000000000100
1111110000010000
0000000000000000
1111110111101000
1110110010100000
1110001100001000
0000000000000000
1111110000010000
0000000000000111
1110010011010000
0000000000000010
1110001100001000
0000000000000000
1111110000010000
0000000000000001
1110001100001000
0101010001111010
1110101010000111
0000000000000000
1111110010101000
1111110000010000
0000000000000101
1110001100001000
0100010110101001
1110101010000111
0000000000000110
1110110000010000
0000000000000001
1111000010100000
1111110000010000
0000000000000000
1111110111101000
1110110010100000
1110001100001000
0000000000000110
1110110000010000
0000000000000001
1111000010100000
1111110000010000
0000000000000000
1111110111101000
1110110010100000
1110001100001000
0000000000000000
1111110010101000
1111110000010000
1110110010100000
1111000010001000
0000000000000110
1110110000010000
0000000000000001
1111000010010000
0000000000001101
1110001100001000
0000000000000000
1111110010101000
1111110000010000
0000000000001101
1111110000100000
1110001100001000
0000000000000101
1110110000010000
0000000000000001
1111000010100000
1111110000010000
0000000000000000
1111110111101000
1110110010100000
1110001100001000
0000000000000001
1110110000010000
0000000000000000
1111110111101000
1110110010100000
1110001100001000
0000000000000000
1111110010101000
1111110000010000
1110110010100000
1111000010001000
0000000000000101
1110110000010000
0000000000000001
1111000010010000
0000000000001101
1110001100001000
0000000000000000
1111110010101000
1111110000010000
0000000000001101
1111110000100000
1110001100001000
0100010010111101
1110101010000111
0000000000000100
1110110000010000
0000000000000001
1111000010100000
1111110000010000
0000000000000000
1111110111101000
1110110010100000
1110001100001000
0000000000000001
1110110000010000
0000000000000000
1111110111101000
1110110010100000
1110001100001000
0000000000000000
1111110010101000
1111110000010000
1110110010100000
1111000010001000
0000000000000100
1110110000010000
0000000000000001
1111000010010000
0000000000001101
1110001100001000
0000000000000000
1111110010101000
1111110000010000
0000000000001101
1111110000100000
1110001100001000
0100010001001100
1110101010000111
0000000000010111
1111110000010000
0000000000000000
1111110111101000
1110110010100000
1110001100001000
0000000000000001
1110110000010000
0000000000000000
1111110111101000
1110110010100000
1110001100001000
0000000000000000
1111110010101000
1111110000010000
1110110010100000
1111000010001000
0000000000000000
1111110010101000
1111110000010000
0000000000010111
1110001100001000
0000000000010111
1111110000010000
0000000000000000
1111110111101000
1110110010100000
1110001100001000
0000000000111111
1110110000010000
0000000000000000
1111110111101000
1110110010100000
1110001100001000
0000000000000000
1111110010101000
1111110000010000
1110110010100000
1111000111010000
0100011000111110
1110001100000001
0000000000000000
1111110010100000
1110101010001000
0100011001000001
1110101010000111
0000000000000000
1111110010100000
1110111010001000
0000000000000000
1111110010100000
1111110001001000
0000000000000000
1111110010101000
1111110000010000
0100011010011100
1110001100000101
0000000000000000
1110110000010000
0000000000000000
1111110111101000
1110110010100000
1110001100001000
0000000000000000
1111110010101000
1111110000010000
0000000000010111
1110001100001000
0000000000010110
1111110000010000
0000000000000000
1111110111101000
1110110010100000
1110001100001000
0000000000000001
1110110000010000
0000000000000000
1111110111101000
1110110010100000
1110001100001000
0000000000000000
1111110010101000
1111110000010000
1110110010100000
1111000010001000
0000000000000000
1111110010101000
1111110000010000
0000000000010110
1110001100001000
0000000000010110
1111110000010000
0000000000000000
1111110111101000
1110110010100000
1110001100001000
0000000000010110
1110110000010000
0000000000000000
1111110111101000
1110110010100000
1110001100001000
0000000000000000
1111110010101000
1111110000010000
1110110010100000
1111000111010000
0100011010000010
1110001100000001
0000000000000000
1111110010100000
1110101010001000
0100011010000101
1110101010000111
0000000000000000
1111110010100000
1110111010001000
0000000000000000
1111110010100000
1111110001001000
0000000000000000
1111110010101000
1111110000010000
0100011010011010
1110001100000101
0000000000000000
1110110000010000
0000000000000000
1111110111101000
1110110010100000
1110001100001000
0000000000000000
1111110010101000
1111110000010000
0000000000010110
1110001100001000
0100011010011010
1110101010000111
0100011010011100
1110101010000111
0000000000000000
1110110000010000
0000000000000000
1111110111101000
1110110010100000
1110001100001000
0000000000000001
1111110000010000
0000000000001101
1110001100001000
0000000000000101
1110010011100000
1111110000010000
0000000000001110
1110001100001000
0000000000000000
1111110010101000
1111110000010000
0000000000000010
1111110000100000
1110001100001000
0000000000000010
1111110111010000
0000000000000000
1110001100001000
0000000000001101
1111110000010000
0000000000000001
1110010011100000
1111110000010000
0000000000000100
1110001100001000
0000000000001101
1111110000010000
0000000000000010
1110010011100000
1111110000010000
0000000000000011
1110001100001000
0000000000001101
1111110000010000
0000000000000011
1110010011100000
1111110000010000
0000000000000010
1110001100001000
0000000000001101
1111110000010000
0000000000000100
1110010011100000
1111110000010000
0000000000000001
1110001100001000
0000000000001110
1111110000100000
1110101010000111
0000000000000000
1111110000100000
1110101010001000
1110110111100000
1110101010001000
1110110111100000
1110110000010000
0000000000000000
1110001100001000
0000000000000010
1111110000100000
1111110000010000
0000000000000000
1111110111101000
1110110010100000
1110001100001000
0000000000000000
1110110000010000
0000000000000000
1111110111101000
1110110010100000
1110001100001000
0000000000000000
1111110010101000
1111110000010000
1110110010100000
1111000111010000
0100011011110110
1110001100000100
0000000000000000
1111110010100000
1110101010001000
0100011011111001
1110101010000111
0000000000000000
1111110010100000
1110111010001000
0000000000000000
1111110010100000
1111110001001000
0000000000000000
1111110010101000
1111110000010000
0100011100001111
1110001100000101
0000000000000000
1110110000010000
0000000000000000
1111110111101000
1110110010100000
1110001100001000
0000000000000000
1111110010101000
1111110000010000
0000000000000010
1111110000100000
1110001100001000
0100011100001111
1110101010000111
0000000000000010
1111110000100000
1111110000010000
0000000000000000
1111110111101000
1110110010100000
1110001100001000
0000000001111110
1110110000010000
0000000000000000
1111110111101000
1110110010100000
1110001100001000
0000000000000000
1111110010101000
1111110000010000
1110110010100000
1111000111010000
0100011100101000
1110001100000001
0000000000000000
1111110010100000
1110101010001000
0100011100101011
1110101010000111
0000000000000000
1111110010100000
1110111010001000
0000000000000000
1111110010100000
1111110001001000
0000000000000000
1111110010101000
1111110000010000
0100011101000001
1110001100000101
0000000000100000
1110110000010000
0000000000000000
1111110111101000
1110110010100000
1110001100001000
0000000000000000
1111110010101000
1111110000010000
0000000000000010
1111110000100000
1110001100001000
0100011101000001
1110101010000111
0000000000000010
1111110000100000
1111110000010000
0000000000000000
1111110111101000
1110110010100000
1110001100001000
0000000000001011
1110110000010000
0000000000000000
1111110111101000
1110110010100000
1110001100001000
0100011101111000
1110110000010000
0000000000000000
1111110111101000
1110110010100000
1110001100001000
0000000000000001
1111110000010000
0000000000000000
1111110111101000
1110110010100000
1110001100001000
0000000000000010
1111110000010000
0000000000000000
1111110111101000
1110110010100000
1110001100001000
0000000000000011
1111110000010000
0000000000000000
1111110111101000
1110110010100000
1110001100001000
0000000000000100
1111110000010000
0000000000000000
1111110111101000
1110110010100000
1110001100001000
0000000000000000
1111110000010000
0000000000000111
1110010011010000
0000000000000010
1110001100001000
0000000000000000
1111110000010000
0000000000000001
1110001100001000
0001101001111010
1110101010000111
0000000000000000
1111110010101000
1111110000010000
0000000000000001
1111110000100000
1110001100001000
0000000000011000
1111110000010000
0000000000000000
1111110111101000
1110110010100000
1110001100001000
0000000000000001
1111110000100000
1111110000010000
0000000000000000
1111110111101000
1110110010100000
1110001100001000
0000000000000000
1111110010101000
1111110000010000
1110110010100000
1111000010001000
0000000000000000
1111110010101000
1111110000010000
0000000000000001
1111110111100000
1110001100001000
0000000000000001
1111110111100000
1111110000010000
0000000000000000
1111110111101000
1110110010100000
1110001100001000
0000000000000001
1111110000010000
0000000000001101
1110001100001000
0000000000000101
1110010011100000
1111110000010000
0000000000001110
1110001100001000
0000000000000000
1111110010101000
1111110000010000
0000000000000010
1111110000100000
1110001100001000
0000000000000010
1111110111010000
0000000000000000
1110001100001000
0000000000001101
1111110000010000
0000000000000001
1110010011100000
1111110000010000
0000000000000100
1110001100001000
0000000000001101
1111110000010000
0000000000000010
1110010011100000
1111110000010000
0000000000000011
1110001100001000
0000000000001101
1111110000010000
0000000000000011
1110010011100000
1111110000010000
0000000000000010
1110001100001000
0000000000001101
1111110000010000
0000000000000100
1110010011100000
1111110000010000
0000000000000001
1110001100001000
0000000000001110
1111110000100000
1110101010000111
0000000000000000
1111110000100000
1110101010001000
1110110111100000
1110110000010000
0000000000000000
1110001100001000
0000000000000000
1110110000010000
0000000000000000
1111110111101000
1110110010100000
1110001100001000
0000000000000000
1111110010101000
1111110000010000
0000000000000001
1111110000100000
1110001100001000
0000000000000001
1111110000100000
1111110000010000
0000000000000000
1111110111101000
1110110010100000
1110001100001000
0000000000000010
1111110000100000
1111110000010000
0000000000000000
1111110111101000
1110110010100000
1110001100001000
0100100000011010
1110110000010000
0000000000000000
1111110111101000
1110110010100000
1110001100001000
0000000000000001
1111110000010000
0000000000000000
1111110111101000
1110110010100000
1110001100001000
0000000000000010
1111110000010000
0000000000000000
1111110111101000
1110110010100000
1110001100001000
0000000000000011
1111110000010000
0000000000000000
1111110111101000
1110110010100000
1110001100001000
0000000000000100
1111110000010000
0000000000000000
1111110111101000
1110110010100000
1110001100001000
0000000000000000
1111110000010000
0000000000000110
1110010011010000
0000000000000010
1110001100001000
0000000000000000
1111110000010000
0000000000000001
1110001100001000
0110110010100111
1110101010000111
0000000000000000
1111110010101000
1111110000010000
1110110010100000
1111000111010000
0100100000100110
1110001100000100
0000000000000000
1111110010100000
1110101010001000
0100100000101001
1110101010000111
0000000000000000
1111110010100000
1110111010001000
0000000000000000
1111110010100000
1111110001001000
0000000000000000
1111110010101000
1111110000010000
0100100010110010
1110001100000101
0000000000000010
1111110000100000
1111110000010000
0000000000000000
1111110111101000
1110110010100000
1110001100001000
0000000000000001
1111110000100000
1111110000010000
0000000000000000
1111110111101000
1110110010100000
1110001100001000
0100100001101001
1110110000010000
0000000000000000
1111110111101000
1110110010100000
1110001100001000
0000000000000001
1111110000010000
0000000000000000
1111110111101000
1110110010100000
1110001100001000
0000000000000010
1111110000010000
0000000000000000
1111110111101000
1110110010100000
1110001100001000
0000000000000011
1111110000010000
0000000000000000
1111110111101000
1110110010100000
1110001100001000
0000000000000100
1111110000010000
0000000000000000
1111110111101000
1110110010100000
1110001100001000
0000000000000000
1111110000010000
0000000000000111
1110010011010000
0000000000000010
1110001100001000
0000000000000000
1111110000010000
0000000000000001
1110001100001000
0110110011101100
1110101010000111
0100100010010011
1110110000010000
0000000000000000
1111110111101000
1110110010100000
1110001100001000
0000000000000001
1111110000010000
0000000000000000
1111110111101000
1110110010100000
1110001100001000
0000000000000010
1111110000010000
0000000000000000
1111110111101000
1110110010100000
1110001100001000
0000000000000011
1111110000010000
0000000000000000
1111110111101000
1110110010100000
1110001100001000
0000000000000100
1111110000010000
0000000000000000
1111110111101000
1110110010100000
1110001100001000
0000000000000000
1111110000010000
0000000000000110
1110010011010000
0000000000000010
1110001100001000
0000000000000000
1111110000010000
0000000000000001
1110001100001000
0100001010010010
1110101010000111
0000000000000000
1111110010101000
1111110000010000
0000000000000101
1110001100001000
0000000000000001
1111110000100000
1111110000010000
0000000000000000
1111110111101000
1110110010100000
1110001100001000
0000000000000001
1110110000010000
0000000000000000
1111110111101000
1110110010100000
1110001100001000
0000000000000000
1111110010101000
1111110000010000
1110110010100000
1111000010001000
0000000000000000
1111110010101000
1111110000010000
0000000000000001
1111110000100000
1110001100001000
0100011111100010
1110101010000111
0000000000000000
1110110000010000
0000000000000000
1111110111101000
1110110010100000
1110001100001000
0000000000000001
1111110000010000
0000000000001101
1110001100001000
0000000000000101
1110010011100000
1111110000010000
0000000000001110
1110001100001000
0000000000000000
1111110010101000
1111110000010000
0000000000000010
1111110000100000
1110001100001000
0000000000000010
1111110111010000
0000000000000000
1110001100001000
0000000000001101
1111110000010000
0000000000000001
1110010011100000
1111110000010000
0000000000000100
1110001100001000
0000000000001101
1111110000010000
0000000000000010
1110010011100000
1111110000010000
0000000000000011
1110001100001000
0000000000001101
1111110000010000
0000000000000011
1110010011100000
1111110000010000
0000000000000010
1110001100001000
0000000000001101
1111110000010000
0000000000000100
1110010011100000
1111110000010000
0000000000000001
1110001100001000
0000000000001110
1111110000100000
1110101010000111
0000000000000000
1111110000100000
1110101010001000
1110110111100000
1110110000010000
0000000000000000
1110001100001000
0000000000000110
1110110000010000
0000000000000000
1111110111101000
1110110010100000
1110001100001000
0100100100100001
1110110000010000
0000000000000000
1111110111101000
1110110010100000
1110001100001000
0000000000000001
1111110000010000
0000000000000000
1111110111101000
1110110010100000
1110001100001000
0000000000000010
1111110000010000
0000000000000000
1111110111101000
1110110010100000
1110001100001000
0000000000000011
1111110000010000
0000000000000000
1111110111101000
1110110010100000
1110001100001000
0000000000000100
1111110000010000
0000000000000000
1111110111101000
1110110010100000
1110001100001000
0000000000000000
1111110000010000
0000000000000110
1110010011010000
0000000000000010
1110001100001000
0000000000000000
1111110000010000
0000000000000001
1110001100001000
0110101100000011
1110101010000111
0000000000000000
1111110010101000
1111110000010000
0000000000000001
1111110000100000
1110001100001000
0000000000000001
1111110000100000
1111110000010000
0000000000000000
1111110111101000
1110110010100000
1110001100001000
0000000000000010
1111110000100000
1111110000010000
0000000000000000
1111110111101000
1110110010100000
1110001100001000
0100100101011111
1110110000010000
0000000000000000
1111110111101000
1110110010100000
1110001100001000
0000000000000001
1111110000010000
0000000000000000
1111110111101000
1110110010100000
1110001100001000
0000000000000010
1111110000010000
0000000000000000
1111110111101000
1110110010100000
1110001100001000
0000000000000011
1111110000010000
0000000000000000
1111110111101000
1110110010100000
1110001100001000
0000000000000100
1111110000010000
0000000000000000
1111110111101000
1110110010100000
1110001100001000
0000000000000000
1111110000010000
0000000000000111
1110010011010000
0000000000000010
1110001100001000
0000000000000000
1111110000010000
0000000000000001
1110001100001000
0111000100111010
1110101010000111
0000000000000000
1111110010101000
1111110000010000
0000000000000101
1110001100001000
0000000000000001
1111110000100000
1111110000010000
0000000000000000
1111110111101000
1110110010100000
1110001100001000
0100100110010101
1110110000010000
0000000000000000
1111110111101000
1110110010100000
1110001100001000
0000000000000001
1111110000010000
0000000000000000
1111110111101000
1110110010100000
1110001100001000
0000000000000010
1111110000010000
0000000000000000
1111110111101000
1110110010100000
1110001100001000
0000000000000011
1111110000010000
0000000000000000
1111110111101000
1110110010100000
1110001100001000
0000000000000100
1111110000010000
0000000000000000
1111110111101000
1110110010100000
1110001100001000
0000000000000000
1111110000010000
0000000000000110
1110010011010000
0000000000000010
1110001100001000
0000000000000000
1111110000010000
0000000000000001
1110001100001000
0100011111001111
1110101010000111
0000000000000000
1111110010101000
1111110000010000
0000000000000101
1110001100001000
0000000000000001
1111110000100000
1111110000010000
0000000000000000
1111110111101000
1110110010100000
1110001100001000
0100100111001011
1110110000010000
0000000000000000
1111110111101000
1110110010100000
1110001100001000
0000000000000001
1111110000010000
0000000000000000
1111110111101000
1110110010100000
1110001100001000
0000000000000010
1111110000010000
0000000000000000
1111110111101000
1110110010100000
1110001100001000
0000000000000011
1111110000010000
0000000000000000
1111110111101000
1110110010100000
1110001100001000
0000000000000100
1111110000010000
0000000000000000
1111110111101000
1110110010100000
1110001100001000
0000000000000000
1111110000010000
0000000000000110
1110010011010000
0000000000000010
1110001100001000
0000000000000000
1111110000010000
0000000000000001
1110001100001000
0110101111111000
1110101010000111
0000000000000000
1111110010101000
1111110000010000
0000000000000101
1110001100001000
0000000000000000
1110110000010000
0000000000000000
1111110111101000
1110110010100000
1110001100001000
0000000000000001
1111110000010000
0000000000001101
1110001100001000
0000000000000101
1110010011100000
1111110000010000
0000000000001110
1110001100001000
0000000000000000
1111110010101000
1111110000010000
0000000000000010
1111110000100000
1110001100001000
0000000000000010
1111110111010000
0000000000000000
1110001100001000
0000000000001101
1111110000010000
0000000000000001
1110010011100000
1111110000010000
0000000000000100
1110001100001000
0000000000001101
1111110000010000
0000000000000010
1110010011100000
1111110000010000
0000000000000011
1110001100001000
0000000000001101
1111110000010000
0000000000000011
1110010011100000
1111110000010000
0000000000000010
1110001100001000
0000000000001101
1111110000010000
0000000000000100
1110010011100000
1111110000010000
0000000000000001
1110001100001000
0000000000001110
1111110000100000
1110101010000111
0000000000010110
1111110000010000
0000000000000000
1111110111101000
1110110010100000
1110001100001000
0000000000000001
1110110000010000
0000000000000000
1111110111101000
1110110010100000
1110001100001000
0000000000000000
1111110010101000
1111110000010000
1110110010100000
1111000010001000
0000000000000000
1111110010101000
1111110000010000
0000000000010110
1110001100001000
0000000000000000
1110110000010000
0000000000000000
1111110111101000
1110110010100000
1110001100001000
0000000000000000
1111110010101000
1111110000010000
0000000000010111
1110001100001000
0000000000010110
1111110000010000
0000000000000000
1111110111101000
1110110010100000
1110001100001000
0000000000010110
1110110000010000
0000000000000000
1111110111101000
1110110010100000
1110001100001000
0000000000000000
1111110010101000
1111110000010000
1110110010100000
1111000111010000
0100101001000001
1110001100000001
0000000000000000
1111110010100000
1110101010001000
0100101001000100
1110101010000111
0000000000000000
1111110010100000
1110111010001000
0000000000000000
1111110010100000
1111110001001000
0000000000000000
1111110010101000
1111110000010000
0100101001011001
1110001100000101
0000000000000000
1110110000010000
0000000000000000
1111110111101000
1110110010100000
1110001100001000
0000000000000000
1111110010101000
1111110000010000
0000000000010110
1110001100001000
0100101001011001
1110101010000111
0000000000000000
1110110000010000
0000000000000000
1111110111101000
1110110010100000
1110001100001000
0000000000000001
1111110000010000
0000000000001101
1110001100001000
0000000000000101
1110010011100000
1111110000010000
0000000000001110
1110001100001000
0000000000000000
1111110010101000
1111110000010000
0000000000000010
1111110000100000
1110001100001000
0000000000000010
1111110111010000
0000000000000000
1110001100001000
0000000000001101
1111110000010000
0000000000000001
1110010011100000
1111110000010000
0000000000000100
1110001100001000
0000000000001101
1111110000010000
0000000000000010
1110010011100000
1111110000010000
0000000000000011
1110001100001000
0000000000001101
1111110000010000
0000000000000011
1110010011100000
1111110000010000
0000000000000010
1110001100001000
0000000000001101
1111110000010000
0000000000000100
1110010011100000
1111110000010000
0000000000000001
1110001100001000
0000000000001110
1111110000100000
1110101010000111
0000000000010111
1111110000010000
0000000000000000
1111110111101000
1110110010100000
1110001100001000
0000000000000000
1110110000010000
0000000000000000
1111110111101000
1110110010100000
1110001100001000
0000000000000000
1111110010101000
1111110000010000
1110110010100000
1111000111010000
0100101010101001
1110001100000001
0000000000000000
1111110010100000
1110101010001000
0100101010101100
1110101010000111
0000000000000000
1111110010100000
1110111010001000
0000000000000000
1111110010100000
1111110001001000
0000000000000000
1111110010101000
1111110000010000
0100101011001100
1110001100000101
0000000000010111
1111110000010000
0000000000000000
1111110111101000
1110110010100000
1110001100001000
0000000000000001
1110110000010000
0000000000000000
1111110111101000
1110110010100000
1110001100001000
0000000000000000
1111110010101000
1111110000010000
1110110010100000
1111000111001000
0000000000000000
1111110010101000
1111110000010000
0000000000010111
1110001100001000
0100101100010010
1110101010000111
0000000000010110
1111110000010000
0000000000000000
1111110111101000
1110110010100000
1110001100001000
0000000000000000
1110110000010000
0000000000000000
1111110111101000
1110110010100000
1110001100001000
0000000000000000
1111110010101000
1111110000010000
1110110010100000
1111000111010000
0100101011100100
1110001100000001
0000000000000000
1111110010100000
1110101010001000
0100101011100111
1110101010000111
0000000000000000
1111110010100000
1110111010001000
0000000000000000
1111110010100000
1111110001001000
0000000000000000
1111110010101000
1111110000010000
0100101100010010
1110001100000101
0000000000010110
1111110000010000
0000000000000000
1111110111101000
1110110010100000
1110001100001000
0000000000000001
1110110000010000
0000000000000000
1111110111101000
1110110010100000
1110001100001000
0000000000000000
1111110010101000
1111110000010000
1110110010100000
1111000111001000
0000000000000000
1111110010101000
1111110000010000
0000000000010110
1110001100001000
0000000000111111
1110110000010000
0000000000000000
1111110111101000
1110110010100000
1110001100001000
0000000000000000
1111110010101000
1111110000010000
0000000000010111
1110001100001000
0100101100010010
1110101010000111
0000000000100000
1110110000010000
0000000000000000
1111110111101000
1110110010100000
1110001100001000
0100101101000010
1110110000010000
0000000000000000
1111110111101000
1110110010100000
1110001100001000
0000000000000001
1111110000010000
0000000000000000
1111110111101000
1110110010100000
1110001100001000
0000000000000010
1111110000010000
0000000000000000
1111110111101000
1110110010100000
1110001100001000
0000000000000011
1111110000010000
0000000000000000
1111110111101000
1110110010100000
1110001100001000
0000000000000100
1111110000010000
0000000000000000
1111110111101000
1110110010100000
1110001100001000
0000000000000000
1111110000010000
0000000000000110
1110010011010000
0000000000000010
1110001100001000
0000000000000000
1111110000010000
0000000000000001
1110001100001000
0100001010010010
1110101010000111
0000000000000000
1111110010101000
1111110000010000
0000000000000101
1110001100001000
0000000000010111
1111110000010000
0000000000000000
1111110111101000
1110110010100000
1110001100001000
0000000000000000
1110110000010000
0000000000000000
1111110111101000
1110110010100000
1110001100001000
0000000000000000
1111110010101000
1111110000010000
1110110010100000
1111000111010000
0100101101011111
1110001100000001
0000000000000000
1111110010100000
1110101010001000
0100101101100010
1110101010000111
0000000000000000
1111110010100000
1110111010001000
0000000000000000
1111110010100000
1111110001001000
0000000000000000
1111110010101000
1111110000010000
0100101110000010
1110001100000101
0000000000010111
1111110000010000
0000000000000000
1111110111101000
1110110010100000
1110001100001000
0000000000000001
1110110000010000
0000000000000000
1111110111101000
1110110010100000
1110001100001000
0000000000000000
1111110010101000
1111110000010000
1110110010100000
1111000111001000
0000000000000000
1111110010101000
1111110000010000
0000000000010111
1110001100001000
0100101110000010
1110101010000111
0000000000000000
1110110000010000
0000000000000000
1111110111101000
1110110010100000
1110001100001000
0000000000000001
1111110000010000
0000000000001101
1110001100001000
0000000000000101
1110010011100000
1111110000010000
0000000000001110
1110001100001000
0000000000000000
1111110010101000
1111110000010000
0000000000000010
1111110000100000
1110001100001000
0000000000000010
1111110111010000
0000000000000000
1110001100001000
0000000000001101
1111110000010000
0000000000000001
1110010011100000
1111110000010000
0000000000000100
1110001100001000
0000000000001101
1111110000010000
0000000000000010
1110010011100000
1111110000010000
0000000000000011
1110001100001000
0000000000001101
1111110000010000
0000000000000011
1110010011100000
1111110000010000
0000000000000010
1110001100001000
0000000000001101
1111110000010000
0000000000000100
1110010011100000
1111110000010000
0000000000000001
1110001100001000
0000000000001110
1111110000100000
1110101010000111
0000000000000101
1110110000010000
0000000000000000
1111110111101000
1110110010100000
1110001100001000
0100101111101010
1110110000010000
0000000000000000
1111110111101000
1110110010100000
1110001100001000
0000000000000001
1111110000010000
0000000000000000
1111110111101000
1110110010100000
1110001100001000
0000000000000010
1111110000010000
0000000000000000
1111110111101000
1110110010100000
1110001100001000
0000000000000011
1111110000010000
0000000000000000
1111110111101000
1110110010100000
1110001100001000
0000000000000100
1111110000010000
0000000000000000
1111110111101000
1110110010100000
1110001100001000
0000000000000000
1111110000010000
0000000000000110
1110010011010000
0000000000000010
1110001100001000
0000000000000000
1111110000010000
0000000000000001
1110001100001000
0010010010100010
1110101010000111
0000000000000000
1111110010101000
1111110000010000
0000000000000011
1110001100001000
0000000000000010
1111110000100000
1111110000010000
0000000000000000
1111110111101000
1110110010100000
1110001100001000
0000000000000000
1111110010101000
1111110000010000
0000000000000011
1111110000100000
1110001100001000
0000000000000010
1111110111100000
1111110000010000
0000000000000000
1111110111101000
1110110010100000
1110001100001000
0000000000000000
1111110010101000
1111110000010000
0000000000000011
1111110111100000
1110001100001000
0000000000000010
1110110000010000
0000000000000010
1111000010100000
1111110000010000
0000000000000000
1111110111101000
1110110010100000
1110001100001000
0000000000000011
1110110000010000
0000000000000011
1111000010010000
0000000000001101
1110001100001000
0000000000000000
1111110010101000
1111110000010000
0000000000001101
1111110000100000
1110001100001000
0000000000000101
1110110000010000
0000000000000000
1111110111101000
1110110010100000
1110001100001000
0000000000000100
1110110000010000
0000000000000011
1111000010010000
0000000000001101
1110001100001000
0000000000000000
1111110010101000
1111110000010000
0000000000001101
1111110000100000
1110001100001000
0000000000000000
1110110000010000
0000000000000000
1111110111101000
1110110010100000
1110001100001000
0000000000000010
1110110000010000
0000000000000011
1111000010010000
0000000000001101
1110001100001000
0000000000000000
1111110010101000
1111110000010000
0000000000001101
1111110000100000
1110001100001000
0000000000000011
1111110000010000
0000000000000000
1111110111101000
1110110010100000
1110001100001000
0100110001110010
1110110000010000
0000000000000000
1111110111101000
1110110010100000
1110001100001000
0000000000000001
1111110000010000
0000000000000000
1111110111101000
1110110010100000
1110001100001000
0000000000000010
1111110000010000
0000000000000000
1111110111101000
1110110010100000
1110001100001000
0000000000000011
1111110000010000
0000000000000000
1111110111101000
1110110010100000
1110001100001000
0000000000000100
1111110000010000
0000000000000000
1111110111101000
1110110010100000
1110001100001000
0000000000000000
1111110000010000
0000000000000110
1110010011010000
0000000000000010
1110001100001000
0000000000000000
1111110000010000
0000000000000001
1110001100001000
0100110111010011
1110101010000111
0000000000000000
1111110010101000
1111110000010000
0000000000000101
1110001100001000
0000000000000011
1111110000010000
0000000000000000
1111110111101000
1110110010100000
1110001100001000
0000000000000001
1111110000010000
0000000000001101
1110001100001000
0000000000000101
1110010011100000
1111110000010000
0000000000001110
1110001100001000
0000000000000000
1111110010101000
1111110000010000
0000000000000010
1111110000100000
1110001100001000
0000000000000010
1111110111010000
0000000000000000
1110001100001000
0000000000001101
1111110000010000
0000000000000001
1110010011100000
1111110000010000
0000000000000100
1110001100001000
0000000000001101
1111110000010000
0000000000000010
1110010011100000
1111110000010000
0000000000000011
1110001100001000
0000000000001101
1111110000010000
0000000000000011
1110010011100000
1111110000010000
0000000000000010
1110001100001000
0000000000001101
1111110000010000
0000000000000100
1110010011100000
1111110000010000
0000000000000001
1110001100001000
0000000000001110
1111110000100000
1110101010000111
0000000000000010
1111110000100000
1111110000010000
0000000000000000
1111110111101000
1110110010100000
1110001100001000
0000000000000000
1111110010101000
1111110000010000
0000000000000011
1110001100001000
0000000000000011
1111110000010000
0000000000000000
1111110111101000
1110110010100000
1110001100001000
0100110011101011
1110110000010000
0000000000000000
1111110111101000
1110110010100000
1110001100001000
0000000000000001
1111110000010000
0000000000000000
1111110111101000
1110110010100000
1110001100001000
0000000000000010
1111110000010000
0000000000000000
1111110111101000
1110110010100000
1110001100001000
0000000000000011
1111110000010000
0000000000000000
1111110111101000
1110110010100000
1110001100001000
0000000000000100
1111110000010000
0000000000000000
1111110111101000
1110110010100000
1110001100001000
0000000000000000
1111110000010000
0000000000000110
1110010011010000
0000000000000010
1110001100001000
0000000000000000
1111110000010000
0000000000000001
1110001100001000
0010100001101110
1110101010000111
0000000000000000
1111110010101000
1111110000010000
0000000000000101
1110001100001000
0000000000000000
1110110000010000
0000000000000000
1111110111101000
1110110010100000
1110001100001000
0000000000000001
1111110000010000
0000000000001101
1110001100001000
0000000000000101
1110010011100000
1111110000010000
0000000000001110
1110001100001000
0000000000000000
1111110010101000
1111110000010000
0000000000000010
1111110000100000
1110001100001000
0000000000000010
1111110111010000
0000000000000000
1110001100001000
0000000000001101
1111110000010000
0000000000000001
1110010011100000
1111110000010000
0000000000000100
1110001100001000
0000000000001101
1111110000010000
0000000000000010
1110010011100000
1111110000010000
0000000000000011
1110001100001000
0000000000001101
1111110000010000
0000000000000011
1110010011100000
1111110000010000
0000000000000010
1110001100001000
0000000000001101
1111110000010000
0000000000000100
1110010011100000
1111110000010000
0000000000000001
1110001100001000
0000000000001110
1111110000100000
1110101010000111
0000000000000010
1111110000100000
1111110000010000
0000000000000000
1111110111101000
1110110010100000
1110001100001000
0000000000000000
1111110010101000
1111110000010000
0000000000000011
1110001100001000
0000000000000011
1111110000100000
1111110000010000
0000000000000000
1111110111101000
1110110010100000
1110001100001000
0000000000000011
1111110111100000
1111110000010000
0000000000000000
1111110111101000
1110110010100000
1110001100001000
0000000000000011
1111110000100000
1111110000010000
0000000000000000
1111110111101000
1110110010100000
1110001100001000
0000000000000011
1110110000010000
0000000000000011
1111000010100000
1111110000010000
0000000000000000
1111110111101000
1110110010100000
1110001100001000
0000000000000000
1111110010101000
1111110000010000
1110110010100000
1111000010001000
0000000000000011
1111110111100000
1111110000010000
0000000000000000
1111110111101000
1110110010100000
1110001100001000
0000000000000100
1110110000010000
0000000000000011
1111000010100000
1111110000010000
0000000000000000
1111110111101000
1110110010100000
1110001100001000
0000000000000000
1111110010101000
1111110000010000
1110110010100000
1111000010001000
0100110110010110
1110110000010000
0000000000000000
1111110111101000
1110110010100000
1110001100001000
0000000000000001
1111110000010000
0000000000000000
1111110111101000
1110110010100000
1110001100001000
0000000000000010
1111110000010000
0000000000000000
1111110111101000
1110110010100000
1110001100001000
0000000000000011
1111110000010000
0000000000000000
1111110111101000
1110110010100000
1110001100001000
0000000000000100
1111110000010000
0000000000000000
1111110111101000
1110110010100000
1110001100001000
0000000000000000
1111110000010000
0000000000001001
1110010011010000
0000000000000010
1110001100001000
0000000000000000
1111110000010000
0000000000000001
1110001100001000
0101110111100010
1110101010000111
0000000000000000
1111110010101000
1111110000010000
0000000000000101
1110001100001000
0000000000000000
1110110000010000
0000000000000000
1111110111101000
1110110010100000
1110001100001000
0000000000000001
1111110000010000
0000000000001101
1110001100001000
0000000000000101
1110010011100000
1111110000010000
0000000000001110
1110001100001000
0000000000000000
1111110010101000
1111110000010000
0000000000000010
1111110000100000
1110001100001000
0000000000000010
1111110111010000
0000000000000000
1110001100001000
0000000000001101
1111110000010000
0000000000000001
1110010011100000
1111110000010000
0000000000000100
1110001100001000
0000000000001101
1111110000010000
0000000000000010
1110010011100000
1111110000010000
0000000000000011
1110001100001000
0000000000001101
1111110000010000
0000000000000011
1110010011100000
1111110000010000
0000000000000010
1110001100001000
0000000000001101
1111110000010000
0000000000000100
1110010011100000
1111110000010000
0000000000000001
1110001100001000
0000000000001110
1111110000100000
1110101010000111
0000000000000010
1111110000100000
1111110000010000
0000000000000000
1111110111101000
1110110010100000
1110001100001000
0000000000000000
1111110010101000
1111110000010000
0000000000000011
1110001100001000
0000000000000000
1110110000010000
0000000000000000
1111110111101000
1110110010100000
1110001100001000
0000000000000000
1111110010100000
1111110001001000
0100111000010010
1110110000010000
0000000000000000
1111110111101000
1110110010100000
1110001100001000
0000000000000001
1111110000010000
0000000000000000
1111110111101000
1110110010100000
1110001100001000
0000000000000010
1111110000010000
0000000000000000
1111110111101000
1110110010100000
1110001100001000
0000000000000011
1111110000010000
0000000000000000
1111110111101000
1110110010100000
1110001100001000
0000000000000100
1111110000010000
0000000000000000
1111110111101000
1110110010100000
1110001100001000
0000000000000000
1111110000010000
0000000000000110
1110010011010000
0000000000000010
1110001100001000
0000000000000000
1111110000010000
0000000000000001
1110001100001000
0101010000110110
1110101010000111
0000000000000000
1111110010101000
1111110000010000
0000000000000101
1110001100001000
0000000000000011
1111110000010000
0000000000000000
1111110111101000
1110110010100000
1110001100001000
0100111001000111
1110110000010000
0000000000000000
1111110111101000
1110110010100000
1110001100001000
0000000000000001
1111110000010000
0000000000000000
1111110111101000
1110110010100000
1110001100001000
0000000000000010
1111110000010000
0000000000000000
1111110111101000
1110110010100000
1110001100001000
0000000000000011
1111110000010000
0000000000000000
1111110111101000
1110110010100000
1110001100001000
0000000000000100
1111110000010000
0000000000000000
1111110111101000
1110110010100000
1110001100001000
0000000000000000
1111110000010000
0000000000000110
1110010011010000
0000000000000010
1110001100001000
0000000000000000
1111110000010000
0000000000000001
1110001100001000
0100110100101000
1110101010000111
0000000000000000
1111110010101000
1111110000010000
0000000000000101
1110001100001000
0000000000000000
1110110000010000
0000000000000000
1111110111101000
1110110010100000
1110001100001000
0000000000000001
1111110000010000
0000000000001101
1110001100001000
0000000000000101
1110010011100000
1111110000010000
0000000000001110
1110001100001000
0000000000000000
1111110010101000
1111110000010000
0000000000000010
1111110000100000
1110001100001000
0000000000000010
1111110111010000
0000000000000000
1110001100001000
0000000000001101
1111110000010000
0000000000000001
1110010011100000
1111110000010000
0000000000000100
1110001100001000
0000000000001101
1111110000010000
0000000000000010
1110010011100000
1111110000010000
0000000000000011
1110001100001000
0000000000001101
1111110000010000
0000000000000011
1110010011100000
1111110000010000
0000000000000010
1110001100001000
0000000000001101
1111110000010000
0000000000000100
1110010011100000
1111110000010000
0000000000000001
1110001100001000
0000000000001110
1111110000100000
1110101010000111
0000000000000010
1111110000100000
1111110000010000
0000000000000000
1111110111101000
1110110010100000
1110001100001000
0000000000000000
1111110010101000
1111110000010000
0000000000000011
1110001100001000
0000000000000000
1110110000010000
0000000000000000
1111110111101000
1110110010100000
1110001100001000
0100111011000000
1110110000010000
0000000000000000
1111110111101000
1110110010100000
1110001100001000
0000000000000001
1111110000010000
0000000000000000
1111110111101000
1110110010100000
1110001100001000
0000000000000010
1111110000010000
0000000000000000
1111110111101000
1110110010100000
1110001100001000
0000000000000011
1111110000010000
0000000000000000
1111110111101000
1110110010100000
1110001100001000
0000000000000100
1111110000010000
0000000000000000
1111110111101000
1110110010100000
1110001100001000
0000000000000000
1111110000010000
0000000000000110
1110010011010000
0000000000000010
1110001100001000
0000000000000000
1111110000010000
0000000000000001
1110001100001000
0101010000110110
1110101010000111
0000000000000000
1111110010101000
1111110000010000
0000000000000101
1110001100001000
0000000000000011
1111110000010000
0000000000000000
1111110111101000
1110110010100000
1110001100001000
0100111011110101
1110110000010000
0000000000000000
1111110111101000
1110110010100000
1110001100001000
0000000000000001
1111110000010000
0000000000000000
1111110111101000
1110110010100000
1110001100001000
0000000000000010
1111110000010000
0000000000000000
1111110111101000
1110110010100000
1110001100001000
0000000000000011
1111110000010000
0000000000000000
1111110111101000
1110110010100000
1110001100001000
0000000000000100
1111110000010000
0000000000000000
1111110111101000
1110110010100000
1110001100001000
0000000000000000
1111110000010000
0000000000000110
1110010011010000
0000000000000010
1110001100001000
0000000000000000
1111110000010000
0000000000000001
1110001100001000
0100110100101000
1110101010000111
0000000000000000
1111110010101000
1111110000010000
0000000000000101
1110001100001000
0000000000000000
1110110000010000
0000000000000000
1111110111101000
1110110010100000
1110001100001000
0000000000000001
1111110000010000
0000000000001101
1110001100001000
0000000000000101
1110010011100000
1111110000010000
0000000000001110
1110001100001000
0000000000000000
1111110010101000
1111110000010000
0000000000000010
1111110000100000
1110001100001000
0000000000000010
1111110111010000
0000000000000000
1110001100001000
0000000000001101
1111110000010000
0000000000000001
1110010011100000
1111110000010000
0000000000000100
1110001100001000
0000000000001101
1111110000010000
0000000000000010
1110010011100000
1111110000010000
0000000000000011
1110001100001000
0000000000001101
1111110000010000
0000000000000011
1110010011100000
1111110000010000
0000000000000010
1110001100001000
0000000000001101
1111110000010000
0000000000000100
1110010011100000
1111110000010000
0000000000000001
1110001100001000
0000000000001110
1111110000100000
1110101010000111
0000000000000010
1111110000100000
1111110000010000
0000000000000000
1111110111101000
1110110010100000
1110001100001000
0000000000000000
1111110010101000
1111110000010000
0000000000000011
1110001100001000
0000000000000010
1111110111100000
1111110000010000
0000000000000000
1111110111101000
1110110010100000
1110001100001000
0000000000000010
1110110000010000
0000000000000011
1111000010010000
0000000000001101
1110001100001000
0000000000000000
1111110010101000
1111110000010000
0000000000001101
1111110000100000
1110001100001000
0000000000000000
1110110000010000
0000000000000000
1111110111101000
1110110010100000
1110001100001000
0000000000000001
1111110000010000
0000000000001101
1110001100001000
0000000000000101
1110010011100000
1111110000010000
0000000000001110
1110001100001000
0000000000000000
1111110010101000
1111110000010000
0000000000000010
1111110000100000
1110001100001000
0000000000000010
1111110111010000
0000000000000000
1110001100001000
0000000000001101
1111110000010000
0000000000000001
1110010011100000
1111110000010000
0000000000000100
1110001100001000
0000000000001101
1111110000010000
0000000000000010
1110010011100000
1111110000010000
0000000000000011
1110001100001000
0000000000001101
1111110000010000
0000000000000011
1110010011100000
1111110000010000
0000000000000010
1110001100001000
0000000000001101
1111110000010000
0000000000000100
1110010011100000
1111110000010000
0000000000000001
1110001100001000
0000000000001110
1111110000100000
1110101010000111
0000000000000010
1111110000100000
1111110000010000
0000000000000000
1111110111101000
1110110010100000
1110001100001000
0000000000000000
1111110010101000
1111110000010000
0000000000000011
1110001100001000
0000000000000011
1111110000100000
1111110000010000
0000000000000000
1111110111101000
1110110010100000
1110001100001000
0000000000000001
1111110000010000
0000000000001101
1110001100001000
0000000000000101
1110010011100000
1111110000010000
0000000000001110
1110001100001000
0000000000000000
1111110010101000
1111110000010000
0000000000000010
1111110000100000
1110001100001000
0000000000000010
1111110111010000
0000000000000000
1110001100001000
0000000000001101
1111110000010000
0000000000000001
1110010011100000
1111110000010000
0000000000000100
1110001100001000
0000000000001101
1111110000010000
0000000000000010
1110010011100000
1111110000010000
0000000000000011
1110001100001000
0000000000001101
1111110000010000
0000000000000011
1110010011100000
1111110000010000
0000000000000010
1110001100001000
0000000000001101
1111110000010000
0000000000000100
1110010011100000
1111110000010000
0000000000000001
1110001100001000
0000000000001110
1111110000100000
1110101010000111
0000000000000010
1111110000100000
1111110000010000
0000000000000000
1111110111101000
1110110010100000
1110001100001000
0000000000000000
1111110010101000
1111110000010000
0000000000000011
1110001100001000
0000000000000011
1111110000100000
1111110000010000
0000000000000000
1111110111101000
1110110010100000
1110001100001000
0000000000000011
1110110000010000
0000000000000011
1111000010100000
1111110000010000
0000000000000000
1111110111101000
1110110010100000
1110001100001000
0000000000000000
1111110010101000
1111110000010000
1110110010100000
1111000010001000
0000000000000001
1111110000010000
0000000000001101
1110001100001000
0000000000000101
1110010011100000
1111110000010000
0000000000001110
1110001100001000
0000000000000000
1111110010101000
1111110000010000
0000000000000010
1111110000100000
1110001100001000
0000000000000010
1111110111010000
0000000000000000
1110001100001000
0000000000001101
1111110000010000
0000000000000001
1110010011100000
1111110000010000
0000000000000100
1110001100001000
0000000000001101
1111110000010000
0000000000000010
1110010011100000
1111110000010000
0000000000000011
1110001100001000
0000000000001101
1111110000010000
0000000000000011
1110010011100000
1111110000010000
0000000000000010
1110001100001000
0000000000001101
1111110000010000
0000000000000100
1110010011100000
1111110000010000
0000000000000001
1110001100001000
0000000000001110
1111110000100000
1110101010000111
0000000000000010
1111110000100000
1111110000010000
0000000000000000
1111110111101000
1110110010100000
1110001100001000
0000000000000000
1111110010101000
1111110000010000
0000000000000011
1110001100001000
0000000000000010
1110110000010000
0000000000000011
1111000010100000
1111110000010000
0000000000000000
1111110111101000
1110110010100000
1110001100001000
0000000000000001
1110110000010000
0000000000000000
1111110111101000
1110110010100000
1110001100001000
0000000000000000
1111110010101000
1111110000010000
1110110010100000
1111000111010000
0101000001001000
1110001100000010
0000000000000000
1111110010100000
1110101010001000
0101000001001011
1110101010000111
0000000000000000
1111110010100000
1110111010001000
0000000000000000
1111110010100000
1111110001001000
0000000000000000
1111110010101000
1111110000010000
0101000100001001
1110001100000101
0000000000000011
1111110000010000
0000000000000000
1111110111101000
1110110010100000
1110001100001000
0101000010000011
1110110000010000
0000000000000000
1111110111101000
1110110010100000
1110001100001000
0000000000000001
1111110000010000
0000000000000000
1111110111101000
1110110010100000
1110001100001000
0000000000000010
1111110000010000
0000000000000000
1111110111101000
1110110010100000
1110001100001000
0000000000000011
1111110000010000
0000000000000000
1111110111101000
1110110010100000
1110001100001000
0000000000000100
1111110000010000
0000000000000000
1111110111101000
1110110010100000
1110001100001000
0000000000000000
1111110000010000
0000000000000110
1110010011010000
0000000000000010
1110001100001000
0000000000000000
1111110000010000
0000000000000001
1110001100001000
0100111010000100
1110101010000111
0000000000000000
1111110010101000
1111110000010000
0000000000000101
1110001100001000
0000000000000011
1111110000100000
1111110000010000
0000000000000000
1111110111101000
1110110010100000
1110001100001000
0000000000000100
1110110000010000
0000000000000000
1111110111101000
1110110010100000
1110001100001000
0000000000000000
1111110010101000
1111110000010000
1110110010100000
1111000111001000
0000000000000000
1111110010101000
1111110000010000
0000000000000011
1111110000100000
1110001100001000
0000000000000011
1111110000100000
1111110000010000
0000000000000000
1111110111101000
1110110010100000
1110001100001000
0000000000000000
1110110000010000
0000000000000000
1111110111101000
1110110010100000
1110001100001000
0000000000000000
1111110010101000
1111110000010000
1110110010100000
1111000111010000
0101000010111001
1110001100000100
0000000000000000
1111110010100000
1110101010001000
0101000010111100
1110101010000111
0000000000000000
1111110010100000
1110111010001000
0000000000000000
1111110010100000
1111110001001000
0000000000000000
1111110010101000
1111110000010000
0101000011010010
1110001100000101
0000000000000000
1110110000010000
0000000000000000
1111110111101000
1110110010100000
1110001100001000
0000000000000000
1111110010101000
1111110000010000
0000000000000011
1111110000100000
1110001100001000
0101000011010010
1110101010000111
0000000000000011
1111110000010000
0000000000000000
1111110111101000
1110110010100000
1110001100001000
0101000100000010
1110110000010000
0000000000000000
1111110111101000
1110110010100000
1110001100001000
0000000000000001
1111110000010000
0000000000000000
1111110111101000
1110110010100000
1110001100001000
0000000000000010
1111110000010000
0000000000000000
1111110111101000
1110110010100000
1110001100001000
0000000000000011
1111110000010000
0000000000000000
1111110111101000
1110110010100000
1110001100001000
0000000000000100
1111110000010000
0000000000000000
1111110111101000
1110110010100000
1110001100001000
0000000000000000
1111110000010000
0000000000000110
1110010011010000
0000000000000010
1110001100001000
0000000000000000
1111110000010000
0000000000000001
1110001100001000
0100110111010011
1110101010000111
0000000000000000
1111110010101000
1111110000010000
0000000000000101
1110001100001000
0101000100001001
1110101010000111
0000000000000010
1110110000010000
0000000000000011
1111000010100000
1111110000010000
0000000000000000
1111110111101000
1110110010100000
1110001100001000
0000000000000010
1110110000010000
0000000000000000
1111110111101000
1110110010100000
1110001100001000
0000000000000000
1111110010101000
1111110000010000
1110110010100000
1111000111010000
0101000100100100
1110001100000010
0000000000000000
1111110010100000
1110101010001000
0101000100100111
1110101010000111
0000000000000000
1111110010100000
1110111010001000
0000000000000000
1111110010100000
1111110001001000
0000000000000000
1111110010101000
1111110000010000
0101001000000001
1110001100000101
0000000000000011
1111110000010000
0000000000000000
1111110111101000
1110110010100000
1110001100001000
0101000101011111
1110110000010000
0000000000000000
1111110111101000
1110110010100000
1110001100001000
0000000000000001
1111110000010000
0000000000000000
1111110111101000
1110110010100000
1110001100001000
0000000000000010
1111110000010000
0000000000000000
1111110111101000
1110110010100000
1110001100001000
0000000000000011
1111110000010000
0000000000000000
1111110111101000
1110110010100000
1110001100001000
0000000000000100
1111110000010000
0000000000000000
1111110111101000
1110110010100000
1110001100001000
0000000000000000
1111110000010000
0000000000000110
1110010011010000
0000000000000010
1110001100001000
0000000000000000
1111110000010000
0000000000000001
1110001100001000
0100111010000100
1110101010000111
0000000000000000
1111110010101000
1111110000010000
0000000000000101
1110001100001000
0000000000000011
1111110000100000
1111110000010000
0000000000000000
1111110111101000
1110110010100000
1110001100001000
0000000000000100
1110110000010000
0000000000000000
1111110111101000
1110110010100000
1110001100001000
0000000000000000
1111110010101000
1111110000010000
1110110010100000
1111000010001000
0000000000000000
1111110010101000
1111110000010000
0000000000000011
1111110000100000
1110001100001000
0000000000000011
1111110000100000
1111110000010000
0000000000000000
1111110111101000
1110110010100000
1110001100001000
0000000000000011
1110110000010000
0000000000000011
1111000010100000
1111110000010000
0000000000000000
1111110111101000
1110110010100000
1110001100001000
0000000000000000
1111110010101000
1111110000010000
1110110010100000
1111000010001000
0000000111111111
1110110000010000
0000000000000000
1111110111101000
1110110010100000
1110001100001000
0000000000000000
1111110010101000
1111110000010000
1110110010100000
1111000111010000
0101000110100011
1110001100000001
0000000000000000
1111110010100000
1110101010001000
0101000110100110
1110101010000111
0000000000000000
1111110010100000
1110111010001000
0000000000000000
1111110010100000
1111110001001000
0000000000000000
1111110010101000
1111110000010000
0101000111001010
1110001100000101
0000000111111111
1110110000010000
0000000000000000
1111110111101000
1110110010100000
1110001100001000
0000000000000011
1110110000010000
0000000000000011
1111000010100000
1111110000010000
0000000000000000
1111110111101000
1110110010100000
1110001100001000
0000000000000000
1111110010101000
1111110000010000
1110110010100000
1111000111001000
0000000000000000
1111110010101000
1111110000010000
0000000000000011
1111110000100000
1110001100001000
0101000111001010
1110101010000111
0000000000000011
1111110000010000
0000000000000000
1111110111101000
1110110010100000
1110001100001000
0101000111111010
1110110000010000
0000000000000000
1111110111101000
1110110010100000
1110001100001000
0000000000000001
1111110000010000
0000000000000000
1111110111101000
1110110010100000
1110001100001000
0000000000000010
1111110000010000
0000000000000000
1111110111101000
1110110010100000
1110001100001000
0000000000000011
1111110000010000
0000000000000000
1111110111101000
1110110010100000
1110001100001000
0000000000000100
1111110000010000
0000000000000000
1111110111101000
1110110010100000
1110001100001000
0000000000000000
1111110000010000
0000000000000110
1110010011010000
0000000000000010
1110001100001000
0000000000000000
1111110000010000
0000000000000001
1110001100001000
0100110111010011
1110101010000111
0000000000000000
1111110010101000
1111110000010000
0000000000000101
1110001100001000
0101001000000001
1110101010000111
0000000000000000
1110110000010000
0000000000000000
1111110111101000
1110110010100000
1110001100001000
0000000000000001
1111110000010000
0000000000001101
1110001100001000
0000000000000101
1110010011100000
1111110000010000
0000000000001110
1110001100001000
0000000000000000
1111110010101000
1111110000010000
0000000000000010
1111110000100000
1110001100001000
0000000000000010
1111110111010000
0000000000000000
1110001100001000
0000000000001101
1111110000010000
0000000000000001
1110010011100000
1111110000010000
0000000000000100
1110001100001000
0000000000001101
1111110000010000
0000000000000010
1110010011100000
1111110000010000
0000000000000011
1110001100001000
0000000000001101
1111110000010000
0000000000000011
1110010011100000
1111110000010000
0000000000000010
1110001100001000
0000000000001101
1111110000010000
0000000000000100
1110010011100000
1111110000010000
0000000000000001
1110001100001000
0000000000001110
1111110000100000
1110101010000111
0000000000000000
1111110000100000
1110101010001000
1110110111100000
1110101010001000
1110110111100000
1110110000010000
0000000000000000
1110001100001000
0100000000000000
1110110000010000
0000000000000000
1111110111101000
1110110010100000
1110001100001000
0000000000000000
1111110010101000
1111110000010000
0000000000011001
1110001100001000
0000000000000000
1110110000010000
0000000000000000
1111110111101000
1110110010100000
1110001100001000
0000000000000000
1111110010100000
1111110001001000
0000000000000000
1111110010101000
1111110000010000
0000000000011010
1110001100001000
0000000000010000
1110110000010000
0000000000000000
1111110111101000
1110110010100000
1110001100001000
0101001010001011
1110110000010000
0000000000000000
1111110111101000
1110110010100000
1110001100001000
0000000000000001
1111110000010000
0000000000000000
1111110111101000
1110110010100000
1110001100001000
0000000000000010
1111110000010000
0000000000000000
1111110111101000
1110110010100000
1110001100001000
0000000000000011
1111110000010000
0000000000000000
1111110111101000
1110110010100000
1110001100001000
0000000000000100
1111110000010000
0000000000000000
1111110111101000
1110110010100000
1110001100001000
0000000000000000
1111110000010000
0000000000000110
1110010011010000
0000000000000010
1110001100001000
0000000000000000
1111110000010000
0000000000000001
1110001100001000
0000000000101110
1110101010000111
0000000000000000
1111110010101000
1111110000010000
0000000000011011
1110001100001000
0000000000000001
1110110000010000
0000000000000000
1111110111101000
1110110010100000
1110001100001000
0000000000000000
1111110010101000
1111110000010000
0000000000000001
1111110111100000
1110001100001000
0000000000000000
1110110000010000
0000000000000000
1111110111101000
1110110010100000
1110001100001000
0000000000000000
1111110010101000
1111110000010000
0000000000000001
1111110000100000
1110001100001000
0000000000000001
1111110000100000
1111110000010000
0000000000000000
1111110111101000
1110110010100000
1110001100001000
0000000000010000
1110110000010000
0000000000000000
1111110111101000
1110110010100000
1110001100001000
0000000000000000
1111110010101000
1111110000010000
1110110010100000
1111000111010000
0101001011000001
1110001100000100
0000000000000000
1111110010100000
1110101010001000
0101001011000100
1110101010000111
0000000000000000
1111110010100000
1110111010001000
0000000000000000
1111110010100000
1111110001001000
0000000000000000
1111110010101000
1111110000010000
0101001100101110
1110001100000101
0000000000011011
1111110000010000
0000000000000000
1111110111101000
1110110010100000
1110001100001000
0000000000000001
1111110000100000
1111110000010000
0000000000000000
1111110111101000
1110110010100000
1110001100001000
0000000000000000
1111110010101000
1111110000010000
1110110010100000
1111000010001000
0000000000000001
1111110111100000
1111110000010000
0000000000000000
1111110111101000
1110110010100000
1110001100001000
0000000000000000
1111110010101000
1111110000010000
0000000000000101
1110001100001000
0000000000000000
1111110010101000
1111110000010000
0000000000000100
1110001100001000
0000000000000101
1111110000010000
0000000000000000
1111110111101000
1110110010100000
1110001100001000
0000000000000000
1111110010101000
1111110000010000
0000000000000100
1111110000100000
1110001100001000
0000000000000001
1111110111100000
1111110000010000
0000000000000000
1111110111101000
1110110010100000
1110001100001000
0000000000000001
1111110111100000
1111110000010000
0000000000000000
1111110111101000
1110110010100000
1110001100001000
0000000000000000
1111110010101000
1111110000010000
1110110010100000
1111000010001000
0000000000000000
1111110010101000
1111110000010000
0000000000000001
1111110111100000
1110001100001000
0000000000000001
1111110000100000
1111110000010000
0000000000000000
1111110111101000
1110110010100000
1110001100001000
0000000000000001
1110110000010000
0000000000000000
1111110111101000
1110110010100000
1110001100001000
0000000000000000
1111110010101000
1111110000010000
1110110010100000
1111000010001000
0000000000000000
1111110010101000
1111110000010000
0000000000000001
1111110000100000
1110001100001000
0101001010101000
1110101010000111
0000000000000000
1110110000010000
0000000000000000
1111110111101000
1110110010100000
1110001100001000
0000000000000001
1111110000010000
0000000000001101
1110001100001000
0000000000000101
1110010011100000
1111110000010000
0000000000001110
1110001100001000
0000000000000000
1111110010101000
1111110000010000
0000000000000010
1111110000100000
1110001100001000
0000000000000010
1111110111010000
0000000000000000
1110001100001000
0000000000001101
1111110000010000
0000000000000001
1110010011100000
1111110000010000
0000000000000100
1110001100001000
0000000000001101
1111110000010000
0000000000000010
1110010011100000
1111110000010000
0000000000000011
1110001100001000
0000000000001101
1111110000010000
0000000000000011
1110010011100000
1111110000010000
0000000000000010
1110001100001000
0000000000001101
1111110000010000
0000000000000100
1110010011100000
1111110000010000
0000000000000001
1110001100001000
0000000000001110
1111110000100000
1110101010000111
0000000000000000
1111110000100000
1110101010001000
1110110111100000
1110110000010000
0000000000000000
1110001100001000
0000000000000000
1110110000010000
0000000000000000
1111110111101000
1110110010100000
1110001100001000
0000000000000000
1111110010101000
1111110000010000
0000000000000001
1111110000100000
1110001100001000
0000000000000001
1111110000100000
1111110000010000
0000000000000000
1111110111101000
1110110010100000
1110001100001000
0010000000000000
1110110000010000
0000000000000000
1111110111101000
1110110010100000
1110001100001000
0000000000000000
1111110010101000
1111110000010000
1110110010100000
1111000111010000
0101001110010010
1110001100000100
0000000000000000
1111110010100000
1110101010001000
0101001110010101
1110101010000111
0000000000000000
1111110010100000
1110111010001000
0000000000000000
1111110010100000
1111110001001000
0000000000000000
1111110010101000
1111110000010000
0101001111111110
1110001100000101
0000000000011001
1111110000010000
0000000000000000
1111110111101000
1110110010100000
1110001100001000
0000000000000001
1111110000100000
1111110000010000
0000000000000000
1111110111101000
1110110010100000
1110001100001000
0000000000000000
1111110010101000
1111110000010000
1110110010100000
1111000010001000
0000000000000000
1110110000010000
0000000000000000
1111110111101000
1110110010100000
1110001100001000
0101001111011111
1110110000010000
0000000000000000
1111110111101000
1110110010100000
1110001100001000
0000000000000001
1111110000010000
0000000000000000
1111110111101000
1110110010100000
1110001100001000
0000000000000010
1111110000010000
0000000000000000
1111110111101000
1110110010100000
1110001100001000
0000000000000011
1111110000010000
0000000000000000
1111110111101000
1110110010100000
1110001100001000
0000000000000100
1111110000010000
0000000000000000
1111110111101000
1110110010100000
1110001100001000
0000000000000000
1111110000010000
0000000000000111
1110010011010000
0000000000000010
1110001100001000
0000000000000000
1111110000010000
0000000000000001
1110001100001000
0010010000100111
1110101010000111
0000000000000000
1111110010101000
1111110000010000
0000000000000101
1110001100001000
0000000000000001
1111110000100000
1111110000010000
0000000000000000
1111110111101000
1110110010100000
1110001100001000
0000000000000001
1110110000010000
0000000000000000
1111110111101000
1110110010100000
1110001100001000
0000000000000000
1111110010101000
1111110000010000
1110110010100000
1111000010001000
0000000000000000
1111110010101000
1111110000010000
0000000000000001
1111110000100000
1110001100001000
0101001101111001
1110101010000111
0000000000000000
1110110000010000
0000000000000000
1111110111101000
1110110010100000
1110001100001000
0000000000000001
1111110000010000
0000000000001101
1110001100001000
0000000000000101
1110010011100000
1111110000010000
0000000000001110
1110001100001000
0000000000000000
1111110010101000
1111110000010000
0000000000000010
1111110000100000
1110001100001000
0000000000000010
1111110111010000
0000000000000000
1110001100001000
0000000000001101
1111110000010000
0000000000000001
1110010011100000
1111110000010000
0000000000000100
1110001100001000
0000000000001101
1111110000010000
0000000000000010
1110010011100000
1111110000010000
0000000000000011
1110001100001000
0000000000001101
1111110000010000
0000000000000011
1110010011100000
1111110000010000
0000000000000010
1110001100001000
0000000000001101
1111110000010000
0000000000000100
1110010011100000
1111110000010000
0000000000000001
1110001100001000
0000000000001110
1111110000100000
1110101010000111
0000000000000010
1111110000100000
1111110000010000
0000000000000000
1111110111101000
1110110010100000
1110001100001000
0000000000000000
1111110010101000
1111110000010000
0000000000011010
1110001100001000
0000000000000000
1110110000010000
0000000000000000
1111110111101000
1110110010100000
1110001100001000
0000000000000001
1111110000010000
0000000000001101
1110001100001000
0000000000000101
1110010011100000
1111110000010000
0000000000001110
1110001100001000
0000000000000000
1111110010101000
1111110000010000
0000000000000010
1111110000100000
1110001100001000
0000000000000010
1111110111010000
0000000000000000
1110001100001000
0000000000001101
1111110000010000
0000000000000001
1110010011100000
1111110000010000
0000000000000100
1110001100001000
0000000000001101
1111110000010000
0000000000000010
1110010011100000
1111110000010000
0000000000000011
1110001100001000
0000000000001101
1111110000010000
0000000000000011
1110010011100000
1111110000010000
0000000000000010
1110001100001000
0000000000001101
1111110000010000
0000000000000100
1110010011100000
1111110000010000
0000000000000001
1110001100001000
0000000000001110
1111110000100000
1110101010000111
0000000000000000
1111110000100000
1110101010001000
1110110111100000
1110101010001000
1110110111100000
1110101010001000
1110110111100000
1110101010001000
1110110111100000
1110101010001000
1110110111100000
1110101010001000
1110110111100000
1110101010001000
1110110111100000
1110110000010000
0000000000000000
1110001100001000
0000000000000000
1110110000010000
0000000000000000
1111110111101000
1110110010100000
1110001100001000
0000000000000010
1110110000010000
0000000000000001
1111000010010000
0000000000001101
1110001100001000
0000000000000000
1111110010101000
1111110000010000
0000000000001101
1111110000100000
1110001100001000
0000000000000010
1111110000100000
1111110000010000
0000000000000000
1111110111101000
1110110010100000
1110001100001000
0000000000000011
1110110000010000
0000000000000001
1111000010010000
0000000000001101
1110001100001000
0000000000000000
1111110010101000
1111110000010000
0000000000001101
1111110000100000
1110001100001000
0000000000000011
1110110000010000
0000000000000001
1111000010100000
1111110000010000
0000000000000000
1111110111101000
1110110010100000
1110001100001000
0000000000001111
1110110000010000
0000000000000000
1111110111101000
1110110010100000
1110001100001000
0000000000000000
1111110010101000
1111110000010000
1110110010100000
1111000111010000
0101010011001101
1110001100000001
0000000000000000
1111110010100000
1110101010001000
0101010011010000
1110101010000111
0000000000000000
1111110010100000
1110111010001000
0000000000000000
1111110010100000
1111110001001000
0000000000000000
1111110010101000
1111110000010000
0101010100011010
1110001100000101
0000000000000011
1110110000010000
0000000000000001
1111000010100000
1111110000010000
0000000000000000
1111110111101000
1110110010100000
1110001100001000
0000000000010000
1110110000010000
0000000000000000
1111110111101000
1110110010100000
1110001100001000
0000000000000000
1111110010101000
1111110000010000
1110110010100000
1111000111001000
0000000000000011
1110110000010000
0000000000000001
1111000010010000
0000000000001101
1110001100001000
0000000000000000
1111110010101000
1111110000010000
0000000000001101
1111110000100000
1110001100001000
0000000000000010
1110110000010000
0000000000000001
1111000010100000
1111110000010000
0000000000000000
1111110111101000
1110110010100000
1110001100001000
0000000000000001
1110110000010000
0000000000000000
1111110111101000
1110110010100000
1110001100001000
0000000000000000
1111110010101000
1111110000010000
1110110010100000
1111000010001000
0000000000000010
1110110000010000
0000000000000001
1111000010010000
0000000000001101
1110001100001000
0000000000000000
1111110010101000
1111110000010000
0000000000001101
1111110000100000
1110001100001000
0101010010110010
1110101010000111
0000000000000010
1111110111100000
1111110000010000
0000000000000000
1111110111101000
1110110010100000
1110001100001000
0000000000000110
1110110000010000
0000000000000001
1111000010010000
0000000000001101
1110001100001000
0000000000000000
1111110010101000
1111110000010000
0000000000001101
1111110000100000
1110001100001000
0000000000000110
1110110000010000
0000000000000001
1111000010100000
1111110000010000
0000000000000000
1111110111101000
1110110010100000
1110001100001000
0000000000000110
1110110000010000
0000000000000001
1111000010100000
1111110000010000
0000000000000000
1111110111101000
1110110010100000
1110001100001000
0000000000000000
1111110010101000
1111110000010000
1110110010100000
1111000010001000
0000000000000110
1110110000010000
0000000000000001
1111000010010000
0000000000001101
1110001100001000
0000000000000000
1111110010101000
1111110000010000
0000000000001101
1111110000100000
1110001100001000
0000000000000110
1110110000010000
0000000000000001
1111000010100000
1111110000010000
0000000000000000
1111110111101000
1110110010100000
1110001100001000
0000000000000110
1110110000010000
0000000000000001
1111000010100000
1111110000010000
0000000000000000
1111110111101000
1110110010100000
1110001100001000
0000000000000000
1111110010101000
1111110000010000
1110110010100000
1111000010001000
0000000000000110
1110110000010000
0000000000000001
1111000010010000
0000000000001101
1110001100001000
0000000000000000
1111110010101000
1111110000010000
0000000000001101
1111110000100000
1110001100001000
0000000000000110
1110110000010000
0000000000000001
1111000010100000
1111110000010000
0000000000000000
1111110111101000
1110110010100000
1110001100001000
0000000000000110
1110110000010000
0000000000000001
1111000010100000
1111110000010000
0000000000000000
1111110111101000
1110110010100000
1110001100001000
0000000000000000
1111110010101000
1111110000010000
1110110010100000
1111000010001000
0000000000000110
1110110000010000
0000000000000001
1111000010010000
0000000000001101
1110001100001000
0000000000000000
1111110010101000
1111110000010000
0000000000001101
1111110000100000
1110001100001000
0000000000000110
1110110000010000
0000000000000001
1111000010100000
1111110000010000
0000000000000000
1111110111101000
1110110010100000
1110001100001000
0000000000000110
1110110000010000
0000000000000001
1111000010100000
1111110000010000
0000000000000000
1111110111101000
1110110010100000
1110001100001000
0000000000000000
1111110010101000
1111110000010000
1110110010100000
1111000010001000
0000000000000110
1110110000010000
0000000000000001
1111000010010000
0000000000001101
1110001100001000
0000000000000000
1111110010101000
1111110000010000
0000000000001101
1111110000100000
1110001100001000
0000000000000110
1110110000010000
0000000000000001
1111000010100000
1111110000010000
0000000000000000
1111110111101000
1110110010100000
1110001100001000
0000000000000110
1110110000010000
0000000000000001
1111000010100000
1111110000010000
0000000000000000
1111110111101000
1110110010100000
1110001100001000
0000000000000000
1111110010101000
1111110000010000
1110110010100000
1111000010001000
0000000000000110
1110110000010000
0000000000000001
1111000010010000
0000000000001101
1110001100001000
0000000000000000
1111110010101000
1111110000010000
0000000000001101
1111110000100000
1110001100001000
0000000000000110
1110110000010000
0000000000000001
1111000010100000
1111110000010000
0000000000000000
1111110111101000
1110110010100000
1110001100001000
0000000000000010
1110110000010000
0000000000000001
1111000010100000
1111110000010000
0000000000000000
1111110111101000
1110110010100000
1110001100001000
0000000000000000
1111110010101000
1111110000010000
1110110010100000
1111000010001000
0000000000000000
1111110010101000
1111110000010000
0000000000000001
1111110111100000
1110001100001000
0000000000011001
1111110000010000
0000000000000000
1111110111101000
1110110010100000
1110001100001000
0000000000000001
1111110111100000
1111110000010000
0000000000000000
1111110111101000
1110110010100000
1110001100001000
0000000000000000
1111110010101000
1111110000010000
1110110010100000
1111000010001000
0000000000000000
1111110010101000
1111110000010000
0000000000000001
1111110000100000
1110001100001000
0000000000011011
1111110000010000
0000000000000000
1111110111101000
1110110010100000
1110001100001000
0000000000000011
1110110000010000
0000000000000001
1111000010100000
1111110000010000
0000000000000000
1111110111101000
1110110010100000
1110001100001000
0000000000000000
1111110010101000
1111110000010000
1110110010100000
1111000010001000
0000000000000000
1111110010101000
1111110000010000
0000000000000100
1110001100001000
0000000000000100
1111110000100000
1111110000010000
0000000000000000
1111110111101000
1110110010100000
1110001100001000
0000000000000101
1110110000010000
0000000000000001
1111000010010000
0000000000001101
1110001100001000
0000000000000000
1111110010101000
1111110000010000
0000000000001101
1111110000100000
1110001100001000
0000000000000001
1111110000100000
1111110000010000
0000000000000000
1111110111101000
1110110010100000
1110001100001000
0101011001101110
1110110000010000
0000000000000000
1111110111101000
1110110010100000
1110001100001000
0000000000000001
1111110000010000
0000000000000000
1111110111101000
1110110010100000
1110001100001000
0000000000000010
1111110000010000
0000000000000000
1111110111101000
1110110010100000
1110001100001000
0000000000000011
1111110000010000
0000000000000000
1111110111101000
1110110010100000
1110001100001000
0000000000000100
1111110000010000
0000000000000000
1111110111101000
1110110010100000
1110001100001000
0000000000000000
1111110000010000
0000000000000110
1110010011010000
0000000000000010
1110001100001000
0000000000000000
1111110000010000
0000000000000001
1110001100001000
0010001111000011
1110101010000111
0000000000000100
1110110000010000
0000000000000001
1111000010010000
0000000000001101
1110001100001000
0000000000000000
1111110010101000
1111110000010000
0000000000001101
1111110000100000
1110001100001000
0000000000011010
1111110000010000
0000000000000000
1111110111101000
1110110010100000
1110001100001000
0000000000000000
1111110010100000
1111110001001000
0000000000000000
1111110010101000
1111110000010000
0101011010101101
1110001100000101
0000000000000100
1110110000010000
0000000000000001
1111000010100000
1111110000010000
0000000000000000
1111110111101000
1110110010100000
1110001100001000
0000000000000101
1110110000010000
0000000000000001
1111000010100000
1111110000010000
0000000000000000
1111110111101000
1110110010100000
1110001100001000
0000000000000000
1111110010101000
1111110000010000
1110110010100000
1111010101001000
0000000000000100
1110110000010000
0000000000000001
1111000010010000
0000000000001101
1110001100001000
0000000000000000
1111110010101000
1111110000010000
0000000000001101
1111110000100000
1110001100001000
0101011011010011
1110101010000111
0000000000000100
1110110000010000
0000000000000001
1111000010100000
1111110000010000
0000000000000000
1111110111101000
1110110010100000
1110001100001000
0000000000000101
1110110000010000
0000000000000001
1111000010100000
1111110000010000
0000000000000000
1111110111101000
1110110010100000
1110001100001000
0000000000000000
1111110010100000
1111110001001000
0000000000000000
1111110010101000
1111110000010000
1110110010100000
1111000000001000
0000000000000100
1110110000010000
0000000000000001
1111000010010000
0000000000001101
1110001100001000
0000000000000000
1111110010101000
1111110000010000
0000000000001101
1111110000100000
1110001100001000
0000000000000001
1111110000100000
1111110000010000
0000000000000000
1111110111101000
1110110010100000
1110001100001000
0000000000000100
1110110000010000
0000000000000001
1111000010100000
1111110000010000
0000000000000000
1111110111101000
1110110010100000
1110001100001000
0101011100001101
1110110000010000
0000000000000000
1111110111101000
1110110010100000
1110001100001000
0000000000000001
1111110000010000
0000000000000000
1111110111101000
1110110010100000
1110001100001000
0000000000000010
1111110000010000
0000000000000000
1111110111101000
1110110010100000
1110001100001000
0000000000000011
1111110000010000
0000000000000000
1111110111101000
1110110010100000
1110001100001000
0000000000000100
1111110000010000
0000000000000000
1111110111101000
1110110010100000
1110001100001000
0000000000000000
1111110000010000
0000000000000111
1110010011010000
0000000000000010
1110001100001000
0000000000000000
1111110000010000
0000000000000001
1110001100001000
0010010000100111
1110101010000111
0000000000000000
1111110010101000
1111110000010000
0000000000000101
1110001100001000
0000000000000000
1110110000010000
0000000000000000
1111110111101000
1110110010100000
1110001100001000
0000000000000001
1111110000010000
0000000000001101
1110001100001000
0000000000000101
1110010011100000
1111110000010000
0000000000001110
1110001100001000
0000000000000000
1111110010101000
1111110000010000
0000000000000010
1111110000100000
1110001100001000
0000000000000010
1111110111010000
0000000000000000
1110001100001000
0000000000001101
1111110000010000
0000000000000001
1110010011100000
1111110000010000
0000000000000100
1110001100001000
0000000000001101
1111110000010000
0000000000000010
1110010011100000
1111110000010000
0000000000000011
1110001100001000
0000000000001101
1111110000010000
0000000000000011
1110010011100000
1111110000010000
0000000000000010
1110001100001000
0000000000001101
1111110000010000
0000000000000100
1110010011100000
1111110000010000
0000000000000001
1110001100001000
0000000000001110
1111110000100000
1110101010000111
0000000000000000
1111110000100000
1110101010001000
1110110111100000
1110101010001000
1110110111100000
1110101010001000
1110110111100000
1110101010001000
1110110111100000
1110101010001000
1110110111100000
1110101010001000
1110110111100000
1110101010001000
1110110111100000
1110101010001000
1110110111100000
1110110000010000
0000000000000000
1110001100001000
0000000000000010
1111110111100000
1111110000010000
0000000000000000
1111110111101000
1110110010100000
1110001100001000
0000000000000011
1110110000010000
0000000000000010
1111000010100000
1111110000010000
0000000000000000
1111110111101000
1110110010100000
1110001100001000
0000000000000000
1111110010101000
1111110000010000
1110110010100000
1111000111010000
0101011101111011
1110001100000010
0000000000000000
1111110010100000
1110101010001000
0101011101111110
1110101010000111
0000000000000000
1111110010100000
1110111010001000
0000000000000000
1111110010100000
1111110001001000
0000000000000000
1111110010101000
1111110000010000
0101100010101110
1110001100000101
0000000000000010
1111110000100000
1111110000010000
0000000000000000
1111110111101000
1110110010100000
1110001100001000
0000000000000010
1110110000010000
0000000000000010
1111000010100000
1111110000010000
0000000000000000
1111110111101000
1110110010100000
1110001100001000
0000000000000000
1111110010101000
1111110000010000
1110110010100000
1111000111010000
0101011110100010
1110001100000001
0000000000000000
1111110010100000
1110101010001000
0101011110100101
1110101010000111
0000000000000000
1111110010100000
1110111010001000
0000000000000000
1111110010100000
1111110001001000
0000000000000000
1111110010101000
1111110000010000
0101011111100110
1110001100000101
0000000000000010
1111110000100000
1111110000010000
0000000000000000
1111110111101000
1110110010100000
1110001100001000
0000000000000111
1110110000010000
0000000000000001
1111000010010000
0000000000001101
1110001100001000
0000000000000000
1111110010101000
1111110000010000
0000000000001101
1111110000100000
1110001100001000
0000000000000010
1110110000010000
0000000000000010
1111000010100000
1111110000010000
0000000000000000
1111110111101000
1110110010100000
1110001100001000
0000000000000000
1111110010101000
1111110000010000
0000000000000010
1111110000100000
1110001100001000
0000000000000111
1110110000010000
0000000000000001
1111000010100000
1111110000010000
0000000000000000
1111110111101000
1110110010100000
1110001100001000
0000000000000010
1110110000010000
0000000000000010
1111000010010000
0000000000001101
1110001100001000
0000000000000000
1111110010101000
1111110000010000
0000000000001101
1111110000100000
1110001100001000
0101011111100110
1110101010000111
0000000000000010
1111110000100000
1111110000010000
0000000000000000
1111110111101000
1110110010100000
1110001100001000
0000000000000000
1111110010101000
1111110000010000
0000000000000001
1111110000100000
1110001100001000
0000000000000001
1111110000100000
1111110000010000
0000000000000000
1111110111101000
1110110010100000
1110001100001000
0000000000000010
1110110000010000
0000000000000010
1111000010100000
1111110000010000
0000000000000000
1111110111101000
1110110010100000
1110001100001000
0000000000000000
1111110010101000
1111110000010000
1110110010100000
1111000111010000
0101100000001111
1110001100000001
0000000000000000
1111110010100000
1110101010001000
0101100000010010
1110101010000111
0000000000000000
1111110010100000
1110111010001000
0000000000000000
1111110010100000
1111110001001000
0000000000000000
1111110010100000
1111110001001000
0000000000000000
1111110010101000
1111110000010000
0101100001110100
1110001100000101
0000000000000001
1111110000100000
1111110000010000
0000000000000000
1111110111101000
1110110010100000
1110001100001000
0000000000000010
1111110111100000
1111110000010000
0000000000000000
1111110111101000
1110110010100000
1110001100001000
0101100001010101
1110110000010000
0000000000000000
1111110111101000
1110110010100000
1110001100001000
0000000000000001
1111110000010000
0000000000000000
1111110111101000
1110110010100000
1110001100001000
0000000000000010
1111110000010000
0000000000000000
1111110111101000
1110110010100000
1110001100001000
0000000000000011
1111110000010000
0000000000000000
1111110111101000
1110110010100000
1110001100001000
0000000000000100
1111110000010000
0000000000000000
1111110111101000
1110110010100000
1110001100001000
0000000000000000
1111110000010000
0000000000000111
1110010011010000
0000000000000010
1110001100001000
0000000000000000
1111110000010000
0000000000000001
1110001100001000
0101010001111010
1110101010000111
0000000000000000
1111110010101000
1111110000010000
0000000000000101
1110001100001000
0000000000000001
1111110000100000
1111110000010000
0000000000000000
1111110111101000
1110110010100000
1110001100001000
0000000000000001
1110110000010000
0000000000000000
1111110111101000
1110110010100000
1110001100001000
0000000000000000
1111110010101000
1111110000010000
1110110010100000
1111000010001000
0000000000000000
1111110010101000
1111110000010000
0000000000000001
1111110000100000
1110001100001000
0101011111110011
1110101010000111
0000000000000000
1110110000010000
0000000000000000
1111110111101000
1110110010100000
1110001100001000
0000000000000001
1111110000010000
0000000000001101
1110001100001000
0000000000000101
1110010011100000
1111110000010000
0000000000001110
1110001100001000
0000000000000000
1111110010101000
1111110000010000
0000000000000010
1111110000100000
1110001100001000
0000000000000010
1111110111010000
0000000000000000
1110001100001000
0000000000001101
1111110000010000
0000000000000001
1110010011100000
1111110000010000
0000000000000100
1110001100001000
0000000000001101
1111110000010000
0000000000000010
1110010011100000
1111110000010000
0000000000000011
1110001100001000
0000000000001101
1111110000010000
0000000000000011
1110010011100000
1111110000010000
0000000000000010
1110001100001000
0000000000001101
1111110000010000
0000000000000100
1110010011100000
1111110000010000
0000000000000001
1110001100001000
0000000000001110
1111110000100000
1110101010000111
0101100010101110
1110101010000111
0000000000000010
1111110000100000
1111110000010000
0000000000000000
1111110111101000
1110110010100000
1110001100001000
0000000000000010
1110110000010000
0000000000000010
1111000010100000
1111110000010000
0000000000000000
1111110111101000
1110110010100000
1110001100001000
0000000000000000
1111110010101000
1111110000010000
1110110010100000
1111000111010000
0101100011001010
1110001100000010
0000000000000000
1111110010100000
1110101010001000
0101100011001101
1110101010000111
0000000000000000
1111110010100000
1110111010001000
0000000000000000
1111110010100000
1111110001001000
0000000000000000
1111110010101000
1111110000010000
0101100111111101
1110001100000101
0000000000000010
1111110111100000
1111110000010000
0000000000000000
1111110111101000
1110110010100000
1110001100001000
0000000000000011
1110110000010000
0000000000000010
1111000010100000
1111110000010000
0000000000000000
1111110111101000
1110110010100000
1110001100001000
0000000000000000
1111110010101000
1111110000010000
1110110010100000
1111000111010000
0101100011110001
1110001100000001
0000000000000000
1111110010100000
1110101010001000
0101100011110100
1110101010000111
0000000000000000
1111110010100000
1110111010001000
0000000000000000
1111110010100000
1111110001001000
0000000000000000
1111110010101000
1111110000010000
0101100100110101
1110001100000101
0000000000000010
1111110111100000
1111110000010000
0000000000000000
1111110111101000
1110110010100000
1110001100001000
0000000000000111
1110110000010000
0000000000000001
1111000010010000
0000000000001101
1110001100001000
0000000000000000
1111110010101000
1111110000010000
0000000000001101
1111110000100000
1110001100001000
0000000000000011
1110110000010000
0000000000000010
1111000010100000
1111110000010000
0000000000000000
1111110111101000
1110110010100000
1110001100001000
0000000000000000
1111110010101000
1111110000010000
0000000000000010
1111110111100000
1110001100001000
0000000000000111
1110110000010000
0000000000000001
1111000010100000
1111110000010000
0000000000000000
1111110111101000
1110110010100000
1110001100001000
0000000000000011
1110110000010000
0000000000000010
1111000010010000
0000000000001101
1110001100001000
0000000000000000
1111110010101000
1111110000010000
0000000000001101
1111110000100000
1110001100001000
0101100100110101
1110101010000111
0000000000000010
1111110111100000
1111110000010000
0000000000000000
1111110111101000
1110110010100000
1110001100001000
0000000000000000
1111110010101000
1111110000010000
0000000000000001
1111110111100000
1110001100001000
0000000000000001
1111110111100000
1111110000010000
0000000000000000
1111110111101000
1110110010100000
1110001100001000
0000000000000011
1110110000010000
0000000000000010
1111000010100000
1111110000010000
0000000000000000
1111110111101000
1110110010100000
1110001100001000
0000000000000000
1111110010101000
1111110000010000
1110110010100000
1111000111010000
0101100101011110
1110001100000001
0000000000000000
1111110010100000
1110101010001000
0101100101100001
1110101010000111
0000000000000000
1111110010100000
1110111010001000
0000000000000000
1111110010100000
1111110001001000
0000000000000000
1111110010100000
1111110001001000
0000000000000000
1111110010101000
1111110000010000
0101100111000011
1110001100000101
0000000000000010
1111110000100000
1111110000010000
0000000000000000
1111110111101000
1110110010100000
1110001100001000
0000000000000001
1111110111100000
1111110000010000
0000000000000000
1111110111101000
1110110010100000
1110001100001000
0101100110100100
1110110000010000
0000000000000000
1111110111101000
1110110010100000
1110001100001000
0000000000000001
1111110000010000
0000000000000000
1111110111101000
1110110010100000
1110001100001000
0000000000000010
1111110000010000
0000000000000000
1111110111101000
1110110010100000
1110001100001000
0000000000000011
1111110000010000
0000000000000000
1111110111101000
1110110010100000
1110001100001000
0000000000000100
1111110000010000
0000000000000000
1111110111101000
1110110010100000
1110001100001000
0000000000000000
1111110000010000
0000000000000111
1110010011010000
0000000000000010
1110001100001000
0000000000000000
1111110000010000
0000000000000001
1110001100001000
0101010001111010
1110101010000111
0000000000000000
1111110010101000
1111110000010000
0000000000000101
1110001100001000
0000000000000001
1111110111100000
1111110000010000
0000000000000000
1111110111101000
1110110010100000
1110001100001000
0000000000000001
1110110000010000
0000000000000000
1111110111101000
1110110010100000
1110001100001000
0000000000000000
1111110010101000
1111110000010000
1110110010100000
1111000010001000
0000000000000000
1111110010101000
1111110000010000
0000000000000001
1111110111100000
1110001100001000
0101100101000010
1110101010000111
0000000000000000
1110110000010000
0000000000000000
1111110111101000
1110110010100000
1110001100001000
0000000000000001
1111110000010000
0000000000001101
1110001100001000
0000000000000101
1110010011100000
1111110000010000
0000000000001110
1110001100001000
0000000000000000
1111110010101000
1111110000010000
0000000000000010
1111110000100000
1110001100001000
0000000000000010
1111110111010000
0000000000000000
1110001100001000
0000000000001101
1111110000010000
0000000000000001
1110010011100000
1111110000010000
0000000000000100
1110001100001000
0000000000001101
1111110000010000
0000000000000010
1110010011100000
1111110000010000
0000000000000011
1110001100001000
0000000000001101
1111110000010000
0000000000000011
1110010011100000
1111110000010000
0000000000000010
1110001100001000
0000000000001101
1111110000010000
0000000000000100
1110010011100000
1111110000010000
0000000000000001
1110001100001000
0000000000001110
1111110000100000
1110101010000111
0101100111111101
1110101010000111
0000000000000010
1110110000010000
0000000000000010
1111000010100000
1111110000010000
0000000000000000
1111110111101000
1110110010100000
1110001100001000
0000000000000010
1111110000100000
1111110000010000
0000000000000000
1111110111101000
1110110010100000
1110001100001000
0000000000000000
1111110010101000
1111110000010000
1110110010100000
1111000111001000
0101101000111100
1110110000010000
0000000000000000
1111110111101000
1110110010100000
1110001100001000
0000000000000001
1111110000010000
0000000000000000
1111110111101000
1110110010100000
1110001100001000
0000000000000010
1111110000010000
0000000000000000
1111110111101000
1110110010100000
1110001100001000
0000000000000011
1111110000010000
0000000000000000
1111110111101000
1110110010100000
1110001100001000
0000000000000100
1111110000010000
0000000000000000
1111110111101000
1110110010100000
1110001100001000
0000000000000000
1111110000010000
0000000000000110
1110010011010000
0000000000000010
1110001100001000
0000000000000000
1111110000010000
0000000000000001
1110001100001000
0001100111011111
1110101010000111
0000000000000010
1110110000010000
0000000000000001
1111000010010000
0000000000001101
1110001100001000
0000000000000000
1111110010101000
1111110000010000
0000000000001101
1111110000100000
1110001100001000
0000000000000011
1110110000010000
0000000000000010
1111000010100000
1111110000010000
0000000000000000
1111110111101000
1110110010100000
1110001100001000
0000000000000010
1111110111100000
1111110000010000
0000000000000000
1111110111101000
1110110010100000
1110001100001000
0000000000000000
1111110010101000
1111110000010000
1110110010100000
1111000111001000
0101101010000111
1110110000010000
0000000000000000
1111110111101000
1110110010100000
1110001100001000
0000000000000001
1111110000010000
0000000000000000
1111110111101000
1110110010100000
1110001100001000
0000000000000010
1111110000010000
0000000000000000
1111110111101000
1110110010100000
1110001100001000
0000000000000011
1111110000010000
0000000000000000
1111110111101000
1110110010100000
1110001100001000
0000000000000100
1111110000010000
0000000000000000
1111110111101000
1110110010100000
1110001100001000
0000000000000000
1111110000010000
0000000000000110
1110010011010000
0000000000000010
1110001100001000
0000000000000000
1111110000010000
0000000000000001
1110001100001000
0001100111011111
1110101010000111
0000000000000011
1110110000010000
0000000000000001
1111000010010000
0000000000001101
1110001100001000
0000000000000000
1111110010101000
1111110000010000
0000000000001101
1111110000100000
1110001100001000
0000000000000000
1110110000010000
0000000000000000
1111110111101000
1110110010100000
1110001100001000
0000000000000101
1110110000010000
0000000000000001
1111000010010000
0000000000001101
1110001100001000
0000000000000000
1111110010101000
1111110000010000
0000000000001101
1111110000100000
1110001100001000
0000000000000000
1110110000010000
0000000000000000
1111110111101000
1110110010100000
1110001100001000
0000000000000110
1110110000010000
0000000000000001
1111000010010000
0000000000001101
1110001100001000
0000000000000000
1111110010101000
1111110000010000
0000000000001101
1111110000100000
1110001100001000
0000000000000000
1110110000010000
0000000000000000
1111110111101000
1110110010100000
1110001100001000
0000000000000100
1110110000010000
0000000000000001
1111000010010000
0000000000001101
1110001100001000
0000000000000000
1111110010101000
1111110000010000
0000000000001101
1111110000100000
1110001100001000
0000000000000101
1110110000010000
0000000000000001
1111000010100000
1111110000010000
0000000000000000
1111110111101000
1110110010100000
1110001100001000
0000000000000010
1110110000010000
0000000000000001
1111000010100000
1111110000010000
0000000000000000
1111110111101000
1110110010100000
1110001100001000
0000000000000000
1111110010101000
1111110000010000
1110110010100000
1111000111010000
0101101011100111
1110001100000001
0000000000000000
1111110010100000
1110101010001000
0101101011101010
1110101010000111
0000000000000000
1111110010100000
1110111010001000
0000000000000110
1110110000010000
0000000000000001
1111000010100000
1111110000010000
0000000000000000
1111110111101000
1110110010100000
1110001100001000
0000000000000011
1110110000010000
0000000000000001
1111000010100000
1111110000010000
0000000000000000
1111110111101000
1110110010100000
1110001100001000
0000000000000000
1111110010101000
1111110000010000
1110110010100000
1111000111010000
0101101100001000
1110001100000001
0000000000000000
1111110010100000
1110101010001000
0101101100001011
1110101010000111
0000000000000000
1111110010100000
1110111010001000
0000000000000000
1111110010101000
1111110000010000
1110110010100000
1111010101001000
0000000000000000
1111110010100000
1111110001001000
0000000000000000
1111110010100000
1111110001001000
0000000000000000
1111110010101000
1111110000010000
0101110110101010
1110001100000101
0000000000000010
1111110000100000
1111110000010000
0000000000000000
1111110111101000
1110110010100000
1110001100001000
0000000000000010
1110110000010000
0000000000000010
1111000010100000
1111110000010000
0000000000000000
1111110111101000
1110110010100000
1110001100001000
0000000000000000
1111110010101000
1111110000010000
1110110010100000
1111000111010000
0101101100110111
1110001100000100
0000000000000000
1111110010100000
1110101010001000
0101101100111010
1110101010000111
0000000000000000
1111110010100000
1110111010001000
0000000000000000
1111110010100000
1111110001001000
0000000000000000
1111110010101000
1111110000010000
0101110000011111
1110001100000101
0000000000000010
1111110111100000
1111110000010000
0000000000000000
1111110111101000
1110110010100000
1110001100001000
0000000000000011
1110110000010000
0000000000000010
1111000010100000
1111110000010000
0000000000000000
1111110111101000
1110110010100000
1110001100001000
0000000000000000
1111110010101000
1111110000010000
1110110010100000
1111000111010000
0101101101011110
1110001100000100
0000000000000000
1111110010100000
1110101010001000
0101101101100001
1110101010000111
0000000000000000
1111110010100000
1110111010001000
0000000000000000
1111110010100000
1111110001001000
0000000000000000
1111110010101000
1111110000010000
0101101111000100
1110001100000101
0000000000000010
1111110000100000
1111110000010000
0000000000000000
1111110111101000
1110110010100000
1110001100001000
0000000000000101
1110110000010000
0000000000000001
1111000010100000
1111110000010000
0000000000000000
1111110111101000
1110110010100000
1110001100001000
0000000000000000
1111110010101000
1111110000010000
1110110010100000
1111000010001000
0000000000000010
1111110111100000
1111110000010000
0000000000000000
1111110111101000
1110110010100000
1110001100001000
0000000000000110
1110110000010000
0000000000000001
1111000010100000
1111110000010000
0000000000000000
1111110111101000
1110110010100000
1110001100001000
0000000000000000
1111110010101000
1111110000010000
1110110010100000
1111000010001000
0101101110111101
1110110000010000
0000000000000000
1111110111101000
1110110010100000
1110001100001000
0000000000000001
1111110000010000
0000000000000000
1111110111101000
1110110010100000
1110001100001000
0000000000000010
1111110000010000
0000000000000000
1111110111101000
1110110010100000
1110001100001000
0000000000000011
1111110000010000
0000000000000000
1111110111101000
1110110010100000
1110001100001000
0000000000000100
1111110000010000
0000000000000000
1111110111101000
1110110010100000
1110001100001000
0000000000000000
1111110000010000
0000000000000111
1110010011010000
0000000000000010
1110001100001000
0000000000000000
1111110000010000
0000000000000001
1110001100001000
0101010001111010
1110101010000111
0000000000000000
1111110010101000
1111110000010000
0000000000000101
1110001100001000
0101110000011101
1110101010000111
0000000000000010
1111110000100000
1111110000010000
0000000000000000
1111110111101000
1110110010100000
1110001100001000
0000000000000101
1110110000010000
0000000000000001
1111000010100000
1111110000010000
0000000000000000
1111110111101000
1110110010100000
1110001100001000
0000000000000000
1111110010101000
1111110000010000
1110110010100000
1111000010001000
0000000000000010
1111110111100000
1111110000010000
0000000000000000
1111110111101000
1110110010100000
1110001100001000
0000000000000110
1110110000010000
0000000000000001
1111000010100000
1111110000010000
0000000000000000
1111110111101000
1110110010100000
1110001100001000
0000000000000000
1111110010101000
1111110000010000
1110110010100000
1111000111001000
0101110000011000
1110110000010000
0000000000000000
1111110111101000
1110110010100000
1110001100001000
0000000000000001
1111110000010000
0000000000000000
1111110111101000
1110110010100000
1110001100001000
0000000000000010
1111110000010000
0000000000000000
1111110111101000
1110110010100000
1110001100001000
0000000000000011
1111110000010000
0000000000000000
1111110111101000
1110110010100000
1110001100001000
0000000000000100
1111110000010000
0000000000000000
1111110111101000
1110110010100000
1110001100001000
0000000000000000
1111110000010000
0000000000000111
1110010011010000
0000000000000010
1110001100001000
0000000000000000
1111110000010000
0000000000000001
1110001100001000
0101010001111010
1110101010000111
0000000000000000
1111110010101000
1111110000010000
0000000000000101
1110001100001000
0101110011111010
1110101010000111
0000000000000010
1111110111100000
1111110000010000
0000000000000000
1111110111101000
1110110010100000
1110001100001000
0000000000000011
1110110000010000
0000000000000010
1111000010100000
1111110000010000
0000000000000000
1111110111101000
1110110010100000
1110001100001000
0000000000000000
1111110010101000
1111110000010000
1110110010100000
1111000111010000
0101110000111011
1110001100000100
0000000000000000
1111110010100000
1110101010001000
0101110000111110
1110101010000111
0000000000000000
1111110010100000
1110111010001000
0000000000000000
1111110010100000
1111110001001000
0000000000000000
1111110010101000
1111110000010000
0101110010100001
1110001100000101
0000000000000010
1111110000100000
1111110000010000
0000000000000000
1111110111101000
1110110010100000
1110001100001000
0000000000000101
1110110000010000
0000000000000001
1111000010100000
1111110000010000
0000000000000000
1111110111101000
1110110010100000
1110001100001000
0000000000000000
1111110010101000
1111110000010000
1110110010100000
1111000111001000
0000000000000010
1111110111100000
1111110000010000
0000000000000000
1111110111101000
1110110010100000
1110001100001000
0000000000000110
1110110000010000
0000000000000001
1111000010100000
1111110000010000
0000000000000000
1111110111101000
1110110010100000
1110001100001000
0000000000000000
1111110010101000
1111110000010000
1110110010100000
1111000010001000
0101110010011010
1110110000010000
0000000000000000
1111110111101000
1110110010100000
1110001100001000
0000000000000001
1111110000010000
0000000000000000
1111110111101000
1110110010100000
1110001100001000
0000000000000010
1111110000010000
0000000000000000
1111110111101000
1110110010100000
1110001100001000
0000000000000011
1111110000010000
0000000000000000
1111110111101000
1110110010100000
1110001100001000
0000000000000100
1111110000010000
0000000000000000
1111110111101000
1110110010100000
1110001100001000
0000000000000000
1111110000010000
0000000000000111
1110010011010000
0000000000000010
1110001100001000
0000000000000000
1111110000010000
0000000000000001
1110001100001000
0101010001111010
1110101010000111
0000000000000000
1111110010101000
1111110000010000
0000000000000101
1110001100001000
0101110011111010
1110101010000111
0000000000000010
1111110000100000
1111110000010000
0000000000000000
1111110111101000
1110110010100000
1110001100001000
0000000000000101
1110110000010000
0000000000000001
1111000010100000
1111110000010000
0000000000000000
1111110111101000
1110110010100000
1110001100001000
0000000000000000
1111110010101000
1111110000010000
1110110010100000
1111000111001000
0000000000000010
1111110111100000
1111110000010000
0000000000000000
1111110111101000
1110110010100000
1110001100001000
0000000000000110
1110110000010000
0000000000000001
1111000010100000
1111110000010000
0000000000000000
1111110111101000
1110110010100000
1110001100001000
0000000000000000
1111110010101000
1111110000010000
1110110010100000
1111000111001000
0101110011110101
1110110000010000
0000000000000000
1111110111101000
1110110010100000
1110001100001000
0000000000000001
1111110000010000
0000000000000000
1111110111101000
1110110010100000
1110001100001000
0000000000000010
1111110000010000
0000000000000000
1111110111101000
1110110010100000
1110001100001000
0000000000000011
1111110000010000
0000000000000000
1111110111101000
1110110010100000
1110001100001000
0000000000000100
1111110000010000
0000000000000000
1111110111101000
1110110010100000
1110001100001000
0000000000000000
1111110000010000
0000000000000111
1110010011010000
0000000000000010
1110001100001000
0000000000000000
1111110000010000
0000000000000001
1110001100001000
0101010001111010
1110101010000111
0000000000000000
1111110010101000
1111110000010000
0000000000000101
1110001100001000
0000000000000100
1110110000010000
0000000000000001
1111000010100000
1111110000010000
0000000000000000
1111110111101000
1110110010100000
1110001100001000
0000000000000000
1110110000010000
0000000000000000
1111110111101000
1110110010100000
1110001100001000
0000000000000000
1111110010101000
1111110000010000
1110110010100000
1111000111010000
0101110100010101
1110001100000100
0000000000000000
1111110010100000
1110101010001000
0101110100011000
1110101010000111
0000000000000000
1111110010100000
1110111010001000
0000000000000000
1111110010100000
1111110001001000
0000000000000000
1111110010101000
1111110000010000
0101110101100101
1110001100000101
0000000000000101
1110110000010000
0000000000000001
1111000010100000
1111110000010000
0000000000000000
1111110111101000
1110110010100000
1110001100001000
0000000000000001
1110110000010000
0000000000000000
1111110111101000
1110110010100000
1110001100001000
0000000000000000
1111110010101000
1111110000010000
1110110010100000
1111000010001000
0000000000000101
1110110000010000
0000000000000001
1111000010010000
0000000000001101
1110001100001000
0000000000000000
1111110010101000
1111110000010000
0000000000001101
1111110000100000
1110001100001000
0000000000000100
1110110000010000
0000000000000001
1111000010100000
1111110000010000
0000000000000000
1111110111101000
1110110010100000
1110001100001000
0000000000000011
1110110000010000
0000000000000001
1111000010100000
1111110000010000
0000000000000000
1111110111101000
1110110010100000
1110001100001000
0000000000000000
1111110010101000
1111110000010000
1110110010100000
1111000010001000
0000000000000100
1110110000010000
0000000000000001
1111000010010000
0000000000001101
1110001100001000
0000000000000000
1111110010101000
1111110000010000
0000000000001101
1111110000100000
1110001100001000
0101110110101000
1110101010000111
0000000000000110
1110110000010000
0000000000000001
1111000010100000
1111110000010000
0000000000000000
1111110111101000
1110110010100000
1110001100001000
0000000000000001
1110110000010000
0000000000000000
1111110111101000
1110110010100000
1110001100001000
0000000000000000
1111110010101000
1111110000010000
1110110010100000
1111000010001000
0000000000000110
1110110000010000
0000000000000001
1111000010010000
0000000000001101
1110001100001000
0000000000000000
1111110010101000
1111110000010000
0000000000001101
1111110000100000
1110001100001000
0000000000000100
1110110000010000
0000000000000001
1111000010100000
1111110000010000
0000000000000000
1111110111101000
1110110010100000
1110001100001000
0000000000000010
1110110000010000
0000000000000001
1111000010100000
1111110000010000
0000000000000000
1111110111101000
1110110010100000
1110001100001000
0000000000000000
1111110010101000
1111110000010000
1110110010100000
1111000111001000
0000000000000100
1110110000010000
0000000000000001
1111000010010000
0000000000001101
1110001100001000
0000000000000000
1111110010101000
1111110000010000
0000000000001101
1111110000100000
1110001100001000
0101101011001001
1110101010000111
0000000000000000
1110110000010000
0000000000000000
1111110111101000
1110110010100000
1110001100001000
0000000000000001
1111110000010000
0000000000001101
1110001100001000
0000000000000101
1110010011100000
1111110000010000
0000000000001110
1110001100001000
0000000000000000
1111110010101000
1111110000010000
0000000000000010
1111110000100000
1110001100001000
0000000000000010
1111110111010000
0000000000000000
1110001100001000
0000000000001101
1111110000010000
0000000000000001
1110010011100000
1111110000010000
0000000000000100
1110001100001000
0000000000001101
1111110000010000
0000000000000010
1110010011100000
1111110000010000
0000000000000011
1110001100001000
0000000000001101
1111110000010000
0000000000000011
1110010011100000
1111110000010000
0000000000000010
1110001100001000
0000000000001101
1111110000010000
0000000000000100
1110010011100000
1111110000010000
0000000000000001
1110001100001000
0000000000001110
1111110000100000
1110101010000111
0000000000000000
1111110000100000
1110101010001000
1110110111100000
1110101010001000
1110110111100000
1110101010001000
1110110111100000
1110101010001000
1110110111100000
1110101010001000
1110110111100000
1110101010001000
1110110111100000
1110101010001000
1110110111100000
1110101010001000
1110110111100000
1110101010001000
1110110111100000
1110101010001000
1110110111100000
1110110000010000
0000000000000000
1110001100001000
0000000000000010
1111110000100000
1111110000010000
0000000000000000
1111110111101000
1110110010100000
1110001100001000
0000000000000010
1110110000010000
0000000000000010
1111000010100000
1111110000010000
0000000000000000
1111110111101000
1110110010100000
1110001100001000
0000000000000000
1111110010101000
1111110000010000
1110110010100000
1111000111010000
0101111000010111
1110001100000001
0000000000000000
1111110010100000
1110101010001000
0101111000011010
1110101010000111
0000000000000000
1111110010100000
1110111010001000
0000000000000000
1111110010100000
1111110001001000
0000000000000000
1111110010101000
1111110000010000
0101111001011100
1110001100000101
0000000000000000
1110110000010000
0000000000000000
1111110111101000
1110110010100000
1110001100001000
0000000000000001
1111110000010000
0000000000001101
1110001100001000
0000000000000101
1110010011100000
1111110000010000
0000000000001110
1110001100001000
0000000000000000
1111110010101000
1111110000010000
0000000000000010
1111110000100000
1110001100001000
0000000000000010
1111110111010000
0000000000000000
1110001100001000
0000000000001101
1111110000010000
0000000000000001
1110010011100000
1111110000010000
0000000000000100
1110001100001000
0000000000001101
1111110000010000
0000000000000010
1110010011100000
1111110000010000
0000000000000011
1110001100001000
0000000000001101
1111110000010000
0000000000000011
1110010011100000
1111110000010000
0000000000000010
1110001100001000
0000000000001101
1111110000010000
0000000000000100
1110010011100000
1111110000010000
0000000000000001
1110001100001000
0000000000001110
1111110000100000
1110101010000111
0101111001011100
1110101010000111
0000000000000010
1111110111100000
1111110000010000
0000000000000000
1111110111101000
1110110010100000
1110001100001000
0000000000000011
1110110000010000
0000000000000010
1111000010100000
1111110000010000
0000000000000000
1111110111101000
1110110010100000
1110001100001000
0000000000000000
1111110010101000
1111110000010000
1110110010100000
1111000111010000
0101111001111000
1110001100000001
0000000000000000
1111110010100000
1110101010001000
0101111001111011
1110101010000111
0000000000000000
1111110010100000
1110111010001000
0000000000000000
1111110010100000
1111110001001000
0000000000000000
1111110010101000
1111110000010000
0101111010111101
1110001100000101
0000000000000000
1110110000010000
0000000000000000
1111110111101000
1110110010100000
1110001100001000
0000000000000001
1111110000010000
0000000000001101
1110001100001000
0000000000000101
1110010011100000
1111110000010000
0000000000001110
1110001100001000
0000000000000000
1111110010101000
1111110000010000
0000000000000010
1111110000100000
1110001100001000
0000000000000010
1111110111010000
0000000000000000
1110001100001000
0000000000001101
1111110000010000
0000000000000001
1110010011100000
1111110000010000
0000000000000100
1110001100001000
0000000000001101
1111110000010000
0000000000000010
1110010011100000
1111110000010000
0000000000000011
1110001100001000
0000000000001101
1111110000010000
0000000000000011
1110010011100000
1111110000010000
0000000000000010
1110001100001000
0000000000001101
1111110000010000
0000000000000100
1110010011100000
1111110000010000
0000000000000001
1110001100001000
0000000000001110
1111110000100000
1110101010000111
0101111010111101
1110101010000111
0000000000000010
1111110000100000
1111110000010000
0000000000000000
1111110111101000
1110110010100000
1110001100001000
0000000000000000
1110110000010000
0000000000000000
1111110111101000
1110110010100000
1110001100001000
0000000000000000
1111110010101000
1111110000010000
1110110010100000
1111000111010000
0101111011010110
1110001100000100
0000000000000000
1111110010100000
1110101010001000
0101111011011001
1110101010000111
0000000000000000
1111110010100000
1110111010001000
0000000000000000
1111110010100000
1111110001001000
0000000000000000
1111110010101000
1111110000010000
0101111011101111
1110001100000101
0000000000000000
1110110000010000
0000000000000000
1111110111101000
1110110010100000
1110001100001000
0000000000000000
1111110010101000
1111110000010000
0000000000000010
1111110000100000
1110001100001000
0101111011101111
1110101010000111
0000000000000010
1111110111100000
1111110000010000
0000000000000000
1111110111101000
1110110010100000
1110001100001000
0000000000000000
1110110000010000
0000000000000000
1111110111101000
1110110010100000
1110001100001000
0000000000000000
1111110010101000
1111110000010000
1110110010100000
1111000111010000
0101111100001000
1110001100000100
0000000000000000
1111110010100000
1110101010001000
0101111100001011
1110101010000111
0000000000000000
1111110010100000
1110111010001000
0000000000000000
1111110010100000
1111110001001000
0000000000000000
1111110010101000
1111110000010000
0101111100100001
1110001100000101
0000000000000000
1110110000010000
0000000000000000
1111110111101000
1110110010100000
1110001100001000
0000000000000000
1111110010101000
1111110000010000
0000000000000010
1111110111100000
1110001100001000
0101111100100001
1110101010000111
0000000000000010
1110110000010000
0000000000000010
1111000010100000
1111110000010000
0000000000000000
1111110111101000
1110110010100000
1110001100001000
0000000111111111
1110110000010000
0000000000000000
1111110111101000
1110110010100000
1110001100001000
0000000000000000
1111110010101000
1111110000010000
1110110010100000
1111000111010000
0101111100111100
1110001100000001
0000000000000000
1111110010100000
1110101010001000
0101111100111111
1110101010000111
0000000000000000
1111110010100000
1110111010001000
0000000000000000
1111110010100000
1111110001001000
0000000000000000
1111110010101000
1111110000010000
0101111101011011
1110001100000101
0000000111111111
1110110000010000
0000000000000000
1111110111101000
1110110010100000
1110001100001000
0000000000000010
1110110000010000
0000000000000010
1111000010010000
0000000000001101
1110001100001000
0000000000000000
1111110010101000
1111110000010000
0000000000001101
1111110000100000
1110001100001000
0101111101011011
1110101010000111
0000000000000011
1110110000010000
0000000000000010
1111000010100000
1111110000010000
0000000000000000
1111110111101000
1110110010100000
1110001100001000
0000000011111111
1110110000010000
0000000000000000
1111110111101000
1110110010100000
1110001100001000
0000000000000000
1111110010101000
1111110000010000
1110110010100000
1111000111010000
0101111101110110
1110001100000001
0000000000000000
1111110010100000
1110101010001000
0101111101111001
1110101010000111
0000000000000000
1111110010100000
1110111010001000
0000000000000000
1111110010100000
1111110001001000
0000000000000000
1111110010101000
1111110000010000
0101111110010101
1110001100000101
0000000011111111
1110110000010000
0000000000000000
1111110111101000
1110110010100000
1110001100001000
0000000000000011
1110110000010000
0000000000000010
1111000010010000
0000000000001101
1110001100001000
0000000000000000
1111110010101000
1111110000010000
0000000000001101
1111110000100000
1110001100001000
0101111110010101
1110101010000111
0000000000000000
1110110000010000
0000000000000000
1111110111101000
1110110010100000
1110001100001000
0000000000000000
1111110010101000
1111110000010000
0000000000000001
1111110111100000
1110001100001000
0000000000000010
1111110000100000
1111110000010000
0000000000000000
1111110111101000
1110110010100000
1110001100001000
0000000000001000
1110110000010000
0000000000000001
1111000010010000
0000000000001101
1110001100001000
0000000000000000
1111110010101000
1111110000010000
0000000000001101
1111110000100000
1110001100001000
0000000000001000
1110110000010000
0000000000000001
1111000010100000
1111110000010000
0000000000000000
1111110111101000
1110110010100000
1110001100001000
0000000000001111
1110110000010000
0000000000000000
1111110111101000
1110110010100000
1110001100001000
0000000000000000
1111110010101000
1111110000010000
1110110010100000
1111000111010000
0101111111001111
1110001100000001
0000000000000000
1111110010100000
1110101010001000
0101111111010010
1110101010000111
0000000000000000
1111110010100000
1110111010001000
0000000000000000
1111110010100000
1111110001001000
0000000000000000
1111110010101000
1111110000010000
0110000000010100
1110001100000101
0000000000001000
1110110000010000
0000000000000001
1111000010100000
1111110000010000
0000000000000000
1111110111101000
1110110010100000
1110001100001000
0000000000010000
1110110000010000
0000000000000000
1111110111101000
1110110010100000
1110001100001000
0000000000000000
1111110010101000
1111110000010000
1110110010100000
1111000111001000
0000000000001000
1110110000010000
0000000000000001
1111000010010000
0000000000001101
1110001100001000
0000000000000000
1111110010101000
1111110000010000
0000000000001101
1111110000100000
1110001100001000
0000000000000001
1111110111100000
1111110000010000
0000000000000000
1111110111101000
1110110010100000
1110001100001000
0000000000000001
1110110000010000
0000000000000000
1111110111101000
1110110010100000
1110001100001000
0000000000000000
1111110010101000
1111110000010000
1110110010100000
1111000010001000
0000000000000000
1111110010101000
1111110000010000
0000000000000001
1111110111100000
1110001100001000
0101111110110100
1110101010000111
0000000000001000
1110110000010000
0000000000000001
1111000010100000
1111110000010000
0000000000000000
1111110111101000
1110110010100000
1110001100001000
0000000000000100
1110110000010000
0000000000000001
1111000010010000
0000000000001101
1110001100001000
0000000000000000
1111110010101000
1111110000010000
0000000000001101
1111110000100000
1110001100001000
0000000000000000
1110110000010000
0000000000000000
1111110111101000
1110110010100000
1110001100001000
0000000000000010
1110110000010000
0000000000000001
1111000010010000
0000000000001101
1110001100001000
0000000000000000
1111110010101000
1111110000010000
0000000000001101
1111110000100000
1110001100001000
0000000000000010
1110110000010000
0000000000000010
1111000010100000
1111110000010000
0000000000000000
1111110111101000
1110110010100000
1110001100001000
0000000000001000
1110110000010000
0000000000000001
1111000010010000
0000000000001101
1110001100001000
0000000000000000
1111110010101000
1111110000010000
0000000000001101
1111110000100000
1110001100001000
0000000000001000
1110110000010000
0000000000000001
1111000010100000
1111110000010000
0000000000000000
1111110111101000
1110110010100000
1110001100001000
0000000000001111
1110110000010000
0000000000000000
1111110111101000
1110110010100000
1110001100001000
0000000000000000
1111110010101000
1111110000010000
1110110010100000
1111000111010000
0110000001101011
1110001100000001
0000000000000000
1111110010100000
1110101010001000
0110000001101110
1110101010000111
0000000000000000
1111110010100000
1110111010001000
0000000000000000
1111110010100000
1111110001001000
0000000000000000
1111110010101000
1111110000010000
0110000010111000
1110001100000101
0000000000001000
1110110000010000
0000000000000001
1111000010100000
1111110000010000
0000000000000000
1111110111101000
1110110010100000
1110001100001000
0000000000010000
1110110000010000
0000000000000000
1111110111101000
1110110010100000
1110001100001000
0000000000000000
1111110010101000
1111110000010000
1110110010100000
1111000111001000
0000000000001000
1110110000010000
0000000000000001
1111000010010000
0000000000001101
1110001100001000
0000000000000000
1111110010101000
1111110000010000
0000000000001101
1111110000100000
1110001100001000
0000000000000010
1110110000010000
0000000000000001
1111000010100000
1111110000010000
0000000000000000
1111110111101000
1110110010100000
1110001100001000
0000000000000001
1110110000010000
0000000000000000
1111110111101000
1110110010100000
1110001100001000
0000000000000000
1111110010101000
1111110000010000
1110110010100000
1111000010001000
0000000000000010
1110110000010000
0000000000000001
1111000010010000
0000000000001101
1110001100001000
0000000000000000
1111110010101000
1111110000010000
0000000000001101
1111110000100000
1110001100001000
0110000001010000
1110101010000111
0000000000001000
1110110000010000
0000000000000001
1111000010100000
1111110000010000
0000000000000000
1111110111101000
1110110010100000
1110001100001000
0000000000000101
1110110000010000
0000000000000001
1111000010010000
0000000000001101
1110001100001000
0000000000000000
1111110010101000
1111110000010000
0000000000001101
1111110000100000
1110001100001000
0000000000000010
1111110111100000
1111110000010000
0000000000000000
1111110111101000
1110110010100000
1110001100001000
0000000000000000
1111110010101000
1111110000010000
0000000000000001
1111110000100000
1110001100001000
0000000000000001
1111110000100000
1111110000010000
0000000000000000
1111110111101000
1110110010100000
1110001100001000
0000000000000011
1110110000010000
0000000000000010
1111000010100000
1111110000010000
0000000000000000
1111110111101000
1110110010100000
1110001100001000
0000000000000000
1111110010101000
1111110000010000
1110110010100000
1111000111010000
0110000011110110
1110001100000001
0000000000000000
1111110010100000
1110101010001000
0110000011111001
1110101010000111
0000000000000000
1111110010100000
1110111010001000
0000000000000000
1111110010100000
1111110001001000
0000000000000000
1111110010100000
1111110001001000
0000000000000000
1111110010101000
1111110000010000
0110011111101010
1110001100000101
0000000000000001
1111110000100000
1111110000010000
0000000000000000
1111110111101000
1110110010100000
1110001100001000
0000000000001001
1110110000010000
0000000000000001
1111000010010000
0000000000001101
1110001100001000
0000000000000000
1111110010101000
1111110000010000
0000000000001101
1111110000100000
1110001100001000
0000000000001001
1110110000010000
0000000000000001
1111000010100000
1111110000010000
0000000000000000
1111110111101000
1110110010100000
1110001100001000
0000000000001001
1110110000010000
0000000000000001
1111000010100000
1111110000010000
0000000000000000
1111110111101000
1110110010100000
1110001100001000
0000000000000000
1111110010101000
1111110000010000
1110110010100000
1111000010001000
0000000000001001
1110110000010000
0000000000000001
1111000010010000
0000000000001101
1110001100001000
0000000000000000
1111110010101000
1111110000010000
0000000000001101
1111110000100000
1110001100001000
0000000000001001
1110110000010000
0000000000000001
1111000010100000
1111110000010000
0000000000000000
1111110111101000
1110110010100000
1110001100001000
0000000000001001
1110110000010000
0000000000000001
1111000010100000
1111110000010000
0000000000000000
1111110111101000
1110110010100000
1110001100001000
0000000000000000
1111110010101000
1111110000010000
1110110010100000
1111000010001000
0000000000001001
1110110000010000
0000000000000001
1111000010010000
0000000000001101
1110001100001000
0000000000000000
1111110010101000
1111110000010000
0000000000001101
1111110000100000
1110001100001000
0000000000001001
1110110000010000
0000000000000001
1111000010100000
1111110000010000
0000000000000000
1111110111101000
1110110010100000
1110001100001000
0000000000001001
1110110000010000
0000000000000001
1111000010100000
1111110000010000
0000000000000000
1111110111101000
1110110010100000
1110001100001000
0000000000000000
1111110010101000
1111110000010000
1110110010100000
1111000010001000
0000000000001001
1110110000010000
0000000000000001
1111000010010000
0000000000001101
1110001100001000
0000000000000000
1111110010101000
1111110000010000
0000000000001101
1111110000100000
1110001100001000
0000000000001001
1110110000010000
0000000000000001
1111000010100000
1111110000010000
0000000000000000
1111110111101000
1110110010100000
1110001100001000
0000000000001001
1110110000010000
0000000000000001
1111000010100000
1111110000010000
0000000000000000
1111110111101000
1110110010100000
1110001100001000
0000000000000000
1111110010101000
1111110000010000
1110110010100000
1111000010001000
0000000000001001
1110110000010000
0000000000000001
1111000010010000
0000000000001101
1110001100001000
0000000000000000
1111110010101000
1111110000010000
0000000000001101
1111110000100000
1110001100001000
0000000000001001
1110110000010000
0000000000000001
1111000010100000
1111110000010000
0000000000000000
1111110111101000
1110110010100000
1110001100001000
0000000000001001
1110110000010000
0000000000000001
1111000010100000
1111110000010000
0000000000000000
1111110111101000
1110110010100000
1110001100001000
0000000000000000
1111110010101000
1111110000010000
1110110010100000
1111000010001000
0000000000001001
1110110000010000
0000000000000001
1111000010010000
0000000000001101
1110001100001000
0000000000000000
1111110010101000
1111110000010000
0000000000001101
1111110000100000
1110001100001000
0000000000000001
1111110111100000
1111110000010000
0000000000000000
1111110111101000
1110110010100000
1110001100001000
0000000000000010
1110110000010000
0000000000000001
1111000010100000
1111110000010000
0000000000000000
1111110111101000
1110110010100000
1110001100001000
0000000000000000
1111110010101000
1111110000010000
1110110010100000
1111000111010000
0110000111100010
1110001100000010
0000000000000000
1111110010100000
1110101010001000
0110000111100101
1110101010000111
0000000000000000
1111110010100000
1110111010001000
0000000000000000
1111110010100000
1111110001001000
0000000000000000
1111110010101000
1111110000010000
0110001110000101
1110001100000101
0000000000011001
1111110000010000
0000000000000000
1111110111101000
1110110010100000
1110001100001000
0000000000001001
1110110000010000
0000000000000001
1111000010100000
1111110000010000
0000000000000000
1111110111101000
1110110010100000
1110001100001000
0000000000000000
1111110010101000
1111110000010000
1110110010100000
1111000010001000
0000000000000001
1111110111100000
1111110000010000
0000000000000000
1111110111101000
1110110010100000
1110001100001000
0000000000000000
1111110010101000
1111110000010000
1110110010100000
1111000010001000
0000000000000110
1110110000010000
0000000000000001
1111000010010000
0000000000001101
1110001100001000
0000000000000000
1111110010101000
1111110000010000
0000000000001101
1111110000100000
1110001100001000
0000000000000110
1110110000010000
0000000000000001
1111000010100000
1111110000010000
0000000000000000
1111110111101000
1110110010100000
1110001100001000
0110001001001100
1110110000010000
0000000000000000
1111110111101000
1110110010100000
1110001100001000
0000000000000001
1111110000010000
0000000000000000
1111110111101000
1110110010100000
1110001100001000
0000000000000010
1111110000010000
0000000000000000
1111110111101000
1110110010100000
1110001100001000
0000000000000011
1111110000010000
0000000000000000
1111110111101000
1110110010100000
1110001100001000
0000000000000100
1111110000010000
0000000000000000
1111110111101000
1110110010100000
1110001100001000
0000000000000000
1111110000010000
0000000000000110
1110010011010000
0000000000000010
1110001100001000
0000000000000000
1111110000010000
0000000000000001
1110001100001000
0010001111000011
1110101010000111
0000000000000111
1110110000010000
0000000000000001
1111000010010000
0000000000001101
1110001100001000
0000000000000000
1111110010101000
1111110000010000
0000000000001101
1111110000100000
1110001100001000
0000000000000100
1110110000010000
0000000000000001
1111000010100000
1111110000010000
0000000000000000
1111110111101000
1110110010100000
1110001100001000
0000000000001000
1110110000010000
0000000000000001
1111000010010000
0000000000001101
1110001100001000
0000000000000000
1111110010101000
1111110000010000
0000000000001101
1111110000100000
1110001100001000
0000000000001000
1110110000010000
0000000000000001
1111000010100000
1111110000010000
0000000000000000
1111110111101000
1110110010100000
1110001100001000
0000000000000101
1110110000010000
0000000000000001
1111000010100000
1111110000010000
0000000000000000
1111110111101000
1110110010100000
1110001100001000
0000000000000000
1111110010101000
1111110000010000
1110110010100000
1111000111010000
0110001010001011
1110001100000001
0000000000000000
1111110010100000
1110101010001000
0110001010001110
1110101010000111
0000000000000000
1111110010100000
1110111010001000
0000000000000000
1111110010100000
1111110001001000
0000000000000000
1111110010100000
1111110001001000
0000000000000000
1111110010101000
1111110000010000
0110001101000010
1110001100000101
0000000000011010
1111110000010000
0000000000000000
1111110111101000
1110110010100000
1110001100001000
0000000000000000
1111110010100000
1111110001001000
0000000000000000
1111110010101000
1111110000010000
0110001011100011
1110001100000101
0000000000000111
1110110000010000
0000000000000001
1111000010100000
1111110000010000
0000000000000000
1111110111101000
1110110010100000
1110001100001000
0000000000011011
1111110000010000
0000000000000000
1111110111101000
1110110010100000
1110001100001000
0000000000001000
1110110000010000
0000000000000001
1111000010100000
1111110000010000
0000000000000000
1111110111101000
1110110010100000
1110001100001000
0000000000000000
1111110010101000
1111110000010000
1110110010100000
1111000010001000
0000000000000000
1111110010101000
1111110000010000
0000000000000100
1110001100001000
0000000000000100
1111110000100000
1111110000010000
0000000000000000
1111110111101000
1110110010100000
1110001100001000
0000000000000000
1111110010101000
1111110000010000
1110110010100000
1111010101001000
0000000000000111
1110110000010000
0000000000000001
1111000010010000
0000000000001101
1110001100001000
0000000000000000
1111110010101000
1111110000010000
0000000000001101
1111110000100000
1110001100001000
0110001100100000
1110101010000111
0000000000000111
1110110000010000
0000000000000001
1111000010100000
1111110000010000
0000000000000000
1111110111101000
1110110010100000
1110001100001000
0000000000011011
1111110000010000
0000000000000000
1111110111101000
1110110010100000
1110001100001000
0000000000001000
1110110000010000
0000000000000001
1111000010100000
1111110000010000
0000000000000000
1111110111101000
1110110010100000
1110001100001000
0000000000000000
1111110010101000
1111110000010000
1110110010100000
1111000010001000
0000000000000000
1111110010101000
1111110000010000
0000000000000100
1110001100001000
0000000000000100
1111110000100000
1111110000010000
0000000000000000
1111110111101000
1110110010100000
1110001100001000
0000000000000000
1111110010100000
1111110001001000
0000000000000000
1111110010101000
1111110000010000
1110110010100000
1111000000001000
0000000000000111
1110110000010000
0000000000000001
1111000010010000
0000000000001101
1110001100001000
0000000000000000
1111110010101000
1111110000010000
0000000000001101
1111110000100000
1110001100001000
0000000000001000
1110110000010000
0000000000000001
1111000010100000
1111110000010000
0000000000000000
1111110111101000
1110110010100000
1110001100001000
0000000000000001
1110110000010000
0000000000000000
1111110111101000
1110110010100000
1110001100001000
0000000000000000
1111110010101000
1111110000010000
1110110010100000
1111000010001000
0000000000001000
1110110000010000
0000000000000001
1111000010010000
0000000000001101
1110001100001000
0000000000000000
1111110010101000
1111110000010000
0000000000001101
1111110000100000
1110001100001000
0110001001101101
1110101010000111
0000000000000110
1110110000010000
0000000000000001
1111000010100000
1111110000010000
0000000000000000
1111110111101000
1110110010100000
1110001100001000
0000000000000111
1110110000010000
0000000000000001
1111000010100000
1111110000010000
0000000000000000
1111110111101000
1110110010100000
1110001100001000
0110001101111110
1110110000010000
0000000000000000
1111110111101000
1110110010100000
1110001100001000
0000000000000001
1111110000010000
0000000000000000
1111110111101000
1110110010100000
1110001100001000
0000000000000010
1111110000010000
0000000000000000
1111110111101000
1110110010100000
1110001100001000
0000000000000011
1111110000010000
0000000000000000
1111110111101000
1110110010100000
1110001100001000
0000000000000100
1111110000010000
0000000000000000
1111110111101000
1110110010100000
1110001100001000
0000000000000000
1111110000010000
0000000000000111
1110010011010000
0000000000000010
1110001100001000
0000000000000000
1111110000010000
0000000000000001
1110001100001000
0010010000100111
1110101010000111
0000000000000000
1111110010101000
1111110000010000
0000000000000101
1110001100001000
0110011111010000
1110101010000111
0000000000011001
1111110000010000
0000000000000000
1111110111101000
1110110010100000
1110001100001000
0000000000001001
1110110000010000
0000000000000001
1111000010100000
1111110000010000
0000000000000000
1111110111101000
1110110010100000
1110001100001000
0000000000000000
1111110010101000
1111110000010000
1110110010100000
1111000010001000
0000000000000001
1111110111100000
1111110000010000
0000000000000000
1111110111101000
1110110010100000
1110001100001000
0000000000000000
1111110010101000
1111110000010000
1110110010100000
1111000010001000
0000000000000110
1110110000010000
0000000000000001
1111000010010000
0000000000001101
1110001100001000
0000000000000000
1111110010101000
1111110000010000
0000000000001101
1111110000100000
1110001100001000
0000000000000110
1110110000010000
0000000000000001
1111000010100000
1111110000010000
0000000000000000
1111110111101000
1110110010100000
1110001100001000
0110001111100100
1110110000010000
0000000000000000
1111110111101000
1110110010100000
1110001100001000
0000000000000001
1111110000010000
0000000000000000
1111110111101000
1110110010100000
1110001100001000
0000000000000010
1111110000010000
0000000000000000
1111110111101000
1110110010100000
1110001100001000
0000000000000011
1111110000010000
0000000000000000
1111110111101000
1110110010100000
1110001100001000
0000000000000100
1111110000010000
0000000000000000
1111110111101000
1110110010100000
1110001100001000
0000000000000000
1111110000010000
0000000000000110
1110010011010000
0000000000000010
1110001100001000
0000000000000000
1111110000010000
0000000000000001
1110001100001000
0010001111000011
1110101010000111
0000000000000111
1110110000010000
0000000000000001
1111000010010000
0000000000001101
1110001100001000
0000000000000000
1111110010101000
1111110000010000
0000000000001101
1111110000100000
1110001100001000
0000000000000100
1110110000010000
0000000000000001
1111000010100000
1111110000010000
0000000000000000
1111110111101000
1110110010100000
1110001100001000
0000000000001000
1110110000010000
0000000000000001
1111000010010000
0000000000001101
1110001100001000
0000000000000000
1111110010101000
1111110000010000
0000000000001101
1111110000100000
1110001100001000
0000000000001000
1110110000010000
0000000000000001
1111000010100000
1111110000010000
0000000000000000
1111110111101000
1110110010100000
1110001100001000
0000000000010000
1110110000010000
0000000000000000
1111110111101000
1110110010100000
1110001100001000
0000000000000000
1111110010101000
1111110000010000
1110110010100000
1111000111010000
0110010000100000
1110001100000100
0000000000000000
1111110010100000
1110101010001000
0110010000100011
1110101010000111
0000000000000000
1111110010100000
1110111010001000
0000000000000000
1111110010100000
1111110001001000
0000000000000000
1111110010101000
1111110000010000
0110010011010100
1110001100000101
0000000000011010
1111110000010000
0000000000000000
1111110111101000
1110110010100000
1110001100001000
0000000000000000
1111110010100000
1111110001001000
0000000000000000
1111110010101000
1111110000010000
0110010001110101
1110001100000101
0000000000000111
1110110000010000
0000000000000001
1111000010100000
1111110000010000
0000000000000000
1111110111101000
1110110010100000
1110001100001000
0000000000011011
1111110000010000
0000000000000000
1111110111101000
1110110010100000
1110001100001000
0000000000001000
1110110000010000
0000000000000001
1111000010100000
1111110000010000
0000000000000000
1111110111101000
1110110010100000
1110001100001000
0000000000000000
1111110010101000
1111110000010000
1110110010100000
1111000010001000
0000000000000000
1111110010101000
1111110000010000
0000000000000100
1110001100001000
0000000000000100
1111110000100000
1111110000010000
0000000000000000
1111110111101000
1110110010100000
1110001100001000
0000000000000000
1111110010101000
1111110000010000
1110110010100000
1111010101001000
0000000000000111
1110110000010000
0000000000000001
1111000010010000
0000000000001101
1110001100001000
0000000000000000
1111110010101000
1111110000010000
0000000000001101
1111110000100000
1110001100001000
0110010010110010
1110101010000111
0000000000000111
1110110000010000
0000000000000001
1111000010100000
1111110000010000
0000000000000000
1111110111101000
1110110010100000
1110001100001000
0000000000011011
1111110000010000
0000000000000000
1111110111101000
1110110010100000
1110001100001000
0000000000001000
1110110000010000
0000000000000001
1111000010100000
1111110000010000
0000000000000000
1111110111101000
1110110010100000
1110001100001000
0000000000000000
1111110010101000
1111110000010000
1110110010100000
1111000010001000
0000000000000000
1111110010101000
1111110000010000
0000000000000100
1110001100001000
0000000000000100
1111110000100000
1111110000010000
0000000000000000
1111110111101000
1110110010100000
1110001100001000
0000000000000000
1111110010100000
1111110001001000
0000000000000000
1111110010101000
1111110000010000
1110110010100000
1111000000001000
0000000000000111
1110110000010000
0000000000000001
1111000010010000
0000000000001101
1110001100001000
0000000000000000
1111110010101000
1111110000010000
0000000000001101
1111110000100000
1110001100001000
0000000000001000
1110110000010000
0000000000000001
1111000010100000
1111110000010000
0000000000000000
1111110111101000
1110110010100000
1110001100001000
0000000000000001
1110110000010000
0000000000000000
1111110111101000
1110110010100000
1110001100001000
0000000000000000
1111110010101000
1111110000010000
1110110010100000
1111000010001000
0000000000001000
1110110000010000
0000000000000001
1111000010010000
0000000000001101
1110001100001000
0000000000000000
1111110010101000
1111110000010000
0000000000001101
1111110000100000
1110001100001000
0110010000000101
1110101010000111
0000000000000110
1110110000010000
0000000000000001
1111000010100000
1111110000010000
0000000000000000
1111110111101000
1110110010100000
1110001100001000
0000000000000111
1110110000010000
0000000000000001
1111000010100000
1111110000010000
0000000000000000
1111110111101000
1110110010100000
1110001100001000
0110010100010000
1110110000010000
0000000000000000
1111110111101000
1110110010100000
1110001100001000
0000000000000001
1111110000010000
0000000000000000
1111110111101000
1110110010100000
1110001100001000
0000000000000010
1111110000010000
0000000000000000
1111110111101000
1110110010100000
1110001100001000
0000000000000011
1111110000010000
0000000000000000
1111110111101000
1110110010100000
1110001100001000
0000000000000100
1111110000010000
0000000000000000
1111110111101000
1110110010100000
1110001100001000
0000000000000000
1111110000010000
0000000000000111
1110010011010000
0000000000000010
1110001100001000
0000000000000000
1111110000010000
0000000000000001
1110001100001000
0010010000100111
1110101010000111
0000000000000000
1111110010101000
1111110000010000
0000000000000101
1110001100001000
0000000000000001
1111110111100000
1111110000010000
0000000000000000
1111110111101000
1110110010100000
1110001100001000
0000000000000001
1110110000010000
0000000000000000
1111110111101000
1110110010100000
1110001100001000
0000000000000000
1111110010101000
1111110000010000
1110110010100000
1111000010001000
0000000000000011
1110110000010000
0000000000000001
1111000010010000
0000000000001101
1110001100001000
0000000000000000
1111110010101000
1111110000010000
0000000000001101
1111110000100000
1110001100001000
0000000000000011
1110110000010000
0000000000000001
1111000010100000
1111110000010000
0000000000000000
1111110111101000
1110110010100000
1110001100001000
0000000000000010
1110110000010000
0000000000000001
1111000010100000
1111110000010000
0000000000000000
1111110111101000
1110110010100000
1110001100001000
0000000000000000
1111110010101000
1111110000010000
1110110010100000
1111000111010000
0110010101010001
1110001100000100
0000000000000000
1111110010100000
1110101010001000
0110010101010100
1110101010000111
0000000000000000
1111110010100000
1110111010001000
0000000000000000
1111110010100000
1111110001001000
0000000000000000
1111110010101000
1111110000010000
0110011000111011
1110001100000101
0000000000011001
1111110000010000
0000000000000000
1111110111101000
1110110010100000
1110001100001000
0000000000001001
1110110000010000
0000000000000001
1111000010100000
1111110000010000
0000000000000000
1111110111101000
1110110010100000
1110001100001000
0000000000000000
1111110010101000
1111110000010000
1110110010100000
1111000010001000
0000000000000011
1110110000010000
0000000000000001
1111000010100000
1111110000010000
0000000000000000
1111110111101000
1110110010100000
1110001100001000
0000000000000000
1111110010101000
1111110000010000
1110110010100000
1111000010001000
0000000000000110
1110110000010000
0000000000000001
1111000010010000
0000000000001101
1110001100001000
0000000000000000
1111110010101000
1111110000010000
0000000000001101
1111110000100000
1110001100001000
0000000000011010
1111110000010000
0000000000000000
1111110111101000
1110110010100000
1110001100001000
0000000000000000
1111110010100000
1111110001001000
0000000000000000
1111110010101000
1111110000010000
0110010111011011
1110001100000101
0000000000000110
1110110000010000
0000000000000001
1111000010100000
1111110000010000
0000000000000000
1111110111101000
1110110010100000
1110001100001000
0000000000000001
1110110000010000
0000000000000000
1111110111101000
1110110010100000
1110001100001000
0000000000000000
1111110010100000
1111110011001000
0110010111010100
1110110000010000
0000000000000000
1111110111101000
1110110010100000
1110001100001000
0000000000000001
1111110000010000
0000000000000000
1111110111101000
1110110010100000
1110001100001000
0000000000000010
1111110000010000
0000000000000000
1111110111101000
1110110010100000
1110001100001000
0000000000000011
1111110000010000
0000000000000000
1111110111101000
1110110010100000
1110001100001000
0000000000000100
1111110000010000
0000000000000000
1111110111101000
1110110010100000
1110001100001000
0000000000000000
1111110000010000
0000000000000111
1110010011010000
0000000000000010
1110001100001000
0000000000000000
1111110000010000
0000000000000001
1110001100001000
0010010000100111
1110101010000111
0000000000000000
1111110010101000
1111110000010000
0000000000000101
1110001100001000
0110011000011001
1110101010000111
0000000000000110
1110110000010000
0000000000000001
1111000010100000
1111110000010000
0000000000000000
1111110111101000
1110110010100000
1110001100001000
0000000000000000
1110110000010000
0000000000000000
1111110111101000
1110110010100000
1110001100001000
0110011000010100
1110110000010000
0000000000000000
1111110111101000
1110110010100000
1110001100001000
0000000000000001
1111110000010000
0000000000000000
1111110111101000
1110110010100000
1110001100001000
0000000000000010
1111110000010000
0000000000000000
1111110111101000
1110110010100000
1110001100001000
0000000000000011
1111110000010000
0000000000000000
1111110111101000
1110110010100000
1110001100001000
0000000000000100
1111110000010000
0000000000000000
1111110111101000
1110110010100000
1110001100001000
0000000000000000
1111110000010000
0000000000000111
1110010011010000
0000000000000010
1110001100001000
0000000000000000
1111110000010000
0000000000000001
1110001100001000
0010010000100111
1110101010000111
0000000000000000
1111110010101000
1111110000010000
0000000000000101
1110001100001000
0000000000000011
1110110000010000
0000000000000001
1111000010100000
1111110000010000
0000000000000000
1111110111101000
1110110010100000
1110001100001000
0000000000000001
1110110000010000
0000000000000000
1111110111101000
1110110010100000
1110001100001000
0000000000000000
1111110010101000
1111110000010000
1110110010100000
1111000010001000
0000000000000011
1110110000010000
0000000000000001
1111000010010000
0000000000001101
1110001100001000
0000000000000000
1111110010101000
1111110000010000
0000000000001101
1111110000100000
1110001100001000
0110010100110011
1110101010000111
0000000000011001
1111110000010000
0000000000000000
1111110111101000
1110110010100000
1110001100001000
0000000000001001
1110110000010000
0000000000000001
1111000010100000
1111110000010000
0000000000000000
1111110111101000
1110110010100000
1110001100001000
0000000000000000
1111110010101000
1111110000010000
1110110010100000
1111000010001000
0000000000000010
1110110000010000
0000000000000001
1111000010100000
1111110000010000
0000000000000000
1111110111101000
1110110010100000
1110001100001000
0000000000000000
1111110010101000
1111110000010000
1110110010100000
1111000010001000
0000000000000110
1110110000010000
0000000000000001
1111000010010000
0000000000001101
1110001100001000
0000000000000000
1111110010101000
1111110000010000
0000000000001101
1111110000100000
1110001100001000
0000000000000110
1110110000010000
0000000000000001
1111000010100000
1111110000010000
0000000000000000
1111110111101000
1110110010100000
1110001100001000
0110011010011100
1110110000010000
0000000000000000
1111110111101000
1110110010100000
1110001100001000
0000000000000001
1111110000010000
0000000000000000
1111110111101000
1110110010100000
1110001100001000
0000000000000010
1111110000010000
0000000000000000
1111110111101000
1110110010100000
1110001100001000
0000000000000011
1111110000010000
0000000000000000
1111110111101000
1110110010100000
1110001100001000
0000000000000100
1111110000010000
0000000000000000
1111110111101000
1110110010100000
1110001100001000
0000000000000000
1111110000010000
0000000000000110
1110010011010000
0000000000000010
1110001100001000
0000000000000000
1111110000010000
0000000000000001
1110001100001000
0010001111000011
1110101010000111
0000000000000111
1110110000010000
0000000000000001
1111000010010000
0000000000001101
1110001100001000
0000000000000000
1111110010101000
1111110000010000
0000000000001101
1111110000100000
1110001100001000
0000000000000000
1110110000010000
0000000000000000
1111110111101000
1110110010100000
1110001100001000
0000000000001000
1110110000010000
0000000000000001
1111000010010000
0000000000001101
1110001100001000
0000000000000000
1111110010101000
1111110000010000
0000000000001101
1111110000100000
1110001100001000
0000000000001000
1110110000010000
0000000000000001
1111000010100000
1111110000010000
0000000000000000
1111110111101000
1110110010100000
1110001100001000
0000000000000101
1110110000010000
0000000000000001
1111000010100000
1111110000010000
0000000000000000
1111110111101000
1110110010100000
1110001100001000
0000000000000000
1111110010101000
1111110000010000
1110110010100000
1111000111010000
0110011011011000
1110001100000001
0000000000000000
1111110010100000
1110101010001000
0110011011011011
1110101010000111
0000000000000000
1111110010100000
1110111010001000
0000000000000000
1111110010100000
1111110001001000
0000000000000000
1111110010100000
1111110001001000
0000000000000000
1111110010101000
1111110000010000
0110011110001111
1110001100000101
0000000000011010
1111110000010000
0000000000000000
1111110111101000
1110110010100000
1110001100001000
0000000000000000
1111110010100000
1111110001001000
0000000000000000
1111110010101000
1111110000010000
0110011100110000
1110001100000101
0000000000000111
1110110000010000
0000000000000001
1111000010100000
1111110000010000
0000000000000000
1111110111101000
1110110010100000
1110001100001000
0000000000011011
1111110000010000
0000000000000000
1111110111101000
1110110010100000
1110001100001000
0000000000001000
1110110000010000
0000000000000001
1111000010100000
1111110000010000
0000000000000000
1111110111101000
1110110010100000
1110001100001000
0000000000000000
1111110010101000
1111110000010000
1110110010100000
1111000010001000
0000000000000000
1111110010101000
1111110000010000
0000000000000100
1110001100001000
0000000000000100
1111110000100000
1111110000010000
0000000000000000
1111110111101000
1110110010100000
1110001100001000
0000000000000000
1111110010101000
1111110000010000
1110110010100000
1111010101001000
0000000000000111
1110110000010000
0000000000000001
1111000010010000
0000000000001101
1110001100001000
0000000000000000
1111110010101000
1111110000010000
0000000000001101
1111110000100000
1110001100001000
0110011101101101
1110101010000111
0000000000000111
1110110000010000
0000000000000001
1111000010100000
1111110000010000
0000000000000000
1111110111101000
1110110010100000
1110001100001000
0000000000011011
1111110000010000
0000000000000000
1111110111101000
1110110010100000
1110001100001000
0000000000001000
1110110000010000
0000000000000001
1111000010100000
1111110000010000
0000000000000000
1111110111101000
1110110010100000
1110001100001000
0000000000000000
1111110010101000
1111110000010000
1110110010100000
1111000010001000
0000000000000000
1111110010101000
1111110000010000
0000000000000100
1110001100001000
0000000000000100
1111110000100000
1111110000010000
0000000000000000
1111110111101000
1110110010100000
1110001100001000
0000000000000000
1111110010100000
1111110001001000
0000000000000000
1111110010101000
1111110000010000
1110110010100000
1111000000001000
0000000000000111
1110110000010000
0000000000000001
1111000010010000
0000000000001101
1110001100001000
0000000000000000
1111110010101000
1111110000010000
0000000000001101
1111110000100000
1110001100001000
0000000000001000
1110110000010000
0000000000000001
1111000010100000
1111110000010000
0000000000000000
1111110111101000
1110110010100000
1110001100001000
0000000000000001
1110110000010000
0000000000000000
1111110111101000
1110110010100000
1110001100001000
0000000000000000
1111110010101000
1111110000010000
1110110010100000
1111000010001000
0000000000001000
1110110000010000
0000000000000001
1111000010010000
0000000000001101
1110001100001000
0000000000000000
1111110010101000
1111110000010000
0000000000001101
1111110000100000
1110001100001000
0110011010111010
1110101010000111
0000000000000110
1110110000010000
0000000000000001
1111000010100000
1111110000010000
0000000000000000
1111110111101000
1110110010100000
1110001100001000
0000000000000111
1110110000010000
0000000000000001
1111000010100000
1111110000010000
0000000000000000
1111110111101000
1110110010100000
1110001100001000
0110011111001011
1110110000010000
0000000000000000
1111110111101000
1110110010100000
1110001100001000
0000000000000001
1111110000010000
0000000000000000
1111110111101000
1110110010100000
1110001100001000
0000000000000010
1111110000010000
0000000000000000
1111110111101000
1110110010100000
1110001100001000
0000000000000011
1111110000010000
0000000000000000
1111110111101000
1110110010100000
1110001100001000
0000000000000100
1111110000010000
0000000000000000
1111110111101000
1110110010100000
1110001100001000
0000000000000000
1111110000010000
0000000000000111
1110010011010000
0000000000000010
1110001100001000
0000000000000000
1111110000010000
0000000000000001
1110001100001000
0010010000100111
1110101010000111
0000000000000000
1111110010101000
1111110000010000
0000000000000101
1110001100001000
0000000000000001
1111110000100000
1111110000010000
0000000000000000
1111110111101000
1110110010100000
1110001100001000
0000000000000001
1110110000010000
0000000000000000
1111110111101000
1110110010100000
1110001100001000
0000000000000000
1111110010101000
1111110000010000
1110110010100000
1111000010001000
0000000000000000
1111110010101000
1111110000010000
0000000000000001
1111110000100000
1110001100001000
0110000011011010
1110101010000111
0000000000000000
1110110000010000
0000000000000000
1111110111101000
1110110010100000
1110001100001000
0000000000000001
1111110000010000
0000000000001101
1110001100001000
0000000000000101
1110010011100000
1111110000010000
0000000000001110
1110001100001000
0000000000000000
1111110010101000
1111110000010000
0000000000000010
1111110000100000
1110001100001000
0000000000000010
1111110111010000
0000000000000000
1110001100001000
0000000000001101
1111110000010000
0000000000000001
1110010011100000
1111110000010000
0000000000000100
1110001100001000
0000000000001101
1111110000010000
0000000000000010
1110010011100000
1111110000010000
0000000000000011
1110001100001000
0000000000001101
1111110000010000
0000000000000011
1110010011100000
1111110000010000
0000000000000010
1110001100001000
0000000000001101
1111110000010000
0000000000000100
1110010011100000
1111110000010000
0000000000000001
1110001100001000
0000000000001110
1111110000100000
1110101010000111
0000000000000000
1111110000100000
1110101010001000
1110110111100000
1110101010001000
1110110111100000
1110101010001000
1110110111100000
1110110000010000
0000000000000000
1110001100001000
0000000000000010
1110110000010000
0000000000000010
1111000010100000
1111110000010000
0000000000000000
1111110111101000
1110110010100000
1110001100001000
0000000000000000
1110110000010000
0000000000000000
1111110111101000
1110110010100000
1110001100001000
0000000000000000
1111110010101000
1111110000010000
1110110010100000
1111000111010000
0110100001001000
1110001100000100
0000000000000000
1111110010100000
1110101010001000
0110100001001011
1110101010000111
0000000000000000
1111110010100000
1110111010001000
0000000000000000
1111110010100000
1111110001001000
0000000000000000
1111110010101000
1111110000010000
0110100010001101
1110001100000101
0000000000000000
1110110000010000
0000000000000000
1111110111101000
1110110010100000
1110001100001000
0000000000000001
1111110000010000
0000000000001101
1110001100001000
0000000000000101
1110010011100000
1111110000010000
0000000000001110
1110001100001000
0000000000000000
1111110010101000
1111110000010000
0000000000000010
1111110000100000
1110001100001000
0000000000000010
1111110111010000
0000000000000000
1110001100001000
0000000000001101
1111110000010000
0000000000000001
1110010011100000
1111110000010000
0000000000000100
1110001100001000
0000000000001101
1111110000010000
0000000000000010
1110010011100000
1111110000010000
0000000000000011
1110001100001000
0000000000001101
1111110000010000
0000000000000011
1110010011100000
1111110000010000
0000000000000010
1110001100001000
0000000000001101
1111110000010000
0000000000000100
1110010011100000
1111110000010000
0000000000000001
1110001100001000
0000000000001110
1111110000100000
1110101010000111
0110100010001101
1110101010000111
0000000000000010
1110110000010000
0000000000000010
1111000010100000
1111110000010000
0000000000000000
1111110111101000
1110110010100000
1110001100001000
0000000010110101
1110110000010000
0000000000000000
1111110111101000
1110110010100000
1110001100001000
0000000000000000
1111110010101000
1111110000010000
1110110010100000
1111000111010000
0110100010101000
1110001100000001
0000000000000000
1111110010100000
1110101010001000
0110100010101011
1110101010000111
0000000000000000
1111110010100000
1110111010001000
0000000000000000
1111110010100000
1111110001001000
0000000000000000
1111110010101000
1111110000010000
0110100011000111
1110001100000101
0000000010110101
1110110000010000
0000000000000000
1111110111101000
1110110010100000
1110001100001000
0000000000000010
1110110000010000
0000000000000010
1111000010010000
0000000000001101
1110001100001000
0000000000000000
1111110010101000
1111110000010000
0000000000001101
1111110000100000
1110001100001000
0110100011000111
1110101010000111
0000000000000010
1110110000010000
0000000000000010
1111000010100000
1111110000010000
0000000000000000
1111110111101000
1110110010100000
1110001100001000
0000000000000010
1110110000010000
0000000000000010
1111000010100000
1111110000010000
0000000000000000
1111110111101000
1110110010100000
1110001100001000
0110100100000011
1110110000010000
0000000000000000
1111110111101000
1110110010100000
1110001100001000
0000000000000001
1111110000010000
0000000000000000
1111110111101000
1110110010100000
1110001100001000
0000000000000010
1111110000010000
0000000000000000
1111110111101000
1110110010100000
1110001100001000
0000000000000011
1111110000010000
0000000000000000
1111110111101000
1110110010100000
1110001100001000
0000000000000100
1111110000010000
0000000000000000
1111110111101000
1110110010100000
1110001100001000
0000000000000000
1111110000010000
0000000000000111
1110010011010000
0000000000000010
1110001100001000
0000000000000000
1111110000010000
0000000000000001
1110001100001000
0001101001111010
1110101010000111
0000000000000010
1110110000010000
0000000000000001
1111000010010000
0000000000001101
1110001100001000
0000000000000000
1111110010101000
1111110000010000
0000000000001101
1111110000100000
1110001100001000
0000000000000010
1110110000010000
0000000000000010
1111000010100000
1111110000010000
0000000000000000
1111110111101000
1110110010100000
1110001100001000
0000000000000000
1111110010101000
1111110000010000
0000000000000001
1111110111100000
1110001100001000
0000000000000001
1111110111100000
1111110000010000
0000000000000000
1111110111101000
1110110010100000
1110001100001000
0000000000000000
1110110000010000
0000000000000000
1111110111101000
1110110010100000
1110001100001000
0000000000000000
1111110010101000
1111110000010000
1110110010100000
1111000111010000
0110100100110111
1110001100000100
0000000000000000
1111110010100000
1110101010001000
0110100100111010
1110101010000111
0000000000000000
1111110010100000
1110111010001000
0000000000000000
1111110010100000
1111110001001000
0000000000000000
1111110010100000
1111110001001000
0000000000000000
1111110010101000
1111110000010000
0110101011001011
1110001100000101
0000000000000010
1110110000010000
0000000000000001
1111000010100000
1111110000010000
0000000000000000
1111110111101000
1110110010100000
1110001100001000
0000000000000001
1111110111100000
1111110000010000
0000000000000000
1111110111101000
1110110010100000
1110001100001000
0000000000000001
1111110111100000
1111110000010000
0000000000000000
1111110111101000
1110110010100000
1110001100001000
0110100110000110
1110110000010000
0000000000000000
1111110111101000
1110110010100000
1110001100001000
0000000000000001
1111110000010000
0000000000000000
1111110111101000
1110110010100000
1110001100001000
0000000000000010
1111110000010000
0000000000000000
1111110111101000
1110110010100000
1110001100001000
0000000000000011
1111110000010000
0000000000000000
1111110111101000
1110110010100000
1110001100001000
0000000000000100
1111110000010000
0000000000000000
1111110111101000
1110110010100000
1110001100001000
0000000000000000
1111110000010000
0000000000000111
1110010011010000
0000000000000010
1110001100001000
0000000000000000
1111110000010000
0000000000000001
1110001100001000
0001101001111010
1110101010000111
0000000000000000
1111110010101000
1111110000010000
1110110010100000
1111000111001000
0110100110110101
1110110000010000
0000000000000000
1111110111101000
1110110010100000
1110001100001000
0000000000000001
1111110000010000
0000000000000000
1111110111101000
1110110010100000
1110001100001000
0000000000000010
1111110000010000
0000000000000000
1111110111101000
1110110010100000
1110001100001000
0000000000000011
1111110000010000
0000000000000000
1111110111101000
1110110010100000
1110001100001000
0000000000000100
1111110000010000
0000000000000000
1111110111101000
1110110010100000
1110001100001000
0000000000000000
1111110000010000
0000000000000110
1110010011010000
0000000000000010
1110001100001000
0000000000000000
1111110000010000
0000000000000001
1110001100001000
0010000110001010
1110101010000111
0000000000000000
1111110010101000
1111110000010000
0000000000000001
1111110000100000
1110001100001000
0000000000000010
1111110000100000
1111110000010000
0000000000000000
1111110111101000
1110110010100000
1110001100001000
0000000000000001
1111110000100000
1111110000010000
0000000000000000
1111110111101000
1110110010100000
1110001100001000
0000000000000000
1111110010101000
1111110000010000
1110110010100000
1111000111001000
0000000000000010
1111110111100000
1111110000010000
0000000000000000
1111110111101000
1110110010100000
1110001100001000
0000000000000001
1111110111100000
1111110000010000
0000000000000000
1111110111101000
1110110010100000
1110001100001000
0000000000000000
1111110010101000
1111110000010000
1110110010100000
1111000111001000
0000000000000010
1111110000100000
1111110000010000
0000000000000000
1111110111101000
1110110010100000
1110001100001000
0000000000000001
1111110000100000
1111110000010000
0000000000000000
1111110111101000
1110110010100000
1110001100001000
0000000000000000
1111110010101000
1111110000010000
1110110010100000
1111000010001000
0000000000000010
1111110111100000
1111110000010000
0000000000000000
1111110111101000
1110110010100000
1110001100001000
0000000000000001
1111110111100000
1111110000010000
0000000000000000
1111110111101000
1110110010100000
1110001100001000
0000000000000000
1111110010101000
1111110000010000
1110110010100000
1111000111001000
0110101000110001
1110110000010000
0000000000000000
1111110111101000
1110110010100000
1110001100001000
0000000000000001
1111110000010000
0000000000000000
1111110111101000
1110110010100000
1110001100001000
0000000000000010
1111110000010000
0000000000000000
1111110111101000
1110110010100000
1110001100001000
0000000000000011
1111110000010000
0000000000000000
1111110111101000
1110110010100000
1110001100001000
0000000000000100
1111110000010000
0000000000000000
1111110111101000
1110110010100000
1110001100001000
0000000000000000
1111110000010000
0000000000001001
1110010011010000
0000000000000010
1110001100001000
0000000000000000
1111110000010000
0000000000000001
1110001100001000
0101011101001010
1110101010000111
0000000000000000
1111110010101000
1111110000010000
0000000000000101
1110001100001000
0000000000000010
1111110000100000
1111110000010000
0000000000000000
1111110111101000
1110110010100000
1110001100001000
0000000000000001
1111110000100000
1111110000010000
0000000000000000
1111110111101000
1110110010100000
1110001100001000
0000000000000000
1111110010101000
1111110000010000
1110110010100000
1111000111001000
0000000000000010
1111110111100000
1111110000010000
0000000000000000
1111110111101000
1110110010100000
1110001100001000
0000000000000001
1111110111100000
1111110000010000
0000000000000000
1111110111101000
1110110010100000
1110001100001000
0000000000000000
1111110010101000
1111110000010000
1110110010100000
1111000010001000
0000000000000010
1111110000100000
1111110000010000
0000000000000000
1111110111101000
1110110010100000
1110001100001000
0000000000000001
1111110000100000
1111110000010000
0000000000000000
1111110111101000
1110110010100000
1110001100001000
0000000000000000
1111110010101000
1111110000010000
1110110010100000
1111000010001000
0000000000000010
1111110111100000
1111110000010000
0000000000000000
1111110111101000
1110110010100000
1110001100001000
0000000000000001
1111110111100000
1111110000010000
0000000000000000
1111110111101000
1110110010100000
1110001100001000
0000000000000000
1111110010101000
1111110000010000
1110110010100000
1111000010001000
0110101010101100
1110110000010000
0000000000000000
1111110111101000
1110110010100000
1110001100001000
0000000000000001
1111110000010000
0000000000000000
1111110111101000
1110110010100000
1110001100001000
0000000000000010
1111110000010000
0000000000000000
1111110111101000
1110110010100000
1110001100001000
0000000000000011
1111110000010000
0000000000000000
1111110111101000
1110110010100000
1110001100001000
0000000000000100
1111110000010000
0000000000000000
1111110111101000
1110110010100000
1110001100001000
0000000000000000
1111110000010000
0000000000001001
1110010011010000
0000000000000010
1110001100001000
0000000000000000
1111110000010000
0000000000000001
1110001100001000
0101011101001010
1110101010000111
0000000000000000
1111110010101000
1111110000010000
0000000000000101
1110001100001000
0000000000000001
1111110111100000
1111110000010000
0000000000000000
1111110111101000
1110110010100000
1110001100001000
0000000000000001
1110110000010000
0000000000000000
1111110111101000
1110110010100000
1110001100001000
0000000000000000
1111110010101000
1111110000010000
1110110010100000
1111000111001000
0000000000000000
1111110010101000
1111110000010000
0000000000000001
1111110111100000
1110001100001000
0110100100011110
1110101010000111
0000000000000000
1110110000010000
0000000000000000
1111110111101000
1110110010100000
1110001100001000
0000000000000001
1111110000010000
0000000000001101
1110001100001000
0000000000000101
1110010011100000
1111110000010000
0000000000001110
1110001100001000
0000000000000000
1111110010101000
1111110000010000
0000000000000010
1111110000100000
1110001100001000
0000000000000010
1111110111010000
0000000000000000
1110001100001000
0000000000001101
1111110000010000
0000000000000001
1110010011100000
1111110000010000
0000000000000100
1110001100001000
0000000000001101
1111110000010000
0000000000000010
1110010011100000
1111110000010000
0000000000000011
1110001100001000
0000000000001101
1111110000010000
0000000000000011
1110010011100000
1111110000010000
0000000000000010
1110001100001000
0000000000001101
1111110000010000
0000000000000100
1110010011100000
1111110000010000
0000000000000001
1110001100001000
0000000000001110
1111110000100000
1110101010000111
0000000000000011
1110110000010000
0000000000000000
1111110111101000
1110110010100000
1110001100001000
0110101100110011
1110110000010000
0000000000000000
1111110111101000
1110110010100000
1110001100001000
0000000000000001
1111110000010000
0000000000000000
1111110111101000
1110110010100000
1110001100001000
0000000000000010
1111110000010000
0000000000000000
1111110111101000
1110110010100000
1110001100001000
0000000000000011
1111110000010000
0000000000000000
1111110111101000
1110110010100000
1110001100001000
0000000000000100
1111110000010000
0000000000000000
1111110111101000
1110110010100000
1110001100001000
0000000000000000
1111110000010000
0000000000000110
1110010011010000
0000000000000010
1110001100001000
0000000000000000
1111110000010000
0000000000000001
1110001100001000
0010010010100010
1110101010000111
0000000000000000
1111110010101000
1111110000010000
0000000000000011
1110001100001000
0000000000000010
1111110000100000
1111110000010000
0000000000000000
1111110111101000
1110110010100000
1110001100001000
0000000000000000
1110110000010000
0000000000000000
1111110111101000
1110110010100000
1110001100001000
0000000000000000
1111110010101000
1111110000010000
1110110010100000
1111000111010000
0110101101010001
1110001100000010
0000000000000000
1111110010100000
1110101010001000
0110101101010100
1110101010000111
0000000000000000
1111110010100000
1110111010001000
0000000000000000
1111110010100000
1111110001001000
0000000000000000
1111110010101000
1111110000010000
0110101101101010
1110001100000101
0000000000000001
1110110000010000
0000000000000000
1111110111101000
1110110010100000
1110001100001000
0000000000000000
1111110010101000
1111110000010000
0000000000000010
1111110000100000
1110001100001000
0110101101101010
1110101010000111
0000000000000010
1111110000100000
1111110000010000
0000000000000000
1111110111101000
1110110010100000
1110001100001000
0110101110011011
1110110000010000
0000000000000000
1111110111101000
1110110010100000
1110001100001000
0000000000000001
1111110000010000
0000000000000000
1111110111101000
1110110010100000
1110001100001000
0000000000000010
1111110000010000
0000000000000000
1111110111101000
1110110010100000
1110001100001000
0000000000000011
1111110000010000
0000000000000000
1111110111101000
1110110010100000
1110001100001000
0000000000000100
1111110000010000
0000000000000000
1111110111101000
1110110010100000
1110001100001000
0000000000000000
1111110000010000
0000000000000110
1110010011010000
0000000000000010
1110001100001000
0000000000000000
1111110000010000
0000000000000001
1110001100001000
0000000000101110
1110101010000111
0000000000000000
1111110010101000
1111110000010000
0000000000000011
1111110000100000
1110001100001000
0000000000000000
1110110000010000
0000000000000000
1111110111101000
1110110010100000
1110001100001000
0000000000000000
1111110010101000
1111110000010000
0000000000000011
1111110111100000
1110001100001000
0000000000000010
1111110000100000
1111110000010000
0000000000000000
1111110111101000
1110110010100000
1110001100001000
0000000000000010
1110110000010000
0000000000000011
1111000010010000
0000000000001101
1110001100001000
0000000000000000
1111110010101000
1111110000010000
0000000000001101
1111110000100000
1110001100001000
0000000000000011
1111110000010000
0000000000000000
1111110111101000
1110110010100000
1110001100001000
0000000000000001
1111110000010000
0000000000001101
1110001100001000
0000000000000101
1110010011100000
1111110000010000
0000000000001110
1110001100001000
0000000000000000
1111110010101000
1111110000010000
0000000000000010
1111110000100000
1110001100001000
0000000000000010
1111110111010000
0000000000000000
1110001100001000
0000000000001101
1111110000010000
0000000000000001
1110010011100000
1111110000010000
0000000000000100
1110001100001000
0000000000001101
1111110000010000
0000000000000010
1110010011100000
1111110000010000
0000000000000011
1110001100001000
0000000000001101
1111110000010000
0000000000000011
1110010011100000
1111110000010000
0000000000000010
1110001100001000
0000000000001101
1111110000010000
0000000000000100
1110010011100000
1111110000010000
0000000000000001
1110001100001000
0000000000001110
1111110000100000
1110101010000111
0000000000000010
1111110000100000
1111110000010000
0000000000000000
1111110111101000
1110110010100000
1110001100001000
0000000000000000
1111110010101000
1111110000010000
0000000000000011
1110001100001000
0000000000000011
1111110000100000
1111110000010000
0000000000000000
1111110111101000
1110110010100000
1110001100001000
0110110000110101
1110110000010000
0000000000000000
1111110111101000
1110110010100000
1110001100001000
0000000000000001
1111110000010000
0000000000000000
1111110111101000
1110110010100000
1110001100001000
0000000000000010
1111110000010000
0000000000000000
1111110111101000
1110110010100000
1110001100001000
0000000000000011
1111110000010000
0000000000000000
1111110111101000
1110110010100000
1110001100001000
0000000000000100
1111110000010000
0000000000000000
1111110111101000
1110110010100000
1110001100001000
0000000000000000
1111110000010000
0000000000000110
1110010011010000
0000000000000010
1110001100001000
0000000000000000
1111110000010000
0000000000000001
1110001100001000
0000000010100101
1110101010000111
0000000000000000
1111110010101000
1111110000010000
0000000000000101
1110001100001000
0000000000000011
1111110000010000
0000000000000000
1111110111101000
1110110010100000
1110001100001000
0110110001101010
1110110000010000
0000000000000000
1111110111101000
1110110010100000
1110001100001000
0000000000000001
1111110000010000
0000000000000000
1111110111101000
1110110010100000
1110001100001000
0000000000000010
1111110000010000
0000000000000000
1111110111101000
1110110010100000
1110001100001000
0000000000000011
1111110000010000
0000000000000000
1111110111101000
1110110010100000
1110001100001000
0000000000000100
1111110000010000
0000000000000000
1111110111101000
1110110010100000
1110001100001000
0000000000000000
1111110000010000
0000000000000110
1110010011010000
0000000000000010
1110001100001000
0000000000000000
1111110000010000
0000000000000001
1110001100001000
0010100001101110
1110101010000111
0000000000000000
1111110010101000
1111110000010000
0000000000000101
1110001100001000
0000000000000000
1110110000010000
0000000000000000
1111110111101000
1110110010100000
1110001100001000
0000000000000001
1111110000010000
0000000000001101
1110001100001000
0000000000000101
1110010011100000
1111110000010000
0000000000001110
1110001100001000
0000000000000000
1111110010101000
1111110000010000
0000000000000010
1111110000100000
1110001100001000
0000000000000010
1111110111010000
0000000000000000
1110001100001000
0000000000001101
1111110000010000
0000000000000001
1110010011100000
1111110000010000
0000000000000100
1110001100001000
0000000000001101
1111110000010000
0000000000000010
1110010011100000
1111110000010000
0000000000000011
1110001100001000
0000000000001101
1111110000010000
0000000000000011
1110010011100000
1111110000010000
0000000000000010
1110001100001000
0000000000001101
1111110000010000
0000000000000100
1110010011100000
1111110000010000
0000000000000001
1110001100001000
0000000000001110
1111110000100000
1110101010000111
0000000000000010
1111110000100000
1111110000010000
0000000000000000
1111110111101000
1110110010100000
1110001100001000
0000000000000000
1111110010101000
1111110000010000
0000000000000011
1110001100001000
0000000000000011
1111110111100000
1111110000010000
0000000000000000
1111110111101000
1110110010100000
1110001100001000
0000000000000001
1111110000010000
0000000000001101
1110001100001000
0000000000000101
1110010011100000
1111110000010000
0000000000001110
1110001100001000
0000000000000000
1111110010101000
1111110000010000
0000000000000010
1111110000100000
1110001100001000
0000000000000010
1111110111010000
0000000000000000
1110001100001000
0000000000001101
1111110000010000
0000000000000001
1110010011100000
1111110000010000
0000000000000100
1110001100001000
0000000000001101
1111110000010000
0000000000000010
1110010011100000
1111110000010000
0000000000000011
1110001100001000
0000000000001101
1111110000010000
0000000000000011
1110010011100000
1111110000010000
0000000000000010
1110001100001000
0000000000001101
1111110000010000
0000000000000100
1110010011100000
1111110000010000
0000000000000001
1110001100001000
0000000000001110
1111110000100000
1110101010000111
0000000000000010
1111110000100000
1111110000010000
0000000000000000
1111110111101000
1110110010100000
1110001100001000
0000000000000000
1111110010101000
1111110000010000
0000000000000011
1110001100001000
0000000000000011
1111110000100000
1111110000010000
0000000000000000
1111110111101000
1110110010100000
1110001100001000
0000000000000010
1111110111100000
1111110000010000
0000000000000000
1111110111101000
1110110010100000
1110001100001000
0000000000000000
1111110010101000
1111110000010000
1110110010100000
1111000010001000
0000000000000000
1111110010101000
1111110000010000
0000000000000100
1110001100001000
0000000000000100
1111110000100000
1111110000010000
0000000000000000
1111110111101000
1110110010100000
1110001100001000
0000000000000001
1111110000010000
0000000000001101
1110001100001000
0000000000000101
1110010011100000
1111110000010000
0000000000001110
1110001100001000
0000000000000000
1111110010101000
1111110000010000
0000000000000010
1111110000100000
1110001100001000
0000000000000010
1111110111010000
0000000000000000
1110001100001000
0000000000001101
1111110000010000
0000000000000001
1110010011100000
1111110000010000
0000000000000100
1110001100001000
0000000000001101
1111110000010000
0000000000000010
1110010011100000
1111110000010000
0000000000000011
1110001100001000
0000000000001101
1111110000010000
0000000000000011
1110010011100000
1111110000010000
0000000000000010
1110001100001000
0000000000001101
1111110000010000
0000000000000100
1110010011100000
1111110000010000
0000000000000001
1110001100001000
0000000000001110
1111110000100000
1110101010000111
0000000000000010
1111110000100000
1111110000010000
0000000000000000
1111110111101000
1110110010100000
1110001100001000
0000000000000000
1111110010101000
1111110000010000
0000000000000011
1110001100001000
0000000000000011
1111110000100000
1111110000010000
0000000000000000
1111110111101000
1110110010100000
1110001100001000
0000000000000010
1111110111100000
1111110000010000
0000000000000000
1111110111101000
1110110010100000
1110001100001000
0000000000000000
1111110010101000
1111110000010000
1110110010100000
1111000010001000
0000000000000010
1110110000010000
0000000000000010
1111000010100000
1111110000010000
0000000000000000
1111110111101000
1110110010100000
1110001100001000
0000000000000000
1111110010101000
1111110000010000
0000000000000101
1110001100001000
0000000000000000
1111110010101000
1111110000010000
0000000000000100
1110001100001000
0000000000000101
1111110000010000
0000000000000000
1111110111101000
1110110010100000
1110001100001000
0000000000000000
1111110010101000
1111110000010000
0000000000000100
1111110000100000
1110001100001000
0000000000000000
1110110000010000
0000000000000000
1111110111101000
1110110010100000
1110001100001000
0000000000000001
1111110000010000
0000000000001101
1110001100001000
0000000000000101
1110010011100000
1111110000010000
0000000000001110
1110001100001000
0000000000000000
1111110010101000
1111110000010000
0000000000000010
1111110000100000
1110001100001000
0000000000000010
1111110111010000
0000000000000000
1110001100001000
0000000000001101
1111110000010000
0000000000000001
1110010011100000
1111110000010000
0000000000000100
1110001100001000
0000000000001101
1111110000010000
0000000000000010
1110010011100000
1111110000010000
0000000000000011
1110001100001000
0000000000001101
1111110000010000
0000000000000011
1110010011100000
1111110000010000
0000000000000010
1110001100001000
0000000000001101
1111110000010000
0000000000000100
1110010011100000
1111110000010000
0000000000000001
1110001100001000
0000000000001110
1111110000100000
1110101010000111
0000000000000010
1111110000100000
1111110000010000
0000000000000000
1111110111101000
1110110010100000
1110001100001000
0000000000000000
1111110010101000
1111110000010000
0000000000000011
1110001100001000
0000000000000011
1111110111100000
1111110000010000
0000000000000000
1111110111101000
1110110010100000
1110001100001000
0000000000000010
1110110000010000
0000000000000011
1111000010100000
1111110000010000
0000000000000000
1111110111101000
1110110010100000
1110001100001000
0000000000000000
1111110010101000
1111110000010000
1110110010100000
1111000111010000
0110110111100111
1110001100000100
0000000000000000
1111110010100000
1110101010001000
0110110111101010
1110101010000111
0000000000000000
1111110010100000
1110111010001000
0000000000000000
1111110010100000
1111110001001000
0000000000000000
1111110010101000
1111110000010000
0110111000111100
1110001100000101
0000000000000011
1111110000100000
1111110000010000
0000000000000000
1111110111101000
1110110010100000
1110001100001000
0000000000000011
1111110111100000
1111110000010000
0000000000000000
1111110111101000
1110110010100000
1110001100001000
0000000000000000
1111110010101000
1111110000010000
1110110010100000
1111000010001000
0000000000000010
1111110111100000
1111110000010000
0000000000000000
1111110111101000
1110110010100000
1110001100001000
0000000000000000
1111110010101000
1111110000010000
0000000000000101
1110001100001000
0000000000000000
1111110010101000
1111110000010000
0000000000000100
1110001100001000
0000000000000101
1111110000010000
0000000000000000
1111110111101000
1110110010100000
1110001100001000
0000000000000000
1111110010101000
1111110000010000
0000000000000100
1111110000100000
1110001100001000
0000000000000011
1111110111100000
1111110000010000
0000000000000000
1111110111101000
1110110010100000
1110001100001000
0000000000000001
1110110000010000
0000000000000000
1111110111101000
1110110010100000
1110001100001000
0000000000000000
1111110010101000
1111110000010000
1110110010100000
1111000010001000
0000000000000000
1111110010101000
1111110000010000
0000000000000011
1111110111100000
1110001100001000
0110111000111100
1110101010000111
0000000000000011
1111110000010000
0000000000000000
1111110111101000
1110110010100000
1110001100001000
0000000000000001
1111110000010000
0000000000001101
1110001100001000
0000000000000101
1110010011100000
1111110000010000
0000000000001110
1110001100001000
0000000000000000
1111110010101000
1111110000010000
0000000000000010
1111110000100000
1110001100001000
0000000000000010
1111110111010000
0000000000000000
1110001100001000
0000000000001101
1111110000010000
0000000000000001
1110010011100000
1111110000010000
0000000000000100
1110001100001000
0000000000001101
1111110000010000
0000000000000010
1110010011100000
1111110000010000
0000000000000011
1110001100001000
0000000000001101
1111110000010000
0000000000000011
1110010011100000
1111110000010000
0000000000000010
1110001100001000
0000000000001101
1111110000010000
0000000000000100
1110010011100000
1111110000010000
0000000000000001
1110001100001000
0000000000001110
1111110000100000
1110101010000111
0000000000000010
1111110000100000
1111110000010000
0000000000000000
1111110111101000
1110110010100000
1110001100001000
0000000000000000
1111110010101000
1111110000010000
0000000000000011
1110001100001000
0000000000000011
1111110111100000
1111110000010000
0000000000000000
1111110111101000
1110110010100000
1110001100001000
0000000000000000
1110110000010000
0000000000000000
1111110111101000
1110110010100000
1110001100001000
0000000000000000
1111110010101000
1111110000010000
1110110010100000
1111000111010000
0110111010011001
1110001100000001
0000000000000000
1111110010100000
1110101010001000
0110111010011100
1110101010000111
0000000000000000
1111110010100000
1110111010001000
0000000000000000
1111110010100000
1111110001001000
0000000000000000
1111110010101000
1111110000010000
0110111011111000
1110001100000101
0000000000000011
1111110000100000
1111110000010000
0000000000000000
1111110111101000
1110110010100000
1110001100001000
0000000000000011
1111110111100000
1111110000010000
0000000000000000
1111110111101000
1110110010100000
1110001100001000
0000000000000001
1110110000010000
0000000000000000
1111110111101000
1110110010100000
1110001100001000
0000000000000000
1111110010101000
1111110000010000
1110110010100000
1111000111001000
0000000000000000
1111110010101000
1111110000010000
1110110010100000
1111000010001000
0000000000000000
1110110000010000
0000000000000000
1111110111101000
1110110010100000
1110001100001000
0000000000000000
1111110010101000
1111110000010000
0000000000000101
1110001100001000
0000000000000000
1111110010101000
1111110000010000
0000000000000100
1110001100001000
0000000000000101
1111110000010000
0000000000000000
1111110111101000
1110110010100000
1110001100001000
0000000000000000
1111110010101000
1111110000010000
0000000000000100
1111110000100000
1110001100001000
0000000000000011
1111110111100000
1111110000010000
0000000000000000
1111110111101000
1110110010100000
1110001100001000
0000000000000001
1110110000010000
0000000000000000
1111110111101000
1110110010100000
1110001100001000
0000000000000000
1111110010101000
1111110000010000
1110110010100000
1111000111001000
0000000000000000
1111110010101000
1111110000010000
0000000000000011
1111110111100000
1110001100001000
0110111011111000
1110101010000111
0000000000000000
1110110000010000
0000000000000000
1111110111101000
1110110010100000
1110001100001000
0000000000000001
1111110000010000
0000000000001101
1110001100001000
0000000000000101
1110010011100000
1111110000010000
0000000000001110
1110001100001000
0000000000000000
1111110010101000
1111110000010000
0000000000000010
1111110000100000
1110001100001000
0000000000000010
1111110111010000
0000000000000000
1110001100001000
0000000000001101
1111110000010000
0000000000000001
1110010011100000
1111110000010000
0000000000000100
1110001100001000
0000000000001101
1111110000010000
0000000000000010
1110010011100000
1111110000010000
0000000000000011
1110001100001000
0000000000001101
1111110000010000
0000000000000011
1110010011100000
1111110000010000
0000000000000010
1110001100001000
0000000000001101
1111110000010000
0000000000000100
1110010011100000
1111110000010000
0000000000000001
1110001100001000
0000000000001110
1111110000100000
1110101010000111
0000000000000000
1111110000100000
1110101010001000
1110110111100000
1110101010001000
1110110111100000
1110101010001000
1110110111100000
1110101010001000
1110110111100000
1110110000010000
0000000000000000
1110001100001000
0000000000000010
1111110000100000
1111110000010000
0000000000000000
1111110111101000
1110110010100000
1110001100001000
0000000000000000
1111110010101000
1111110000010000
0000000000000011
1110001100001000
0000000000000000
1110110000010000
0000000000000000
1111110111101000
1110110010100000
1110001100001000
0000000000000000
1111110010101000
1111110000010000
0000000000000001
1111110000100000
1110001100001000
0000000000000000
1110110000010000
0000000000000000
1111110111101000
1110110010100000
1110001100001000
0000000000000000
1111110010101000
1111110000010000
0000000000000001
1111110111100000
1110001100001000
0000000000000000
1110110000010000
0000000000000000
1111110111101000
1110110010100000
1110001100001000
0000000000000011
1110110000010000
0000000000000001
1111000010010000
0000000000001101
1110001100001000
0000000000000000
1111110010101000
1111110000010000
0000000000001101
1111110000100000
1110001100001000
0000000000000011
1111110111100000
1111110000010000
0000000000000000
1111110111101000
1110110010100000
1110001100001000
0000000000000000
1110110000010000
0000000000000000
1111110111101000
1110110010100000
1110001100001000
0000000000000000
1111110010101000
1111110000010000
1110110010100000
1111000111010000
0110111110001100
1110001100000001
0000000000000000
1111110010100000
1110101010001000
0110111110001111
1110101010000111
0000000000000000
1111110010100000
1110111010001000
0000000000000011
1111110000100000
1111110000010000
0000000000000000
1111110111101000
1110110010100000
1110001100001000
0000000000000000
1110110000010000
0000000000000000
1111110111101000
1110110010100000
1110001100001000
0000000000000000
1111110010101000
1111110000010000
1110110010100000
1111000010001000
0000000000000000
1111110010101000
1111110000010000
0000000000000100
1110001100001000
0000000000000100
1111110000100000
1111110000010000
0000000000000000
1111110111101000
1110110010100000
1110001100001000
0000000000101101
1110110000010000
0000000000000000
1111110111101000
1110110010100000
1110001100001000
0000000000000000
1111110010101000
1111110000010000
1110110010100000
1111000111010000
0110111110111111
1110001100000010
0000000000000000
1111110010100000
1110101010001000
0110111111000010
1110101010000111
0000000000000000
1111110010100000
1110111010001000
0000000000000000
1111110010101000
1111110000010000
1110110010100000
1111000000001000
0000000000000000
1111110010100000
1111110001001000
0000000000000000
1111110010101000
1111110000010000
0110111111110010
1110001100000101
0000000000000000
1110110000010000
0000000000000000
1111110111101000
1110110010100000
1110001100001000
0000000000000000
1111110010100000
1111110001001000
0000000000000011
1110110000010000
0000000000000001
1111000010010000
0000000000001101
1110001100001000
0000000000000000
1111110010101000
1111110000010000
0000000000001101
1111110000100000
1110001100001000
0000000000000001
1110110000010000
0000000000000000
1111110111101000
1110110010100000
1110001100001000
0000000000000000
1111110010101000
1111110000010000
0000000000000001
1111110111100000
1110001100001000
0110111111110010
1110101010000111
0000000000000001
1111110111100000
1111110000010000
0000000000000000
1111110111101000
1110110010100000
1110001100001000
0000000000000011
1111110111100000
1111110000010000
0000000000000000
1111110111101000
1110110010100000
1110001100001000
0000000000000000
1111110010101000
1111110000010000
1110110010100000
1111000111010000
0111000000001100
1110001100000100
0000000000000000
1111110010100000
1110101010001000
0111000000001111
1110101010000111
0000000000000000
1111110010100000
1110111010001000
0000000000000000
1111110010100000
1111110001001000
0000000000000000
1111110010101000
1111110000010000
0111000010110010
1110001100000101
0000000000000011
1111110000100000
1111110000010000
0000000000000000
1111110111101000
1110110010100000
1110001100001000
0000000000000001
1111110111100000
1111110000010000
0000000000000000
1111110111101000
1110110010100000
1110001100001000
0000000000000000
1111110010101000
1111110000010000
1110110010100000
1111000010001000
0000000000000000
1111110010101000
1111110000010000
0000000000000100
1110001100001000
0000000000000100
1111110000100000
1111110000010000
0000000000000000
1111110111101000
1110110010100000
1110001100001000
0000000000110000
1110110000010000
0000000000000000
1111110111101000
1110110010100000
1110001100001000
0000000000000000
1111110010101000
1111110000010000
1110110010100000
1111000111001000
0000000000000010
1110110000010000
0000000000000001
1111000010010000
0000000000001101
1110001100001000
0000000000000000
1111110010101000
1111110000010000
0000000000001101
1111110000100000
1110001100001000
0000000000000001
1111110000100000
1111110000010000
0000000000000000
1111110111101000
1110110010100000
1110001100001000
0000000000001010
1110110000010000
0000000000000000
1111110111101000
1110110010100000
1110001100001000
0111000010000100
1110110000010000
0000000000000000
1111110111101000
1110110010100000
1110001100001000
0000000000000001
1111110000010000
0000000000000000
1111110111101000
1110110010100000
1110001100001000
0000000000000010
1111110000010000
0000000000000000
1111110111101000
1110110010100000
1110001100001000
0000000000000011
1111110000010000
0000000000000000
1111110111101000
1110110010100000
1110001100001000
0000000000000100
1111110000010000
0000000000000000
1111110111101000
1110110010100000
1110001100001000
0000000000000000
1111110000010000
0000000000000111
1110010011010000
0000000000000010
1110001100001000
0000000000000000
1111110000010000
0000000000000001
1110001100001000
0001101001111010
1110101010000111
0000000000000010
1110110000010000
0000000000000001
1111000010100000
1111110000010000
0000000000000000
1111110111101000
1110110010100000
1110001100001000
0000000000000000
1111110010101000
1111110000010000
1110110010100000
1111000010001000
0000000000000000
1111110010101000
1111110000010000
0000000000000001
1111110000100000
1110001100001000
0000000000000001
1111110111100000
1111110000010000
0000000000000000
1111110111101000
1110110010100000
1110001100001000
0000000000000001
1110110000010000
0000000000000000
1111110111101000
1110110010100000
1110001100001000
0000000000000000
1111110010101000
1111110000010000
1110110010100000
1111000010001000
0000000000000000
1111110010101000
1111110000010000
0000000000000001
1111110111100000
1110001100001000
0110111111110010
1110101010000111
0000000000000011
1110110000010000
0000000000000001
1111000010100000
1111110000010000
0000000000000000
1111110111101000
1110110010100000
1110001100001000
0000000000000000
1111110010100000
1111110001001000
0000000000000000
1111110010101000
1111110000010000
0111000100000001
1110001100000101
0000000000000001
1111110000100000
1111110000010000
0000000000000000
1111110111101000
1110110010100000
1110001100001000
0000000000000000
1111110010100000
1111110011001000
0000000000000001
1111110000010000
0000000000001101
1110001100001000
0000000000000101
1110010011100000
1111110000010000
0000000000001110
1110001100001000
0000000000000000
1111110010101000
1111110000010000
0000000000000010
1111110000100000
1110001100001000
0000000000000010
1111110111010000
0000000000000000
1110001100001000
0000000000001101
1111110000010000
0000000000000001
1110010011100000
1111110000010000
0000000000000100
1110001100001000
0000000000001101
1111110000010000
0000000000000010
1110010011100000
1111110000010000
0000000000000011
1110001100001000
0000000000001101
1111110000010000
0000000000000011
1110010011100000
1111110000010000
0000000000000010
1110001100001000
0000000000001101
1111110000010000
0000000000000100
1110010011100000
1111110000010000
0000000000000001
1110001100001000
0000000000001110
1111110000100000
1110101010000111
0111000100111010
1110101010000111
0000000000000001
1111110000100000
1111110000010000
0000000000000000
1111110111101000
1110110010100000
1110001100001000
0000000000000001
1111110000010000
0000000000001101
1110001100001000
0000000000000101
1110010011100000
1111110000010000
0000000000001110
1110001100001000
0000000000000000
1111110010101000
1111110000010000
0000000000000010
1111110000100000
1110001100001000
0000000000000010
1111110111010000
0000000000000000
1110001100001000
0000000000001101
1111110000010000
0000000000000001
1110010011100000
1111110000010000
0000000000000100
1110001100001000
0000000000001101
1111110000010000
0000000000000010
1110010011100000
1111110000010000
0000000000000011
1110001100001000
0000000000001101
1111110000010000
0000000000000011
1110010011100000
1111110000010000
0000000000000010
1110001100001000
0000000000001101
1111110000010000
0000000000000100
1110010011100000
1111110000010000
0000000000000001
1110001100001000
0000000000001110
1111110000100000
1110101010000111
0000000000000010
1111110000100000
1111110000010000
0000000000000000
1111110111101000
1110110010100000
1110001100001000
0000000000000000
1111110010101000
1111110000010000
0000000000000011
1110001100001000
0000000000000000
1110110000010000
0000000000000000
1111110111101000
1110110010100000
1110001100001000
0000000000000000
1111110010101000
1111110000010000
0000000000000011
1111110111100000
1110001100001000
0000000000000010
1111110111100000
1111110000010000
0000000000000000
1111110111101000
1110110010100000
1110001100001000
0000000000000000
1110110000010000
0000000000000000
1111110111101000
1110110010100000
1110001100001000
0000000000000000
1111110010101000
1111110000010000
1110110010100000
1111000111010000
0111000101101011
1110001100000100
0000000000000000
1111110010100000
1110101010001000
0111000101101110
1110101010000111
0000000000000000
1111110010100000
1110111010001000
0000000000000000
1111110010100000
1111110001001000
0000000000000000
1111110010101000
1111110000010000
0111000111000011
1110001100000101
0000000000000010
1111110111100000
1111110000010000
0000000000000000
1111110111101000
1110110010100000
1110001100001000
0000000000000000
1111110010100000
1111110011001000
0000000000000000
1111110010101000
1111110000010000
0000000000000010
1111110111100000
1110001100001000
0000000000000011
1111110000010000
0000000000000000
1111110111101000
1110110010100000
1110001100001000
0000000000101101
1110110000010000
0000000000000000
1111110111101000
1110110010100000
1110001100001000
0111000110111100
1110110000010000
0000000000000000
1111110111101000
1110110010100000
1110001100001000
0000000000000001
1111110000010000
0000000000000000
1111110111101000
1110110010100000
1110001100001000
0000000000000010
1111110000010000
0000000000000000
1111110111101000
1110110010100000
1110001100001000
0000000000000011
1111110000010000
0000000000000000
1111110111101000
1110110010100000
1110001100001000
0000000000000100
1111110000010000
0000000000000000
1111110111101000
1110110010100000
1110001100001000
0000000000000000
1111110000010000
0000000000000111
1110010011010000
0000000000000010
1110001100001000
0000000000000000
1111110000010000
0000000000000001
1110001100001000
0110110110111111
1110101010000111
0000000000000000
1111110010101000
1111110000010000
0000000000000101
1110001100001000
0111000111000011
1110101010000111
0000000000000011
1111110000010000
0000000000000000
1111110111101000
1110110010100000
1110001100001000
0000000000000010
1111110111100000
1111110000010000
0000000000000000
1111110111101000
1110110010100000
1110001100001000
0111000111111010
1110110000010000
0000000000000000
1111110111101000
1110110010100000
1110001100001000
0000000000000001
1111110000010000
0000000000000000
1111110111101000
1110110010100000
1110001100001000
0000000000000010
1111110000010000
0000000000000000
1111110111101000
1110110010100000
1110001100001000
0000000000000011
1111110000010000
0000000000000000
1111110111101000
1110110010100000
1110001100001000
0000000000000100
1111110000010000
0000000000000000
1111110111101000
1110110010100000
1110001100001000
0000000000000000
1111110000010000
0000000000000111
1110010011010000
0000000000000010
1110001100001000
0000000000000000
1111110000010000
0000000000000001
1110001100001000
0111001000110111
1110101010000111
0000000000000000
1111110010101000
1111110000010000
0000000000000101
1110001100001000
0000000000000000
1110110000010000
0000000000000000
1111110111101000
1110110010100000
1110001100001000
0000000000000001
1111110000010000
0000000000001101
1110001100001000
0000000000000101
1110010011100000
1111110000010000
0000000000001110
1110001100001000
0000000000000000
1111110010101000
1111110000010000
0000000000000010
1111110000100000
1110001100001000
0000000000000010
1111110111010000
0000000000000000
1110001100001000
0000000000001101
1111110000010000
0000000000000001
1110010011100000
1111110000010000
0000000000000100
1110001100001000
0000000000001101
1111110000010000
0000000000000010
1110010011100000
1111110000010000
0000000000000011
1110001100001000
0000000000001101
1111110000010000
0000000000000011
1110010011100000
1111110000010000
0000000000000010
1110001100001000
0000000000001101
1111110000010000
0000000000000100
1110010011100000
1111110000010000
0000000000000001
1110001100001000
0000000000001110
1111110000100000
1110101010000111
0000000000000000
1111110000100000
1110101010001000
1110110111100000
1110101010001000
1110110111100000
1110110000010000
0000000000000000
1110001100001000
0000000000000010
1111110000100000
1111110000010000
0000000000000000
1111110111101000
1110110010100000
1110001100001000
0000000000000000
1111110010101000
1111110000010000
0000000000000011
1110001100001000
0000000000000010
1111110111100000
1111110000010000
0000000000000000
1111110111101000
1110110010100000
1110001100001000
0000000000000010
1111110111100000
1111110000010000
0000000000000000
1111110111101000
1110110010100000
1110001100001000
0000000000001010
1110110000010000
0000000000000000
1111110111101000
1110110010100000
1110001100001000
0111001010001010
1110110000010000
0000000000000000
1111110111101000
1110110010100000
1110001100001000
0000000000000001
1111110000010000
0000000000000000
1111110111101000
1110110010100000
1110001100001000
0000000000000010
1111110000010000
0000000000000000
1111110111101000
1110110010100000
1110001100001000
0000000000000011
1111110000010000
0000000000000000
1111110111101000
1110110010100000
1110001100001000
0000000000000100
1111110000010000
0000000000000000
1111110111101000
1110110010100000
1110001100001000
0000000000000000
1111110000010000
0000000000000111
1110010011010000
0000000000000010
1110001100001000
0000000000000000
1111110000010000
0000000000000001
1110001100001000
0001101110110001
1110101010000111
0000000000001010
1110110000010000
0000000000000000
1111110111101000
1110110010100000
1110001100001000
0111001010111010
1110110000010000
0000000000000000
1111110111101000
1110110010100000
1110001100001000
0000000000000001
1111110000010000
0000000000000000
1111110111101000
1110110010100000
1110001100001000
0000000000000010
1111110000010000
0000000000000000
1111110111101000
1110110010100000
1110001100001000
0000000000000011
1111110000010000
0000000000000000
1111110111101000
1110110010100000
1110001100001000
0000000000000100
1111110000010000
0000000000000000
1111110111101000
1110110010100000
1110001100001000
0000000000000000
1111110000010000
0000000000000111
1110010011010000
0000000000000010
1110001100001000
0000000000000000
1111110000010000
0000000000000001
1110001100001000
0001101001111010
1110101010000111
0000000000000000
1111110010101000
1111110000010000
1110110010100000
1111000111001000
0000000000000000
1111110010101000
1111110000010000
0000000000000001
1111110000100000
1110001100001000
0000000000000001
1111110000100000
1111110000010000
0000000000000000
1111110111101000
1110110010100000
1110001100001000
0000000000110000
1110110000010000
0000000000000000
1111110111101000
1110110010100000
1110001100001000
0000000000000000
1111110010101000
1111110000010000
1110110010100000
1111000010001000
0000000000000000
1111110010101000
1111110000010000
0000000000000001
1111110111100000
1110001100001000
0000000000000010
1111110111100000
1111110000010000
0000000000000000
1111110111101000
1110110010100000
1110001100001000
0000000000001010
1110110000010000
0000000000000000
1111110111101000
1110110010100000
1110001100001000
0000000000000000
1111110010101000
1111110000010000
1110110010100000
1111000111010000
0111001011110110
1110001100000100
0000000000000000
1111110010100000
1110101010001000
0111001011111001
1110101010000111
0000000000000000
1111110010100000
1110111010001000
0000000000000000
1111110010100000
1111110001001000
0000000000000000
1111110010101000
1111110000010000
0111001100111111
1110001100000101
0000000000000011
1111110000010000
0000000000000000
1111110111101000
1110110010100000
1110001100001000
0000000000000001
1111110111100000
1111110000010000
0000000000000000
1111110111101000
1110110010100000
1110001100001000
0111001100111000
1110110000010000
0000000000000000
1111110111101000
1110110010100000
1110001100001000
0000000000000001
1111110000010000
0000000000000000
1111110111101000
1110110010100000
1110001100001000
0000000000000010
1111110000010000
0000000000000000
1111110111101000
1110110010100000
1110001100001000
0000000000000011
1111110000010000
0000000000000000
1111110111101000
1110110010100000
1110001100001000
0000000000000100
1111110000010000
0000000000000000
1111110111101000
1110110010100000
1110001100001000
0000000000000000
1111110000010000
0000000000000111
1110010011010000
0000000000000010
1110001100001000
0000000000000000
1111110000010000
0000000000000001
1110001100001000
0110110110111111
1110101010000111
0000000000000000
1111110010101000
1111110000010000
0000000000000101
1110001100001000
0111001111100111
1110101010000111
0000000000000011
1111110000010000
0000000000000000
1111110111101000
1110110010100000
1110001100001000
0000000000000010
1111110111100000
1111110000010000
0000000000000000
1111110111101000
1110110010100000
1110001100001000
0000000000001010
1110110000010000
0000000000000000
1111110111101000
1110110010100000
1110001100001000
0111001101111100
1110110000010000
0000000000000000
1111110111101000
1110110010100000
1110001100001000
0000000000000001
1111110000010000
0000000000000000
1111110111101000
1110110010100000
1110001100001000
0000000000000010
1111110000010000
0000000000000000
1111110111101000
1110110010100000
1110001100001000
0000000000000011
1111110000010000
0000000000000000
1111110111101000
1110110010100000
1110001100001000
0000000000000100
1111110000010000
0000000000000000
1111110111101000
1110110010100000
1110001100001000
0000000000000000
1111110000010000
0000000000000111
1110010011010000
0000000000000010
1110001100001000
0000000000000000
1111110000010000
0000000000000001
1110001100001000
0001101110110001
1110101010000111
0111001110100110
1110110000010000
0000000000000000
1111110111101000
1110110010100000
1110001100001000
0000000000000001
1111110000010000
0000000000000000
1111110111101000
1110110010100000
1110001100001000
0000000000000010
1111110000010000
0000000000000000
1111110111101000
1110110010100000
1110001100001000
0000000000000011
1111110000010000
0000000000000000
1111110111101000
1110110010100000
1110001100001000
0000000000000100
1111110000010000
0000000000000000
1111110111101000
1110110010100000
1110001100001000
0000000000000000
1111110000010000
0000000000000111
1110010011010000
0000000000000010
1110001100001000
0000000000000000
1111110000010000
0000000000000001
1110001100001000
0111001000110111
1110101010000111
0000000000000000
1111110010101000
1111110000010000
0000000000000101
1110001100001000
0000000000000011
1111110000010000
0000000000000000
1111110111101000
1110110010100000
1110001100001000
0000000000000001
1111110111100000
1111110000010000
0000000000000000
1111110111101000
1110110010100000
1110001100001000
0111001111100010
1110110000010000
0000000000000000
1111110111101000
1110110010100000
1110001100001000
0000000000000001
1111110000010000
0000000000000000
1111110111101000
1110110010100000
1110001100001000
0000000000000010
1111110000010000
0000000000000000
1111110111101000
1110110010100000
1110001100001000
0000000000000011
1111110000010000
0000000000000000
1111110111101000
1110110010100000
1110001100001000
0000000000000100
1111110000010000
0000000000000000
1111110111101000
1110110010100000
1110001100001000
0000000000000000
1111110000010000
0000000000000111
1110010011010000
0000000000000010
1110001100001000
0000000000000000
1111110000010000
0000000000000001
1110001100001000
0110110110111111
1110101010000111
0000000000000000
1111110010101000
1111110000010000
0000000000000101
1110001100001000
0000000000000000
1110110000010000
0000000000000000
1111110111101000
1110110010100000
1110001100001000
0000000000000001
1111110000010000
0000000000001101
1110001100001000
0000000000000101
1110010011100000
1111110000010000
0000000000001110
1110001100001000
0000000000000000
1111110010101000
1111110000010000
0000000000000010
1111110000100000
1110001100001000
0000000000000010
1111110111010000
0000000000000000
1110001100001000
0000000000001101
1111110000010000
0000000000000001
1110010011100000
1111110000010000
0000000000000100
1110001100001000
0000000000001101
1111110000010000
0000000000000010
1110010011100000
1111110000010000
0000000000000011
1110001100001000
0000000000001101
1111110000010000
0000000000000011
1110010011100000
1111110000010000
0000000000000010
1110001100001000
0000000000001101
1111110000010000
0000000000000100
1110010011100000
1111110000010000
0000000000000001
1110001100001000
0000000000001110
1111110000100000
1110101010000111
0000000010000001
1110110000010000
0000000000000000
1111110111101000
1110110010100000
1110001100001000
0000000000000001
1111110000010000
0000000000001101
1110001100001000
0000000000000101
1110010011100000
1111110000010000
0000000000001110
1110001100001000
0000000000000000
1111110010101000
1111110000010000
0000000000000010
1111110000100000
1110001100001000
0000000000000010
1111110111010000
0000000000000000
1110001100001000
0000000000001101
1111110000010000
0000000000000001
1110010011100000
1111110000010000
0000000000000100
1110001100001000
0000000000001101
1111110000010000
0000000000000010
1110010011100000
1111110000010000
0000000000000011
1110001100001000
0000000000001101
1111110000010000
0000000000000011
1110010011100000
1111110000010000
0000000000000010
1110001100001000
0000000000001101
1111110000010000
0000000000000100
1110010011100000
1111110000010000
0000000000000001
1110001100001000
0000000000001110
1111110000100000
1110101010000111
0000000000100010
1110110000010000
0000000000000000
1111110111101000
1110110010100000
1110001100001000
0000000000000001
1111110000010000
0000000000001101
1110001100001000
0000000000000101
1110010011100000
1111110000010000
0000000000001110
1110001100001000
0000000000000000
1111110010101000
1111110000010000
0000000000000010
1111110000100000
1110001100001000
0000000000000010
1111110111010000
0000000000000000
1110001100001000
0000000000001101
1111110000010000
0000000000000001
1110010011100000
1111110000010000
0000000000000100
1110001100001000
0000000000001101
1111110000010000
0000000000000010
1110010011100000
1111110000010000
0000000000000011
1110001100001000
0000000000001101
1111110000010000
0000000000000011
1110010011100000
1111110000010000
0000000000000010
1110001100001000
0000000000001101
1111110000010000
0000000000000100
1110010011100000
1111110000010000
0000000000000001
1110001100001000
0000000000001110
1111110000100000
1110101010000111
0000000010000000
1110110000010000
0000000000000000
1111110111101000
1110110010100000
1110001100001000
0000000000000001
1111110000010000
0000000000001101
1110001100001000
0000000000000101
1110010011100000
1111110000010000
0000000000001110
1110001100001000
0000000000000000
1111110010101000
1111110000010000
0000000000000010
1111110000100000
1110001100001000
0000000000000010
1111110111010000
0000000000000000
1110001100001000
0000000000001101
1111110000010000
0000000000000001
1110010011100000
1111110000010000
0000000000000100
1110001100001000
0000000000001101
1111110000010000
0000000000000010
1110010011100000
1111110000010000
0000000000000011
1110001100001000
0000000000001101
1111110000010000
0000000000000011
1110010011100000
1111110000010000
0000000000000010
1110001100001000
0000000000001101
1111110000010000
0000000000000100
1110010011100000
1111110000010000
0000000000000001
1110001100001000
0000000000001110
1111110000100000
1110101010000111
0111010011110001
1110110000010000
0000000000000000
1111110111101000
1110110010100000
1110001100001000
0000000000000001
1111110000010000
0000000000000000
1111110111101000
1110110010100000
1110001100001000
0000000000000010
1111110000010000
0000000000000000
1111110111101000
1110110010100000
1110001100001000
0000000000000011
1111110000010000
0000000000000000
1111110111101000
1110110010100000
1110001100001000
0000000000000100
1111110000010000
0000000000000000
1111110111101000
1110110010100000
1110001100001000
0000000000000000
1111110000010000
0000000000000101
1110010011010000
0000000000000010
1110001100001000
0000000000000000
1111110000010000
0000000000000001
1110001100001000
0010001100000101
1110101010000111
0000000000000000
1111110010101000
1111110000010000
0000000000000101
1110001100001000
0111010100100000
1110110000010000
0000000000000000
1111110111101000
1110110010100000
1110001100001000
0000000000000001
1111110000010000
0000000000000000
1111110111101000
1110110010100000
1110001100001000
0000000000000010
1111110000010000
0000000000000000
1111110111101000
1110110010100000
1110001100001000
0000000000000011
1111110000010000
0000000000000000
1111110111101000
1110110010100000
1110001100001000
0000000000000100
1111110000010000
0000000000000000
1111110111101000
1110110010100000
1110001100001000
0000000000000000
1111110000010000
0000000000000101
1110010011010000
0000000000000010
1110001100001000
0000000000000000
1111110000010000
0000000000000001
1110001100001000
0001011011001111
1110101010000111
0000000000000000
1111110010101000
1111110000010000
0000000000000101
1110001100001000
0111010101001111
1110110000010000
0000000000000000
1111110111101000
1110110010100000
1110001100001000
0000000000000001
1111110000010000
0000000000000000
1111110111101000
1110110010100000
1110001100001000
0000000000000010
1111110000010000
0000000000000000
1111110111101000
1110110010100000
1110001100001000
0000000000000011
1111110000010000
0000000000000000
1111110111101000
1110110010100000
1110001100001000
0000000000000100
1111110000010000
0000000000000000
1111110111101000
1110110010100000
1110001100001000
0000000000000000
1111110000010000
0000000000000101
1110010011010000
0000000000000010
1110001100001000
0000000000000000
1111110000010000
0000000000000001
1110001100001000
0101001000111001
1110101010000111
0000000000000000
1111110010101000
1111110000010000
0000000000000101
1110001100001000
0111010101111110
1110110000010000
0000000000000000
1111110111101000
1110110010100000
1110001100001000
0000000000000001
1111110000010000
0000000000000000
1111110111101000
1110110010100000
1110001100001000
0000000000000010
1111110000010000
0000000000000000
1111110111101000
1110110010100000
1110001100001000
0000000000000011
1111110000010000
0000000000000000
1111110111101000
1110110010100000
1110001100001000
0000000000000100
1111110000010000
0000000000000000
1111110111101000
1110110010100000
1110001100001000
0000000000000000
1111110000010000
0000000000000101
1110010011010000
0000000000000010
1110001100001000
0000000000000000
1111110000010000
0000000000000001
1110001100001000
0000100010010111
1110101010000111
0000000000000000
1111110010101000
1111110000010000
0000000000000101
1110001100001000
0111010110101101
1110110000010000
0000000000000000
1111110111101000
1110110010100000
1110001100001000
0000000000000001
1111110000010000
0000000000000000
1111110111101000
1110110010100000
1110001100001000
0000000000000010
1111110000010000
0000000000000000
1111110111101000
1110110010100000
1110001100001000
0000000000000011
1111110000010000
0000000000000000
1111110111101000
1110110010100000
1110001100001000
0000000000000100
1111110000010000
0000000000000000
1111110111101000
1110110010100000
1110001100001000
0000000000000000
1111110000010000
0000000000000101
1110010011010000
0000000000000010
1110001100001000
0000000000000000
1111110000010000
0000000000000001
1110001100001000
0010100011111111
1110101010000111
0000000000000000
1111110010101000
1111110000010000
0000000000000101
1110001100001000
0111010111011100
1110110000010000
0000000000000000
1111110111101000
1110110010100000
1110001100001000
0000000000000001
1111110000010000
0000000000000000
1111110111101000
1110110010100000
1110001100001000
0000000000000010
1111110000010000
0000000000000000
1111110111101000
1110110010100000
1110001100001000
0000000000000011
1111110000010000
0000000000000000
1111110111101000
1110110010100000
1110001100001000
0000000000000100
1111110000010000
0000000000000000
1111110111101000
1110110010100000
1110001100001000
0000000000000000
1111110000010000
0000000000000101
1110010011010000
0000000000000010
1110001100001000
0000000000000000
1111110000010000
0000000000000001
1110001100001000
0000111000111001
1110101010000111
0000000000000000
1111110010101000
1111110000010000
0000000000000101
1110001100001000
0111011000001011
1110110000010000
0000000000000000
1111110111101000
1110110010100000
1110001100001000
0000000000000001
1111110000010000
0000000000000000
1111110111101000
1110110010100000
1110001100001000
0000000000000010
1111110000010000
0000000000000000
1111110111101000
1110110010100000
1110001100001000
0000000000000011
1111110000010000
0000000000000000
1111110111101000
1110110010100000
1110001100001000
0000000000000100
1111110000010000
0000000000000000
1111110111101000
1110110010100000
1110001100001000
0000000000000000
1111110000010000
0000000000000101
1110010011010000
0000000000000010
1110001100001000
0000000000000000
1111110000010000
0000000000000001
1110001100001000
0111011001001000
1110101010000111
0000000000000000
1111110010101000
1111110000010000
0000000000000101
1110001100001000
0000000000000000
1110110000010000
0000000000000000
1111110111101000
1110110010100000
1110001100001000
0000000000000001
1111110000010000
0000000000001101
1110001100001000
0000000000000101
1110010011100000
1111110000010000
0000000000001110
1110001100001000
0000000000000000
1111110010101000
1111110000010000
0000000000000010
1111110000100000
1110001100001000
0000000000000010
1111110111010000
0000000000000000
1110001100001000
0000000000001101
1111110000010000
0000000000000001
1110010011100000
1111110000010000
0000000000000100
1110001100001000
0000000000001101
1111110000010000
0000000000000010
1110010011100000
1111110000010000
0000000000000011
1110001100001000
0000000000001101
1111110000010000
0000000000000011
1110010011100000
1111110000010000
0000000000000010
1110001100001000
0000000000001101
1111110000010000
0000000000000100
1110010011100000
1111110000010000
0000000000000001
1110001100001000
0000000000001110
1111110000100000
1110101010000111
0000000000000000
1110110000010000
0000000000000000
1111110111101000
1110110010100000
1110001100001000
0000000000000000
1111110010100000
1111110001001000
0000000000000000
1111110010100000
1111110001001000
0000000000000000
1111110010101000
1111110000010000
0111011001011011
1110001100000101
0111011001001000
1110101010000111
0000000000000000
1110110000010000
0000000000000000
1111110111101000
1110110010100000
1110001100001000
0000000000000001
1111110000010000
0000000000001101
1110001100001000
0000000000000101
1110010011100000
1111110000010000
0000000000001110
1110001100001000
0000000000000000
1111110010101000
1111110000010000
0000000000000010
1111110000100000
1110001100001000
0000000000000010
1111110111010000
0000000000000000
1110001100001000
0000000000001101
1111110000010000
0000000000000001
1110010011100000
1111110000010000
0000000000000100
1110001100001000
0000000000001101
1111110000010000
0000000000000010
1110010011100000
1111110000010000
0000000000000011
1110001100001000
0000000000001101
1111110000010000
0000000000000011
1110010011100000
1111110000010000
0000000000000010
1110001100001000
0000000000001101
1111110000010000
0000000000000100
1110010011100000
1111110000010000
0000000000000001
1110001100001000
0000000000001110
1111110000100000
1110101010000111
0000000000000111
1110110000010000
0000000000000000
1111110111101000
1110110010100000
1110001100001000
0111011011000011
1110110000010000
0000000000000000
1111110111101000
1110110010100000
1110001100001000
0000000000000001
1111110000010000
0000000000000000
1111110111101000
1110110010100000
1110001100001000
0000000000000010
1111110000010000
0000000000000000
1111110111101000
1110110010100000
1110001100001000
0000000000000011
1111110000010000
0000000000000000
1111110111101000
1110110010100000
1110001100001000
0000000000000100
1111110000010000
0000000000000000
1111110111101000
1110110010100000
1110001100001000
0000000000000000
1111110000010000
0000000000000110
1110010011010000
0000000000000010
1110001100001000
0000000000000000
1111110000010000
0000000000000001
1110001100001000
0110101100000011
1110101010000111
0000000001000101
1110110000010000
0000000000000000
1111110111101000
1110110010100000
1110001100001000
0111011011110011
1110110000010000
0000000000000000
1111110111101000
1110110010100000
1110001100001000
0000000000000001
1111110000010000
0000000000000000
1111110111101000
1110110010100000
1110001100001000
0000000000000010
1111110000010000
0000000000000000
1111110111101000
1110110010100000
1110001100001000
0000000000000011
1111110000010000
0000000000000000
1111110111101000
1110110010100000
1110001100001000
0000000000000100
1111110000010000
0000000000000000
1111110111101000
1110110010100000
1110001100001000
0000000000000000
1111110000010000
0000000000000111
1110010011010000
0000000000000010
1110001100001000
0000000000000000
1111110000010000
0000000000000001
1110001100001000
0110110110111111
1110101010000111
0000000001010010
1110110000010000
0000000000000000
1111110111101000
1110110010100000
1110001100001000
0111011100100011
1110110000010000
0000000000000000
1111110111101000
1110110010100000
1110001100001000
0000000000000001
1111110000010000
0000000000000000
1111110111101000
1110110010100000
1110001100001000
0000000000000010
1111110000010000
0000000000000000
1111110111101000
1110110010100000
1110001100001000
0000000000000011
1111110000010000
0000000000000000
1111110111101000
1110110010100000
1110001100001000
0000000000000100
1111110000010000
0000000000000000
1111110111101000
1110110010100000
1110001100001000
0000000000000000
1111110000010000
0000000000000111
1110010011010000
0000000000000010
1110001100001000
0000000000000000
1111110000010000
0000000000000001
1110001100001000
0110110110111111
1110101010000111
0000000001010010
1110110000010000
0000000000000000
1111110111101000
1110110010100000
1110001100001000
0111011101010011
1110110000010000
0000000000000000
1111110111101000
1110110010100000
1110001100001000
0000000000000001
1111110000010000
0000000000000000
1111110111101000
1110110010100000
1110001100001000
0000000000000010
1111110000010000
0000000000000000
1111110111101000
1110110010100000
1110001100001000
0000000000000011
1111110000010000
0000000000000000
1111110111101000
1110110010100000
1110001100001000
0000000000000100
1111110000010000
0000000000000000
1111110111101000
1110110010100000
1110001100001000
0000000000000000
1111110000010000
0000000000000111
1110010011010000
0000000000000010
1110001100001000
0000000000000000
1111110000010000
0000000000000001
1110001100001000
0110110110111111
1110101010000111
0000000001001111
1110110000010000
0000000000000000
1111110111101000
1110110010100000
1110001100001000
0111011110000011
1110110000010000
0000000000000000
1111110111101000
1110110010100000
1110001100001000
0000000000000001
1111110000010000
0000000000000000
1111110111101000
1110110010100000
1110001100001000
0000000000000010
1111110000010000
0000000000000000
1111110111101000
1110110010100000
1110001100001000
0000000000000011
1111110000010000
0000000000000000
1111110111101000
1110110010100000
1110001100001000
0000000000000100
1111110000010000
0000000000000000
1111110111101000
1110110010100000
1110001100001000
0000000000000000
1111110000010000
0000000000000111
1110010011010000
0000000000000010
1110001100001000
0000000000000000
1111110000010000
0000000000000001
1110001100001000
0110110110111111
1110101010000111
0000000001010010
1110110000010000
0000000000000000
1111110111101000
1110110010100000
1110001100001000
0111011110110011
1110110000010000
0000000000000000
1111110111101000
1110110010100000
1110001100001000
0000000000000001
1111110000010000
0000000000000000
1111110111101000
1110110010100000
1110001100001000
0000000000000010
1111110000010000
0000000000000000
1111110111101000
1110110010100000
1110001100001000
0000000000000011
1111110000010000
0000000000000000
1111110111101000
1110110010100000
1110001100001000
0000000000000100
1111110000010000
0000000000000000
1111110111101000
1110110010100000
1110001100001000
0000000000000000
1111110000010000
0000000000000111
1110010011010000
0000000000000010
1110001100001000
0000000000000000
1111110000010000
0000000000000001
1110001100001000
0110110110111111
1110101010000111
0000000000111010
1110110000010000
0000000000000000
1111110111101000
1110110010100000
1110001100001000
0111011111100011
1110110000010000
0000000000000000
1111110111101000
1110110010100000
1110001100001000
0000000000000001
1111110000010000
0000000000000000
1111110111101000
1110110010100000
1110001100001000
0000000000000010
1111110000010000
0000000000000000
1111110111101000
1110110010100000
1110001100001000
0000000000000011
1111110000010000
0000000000000000
1111110111101000
1110110010100000
1110001100001000
0000000000000100
1111110000010000
0000000000000000
1111110111101000
1110110010100000
1110001100001000
0000000000000000
1111110000010000
0000000000000111
1110010011010000
0000000000000010
1110001100001000
0000000000000000
1111110000010000
0000000000000001
1110001100001000
0110110110111111
1110101010000111
0000000000100000
1110110000010000
0000000000000000
1111110111101000
1110110010100000
1110001100001000
0111100000010011
1110110000010000
0000000000000000
1111110111101000
1110110010100000
1110001100001000
0000000000000001
1111110000010000
0000000000000000
1111110111101000
1110110010100000
1110001100001000
0000000000000010
1111110000010000
0000000000000000
1111110111101000
1110110010100000
1110001100001000
0000000000000011
1111110000010000
0000000000000000
1111110111101000
1110110010100000
1110001100001000
0000000000000100
1111110000010000
0000000000000000
1111110111101000
1110110010100000
1110001100001000
0000000000000000
1111110000010000
0000000000000111
1110010011010000
0000000000000010
1110001100001000
0000000000000000
1111110000010000
0000000000000001
1110001100001000
0110110110111111
1110101010000111
0111100000111101
1110110000010000
0000000000000000
1111110111101000
1110110010100000
1110001100001000
0000000000000001
1111110000010000
0000000000000000
1111110111101000
1110110010100000
1110001100001000
0000000000000010
1111110000010000
0000000000000000
1111110111101000
1110110010100000
1110001100001000
0000000000000011
1111110000010000
0000000000000000
1111110111101000
1110110010100000
1110001100001000
0000000000000100
1111110000010000
0000000000000000
1111110111101000
1110110010100000
1110001100001000
0000000000000000
1111110000010000
0000000000000110
1110010011010000
0000000000000010
1110001100001000
0000000000000000
1111110000010000
0000000000000001
1110001100001000
0100011111001111
1110101010000111
0000000000000000
1111110010101000
1111110000010000
0000000000000101
1110001100001000
0000000000000010
1111110000100000
1111110000010000
0000000000000000
1111110111101000
1110110010100000
1110001100001000
0111100001110011
1110110000010000
0000000000000000
1111110111101000
1110110010100000
1110001100001000
0000000000000001
1111110000010000
0000000000000000
1111110111101000
1110110010100000
1110001100001000
0000000000000010
1111110000010000
0000000000000000
1111110111101000
1110110010100000
1110001100001000
0000000000000011
1111110000010000
0000000000000000
1111110111101000
1110110010100000
1110001100001000
0000000000000100
1111110000010000
0000000000000000
1111110111101000
1110110010100000
1110001100001000
0000000000000000
1111110000010000
0000000000000110
1110010011010000
0000000000000010
1110001100001000
0000000000000000
1111110000010000
0000000000000001
1110001100001000
0100100011101010
1110101010000111
0000000000000000
1111110010101000
1111110000010000
0000000000000101
1110001100001000
0111100010100010
1110110000010000
0000000000000000
1111110111101000
1110110010100000
1110001100001000
0000000000000001
1111110000010000
0000000000000000
1111110111101000
1110110010100000
1110001100001000
0000000000000010
1111110000010000
0000000000000000
1111110111101000
1110110010100000
1110001100001000
0000000000000011
1111110000010000
0000000000000000
1111110111101000
1110110010100000
1110001100001000
0000000000000100
1111110000010000
0000000000000000
1111110111101000
1110110010100000
1110001100001000
0000000000000000
1111110000010000
0000000000000101
1110010011010000
0000000000000010
1110001100001000
0000000000000000
1111110000010000
0000000000000001
1110001100001000
0000000000010000
1110101010000111
0000000000000000
1111110010101000
1111110000010000
0000000000000101
1110001100001000
0111100011010001
1110110000010000
0000000000000000
1111110111101000
1110110010100000
1110001100001000
0000000000000001
1111110000010000
0000000000000000
1111110111101000
1110110010100000
1110001100001000
0000000000000010
1111110000010000
0000000000000000
1111110111101000
1110110010100000
1110001100001000
0000000000000011
1111110000010000
0000000000000000
1111110111101000
1110110010100000
1110001100001000
0000000000000100
1111110000010000
0000000000000000
1111110111101000
1110110010100000
1110001100001000
0000000000000000
1111110000010000
0000000000000101
1110010011010000
0000000000000010
1110001100001000
0000000000000000
1111110000010000
0000000000000001
1110001100001000
0111011001001000
1110101010000111
0000000000000000
1111110010101000
1111110000010000
0000000000000101
1110001100001000
0000000000000000
1110110000010000
0000000000000000
1111110111101000
1110110010100000
1110001100001000
0000000000000001
1111110000010000
0000000000001101
1110001100001000
0000000000000101
1110010011100000
1111110000010000
0000000000001110
1110001100001000
0000000000000000
1111110010101000
1111110000010000
0000000000000010
1111110000100000
1110001100001000
0000000000000010
1111110111010000
0000000000000000
1110001100001000
0000000000001101
1111110000010000
0000000000000001
1110010011100000
1111110000010000
0000000000000100
1110001100001000
0000000000001101
1111110000010000
0000000000000010
1110010011100000
1111110000010000
0000000000000011
1110001100001000
0000000000001101
1111110000010000
0000000000000011
1110010011100000
1111110000010000
0000000000000010
1110001100001000
0000000000001101
1111110000010000
0000000000000100
1110010011100000
1111110000010000
0000000000000001
1110001100001000
0000000000001110
1111110000100000
1110101010000111
0000000000000000
1111110000100000
1110101010001000
1110110111100000
1110110000010000
0000000000000000
1110001100001000
0000000000000010
1111110000100000
1111110000010000
0000000000000000
1111110111101000
1110110010100000
1110001100001000
0000000000000000
1111110010101000
1111110000010000
0000000000000001
1111110000100000
1110001100001000
0000000000000001
1111110000100000
1111110000010000
0000000000000000
1111110111101000
1110110010100000
1110001100001000
0000000000000000
1110110000010000
0000000000000000
1111110111101000
1110110010100000
1110001100001000
0000000000000000
1111110010101000
1111110000010000
1110110010100000
1111000111010000
0111100100111011
1110001100000001
0000000000000000
1111110010100000
1110101010001000
0111100100111110
1110101010000111
0000000000000000
1111110010100000
1110111010001000
0000000000000000
1111110010100000
1111110001001000
0000000000000000
1111110010101000
1111110000010000
0111100101100000
1110001100000101
0000000000000001
1111110000100000
1111110000010000
0000000000000000
1111110111101000
1110110010100000
1110001100001000
0000000000000001
1110110000010000
0000000000000000
1111110111101000
1110110010100000
1110001100001000
0000000000000000
1111110010101000
1111110000010000
1110110010100000
1111000111001000
0000000000000000
1111110010101000
1111110000010000
0000000000000001
1111110000100000
1110001100001000
0111100100100010
1110101010000111
0000000000000000
1110110000010000
0000000000000000
1111110111101000
1110110010100000
1110001100001000
0000000000000001
1111110000010000
0000000000001101
1110001100001000
0000000000000101
1110010011100000
1111110000010000
0000000000001110
1110001100001000
0000000000000000
1111110010101000
1111110000010000
0000000000000010
1111110000100000
1110001100001000
0000000000000010
1111110111010000
0000000000000000
1110001100001000
0000000000001101
1111110000010000
0000000000000001
1110010011100000
1111110000010000
0000000000000100
1110001100001000
0000000000001101
1111110000010000
0000000000000010
1110010011100000
1111110000010000
0000000000000011
1110001100001000
0000000000001101
1111110000010000
0000000000000011
1110010011100000
1111110000010000
0000000000000010
1110001100001000
0000000000001101
1111110000010000
0000000000000100
1110010011100000
1111110000010000
0000000000000001
1110001100001000
0000000000001110
1111110000100000
1110101010000111
